date,nav_gross,nav_net
2020-02-28,1.0,1.0
2020-03-02,1.0,1.0
2020-03-03,1.0,1.0
2020-03-04,1.0,1.0
2020-03-05,1.0,1.0
2020-03-06,1.0,1.0
2020-03-09,1.0,1.0
2020-03-10,1.0,1.0
2020-03-11,1.0,1.0
2020-03-12,1.0,1.0
2020-03-13,1.0,1.0
2020-03-16,1.0,1.0
2020-03-17,1.0,1.0
2020-03-18,1.0,1.0
2020-03-19,1.0,1.0
2020-03-20,1.0,1.0
2020-03-23,1.0,1.0
2020-03-24,1.0,1.0
2020-03-25,1.0,1.0
2020-03-26,1.0,1.0
2020-03-27,1.0,1.0
2020-03-30,1.0,1.0
2020-03-31,1.0,1.0
2020-04-01,1.0,1.0
2020-04-02,1.0,1.0
2020-04-03,1.0,1.0
2020-04-06,1.0,1.0
2020-04-07,1.0,1.0
2020-04-08,1.0,1.0
2020-04-09,1.0,1.0
2020-04-10,1.0,1.0
2020-04-13,1.0,1.0
2020-04-14,1.0,1.0
2020-04-15,1.0,1.0
2020-04-16,1.0,1.0
2020-04-17,1.0,1.0
2020-04-20,1.0,1.0
2020-04-21,1.0,1.0
2020-04-22,1.0,1.0
2020-04-23,1.0,1.0
2020-04-24,1.0,1.0
2020-04-27,1.0,1.0
2020-04-28,1.0,1.0
2020-04-29,1.0,1.0
2020-04-30,1.0,1.0
2020-05-01,1.0,1.0
2020-05-04,1.0,1.0
2020-05-05,1.0,1.0
2020-05-06,1.0,1.0
2020-05-07,1.0,1.0
2020-05-08,1.0,1.0
2020-05-11,1.0,1.0
2020-05-12,1.0,1.0
2020-05-13,1.0,1.0
2020-05-14,1.0,1.0
2020-05-15,1.0,1.0
2020-05-18,1.0,1.0
2020-05-19,1.0,1.0
2020-05-20,1.0,1.0
2020-05-21,1.0,1.0
2020-05-22,1.0,1.0
2020-05-25,1.0,1.0
2020-05-26,1.0,1.0
2020-05-27,1.0,1.0
2020-05-28,1.0,1.0
2020-05-29,1.0,0.9997561924665009
2020-06-01,1.0022653461941484,1.0020053512287668
2020-06-02,1.0049844212837888,1.0047080290145536
2020-06-03,1.011139003099428,1.0108451281554072
2020-06-04,1.0131643490808804,1.0128538422058064
2020-06-05,1.018577795640188,1.0182496253784559
2020-06-08,1.0218803782590948,1.0215347135193216
2020-06-09,1.0212633446013308,1.0209013727188767
2020-06-10,1.020402521792074,1.0200243910630233
2020-06-11,1.0136525807789327,1.013260459097939
2020-06-12,1.0103373251999521,1.0099307514807565
2020-06-15,1.0087182460731592,1.008296529192843
2020-06-16,1.0165439199345967,1.0161031867678763
2020-06-17,1.0140091255834596,1.013553290689445
2020-06-18,1.0123674211384148,1.011896133231377
2020-06-19,1.0122767721597274,1.0117893496393986
2020-06-22,1.0118226030924553,1.0113192254706629
2020-06-23,1.017309385903802,1.0167870674729045
2020-06-24,1.0152529532963748,1.0147152983903789
2020-06-25,1.0131978637036267,1.0126452345883195
2020-06-26,1.012609802675128,1.012041377596923
2020-06-29,1.012510990596298,1.0119267362800608
2020-06-30,1.0158551213418492,1.0152450584879513
2020-07-01,1.0154803746432552,1.0148540822038516
2020-07-02,1.0180680439027794,1.0174236592896506
2020-07-03,1.018056194862946,1.0173951278822322
2020-07-06,1.019809589063567,1.0191307167018062
2020-07-07,1.0212971131649127,1.0206004625512255
2020-07-08,1.0217232240222263,1.0210096027111548
2020-07-09,1.022502419071689,1.0217715564857468
2020-07-10,1.0231597242082324,1.0224116714591325
2020-07-13,1.0252573139842747,1.0244909204642072
2020-07-14,1.0252027473692162,1.0244195982119273
2020-07-15,1.0276494680281116,1.0268476053467366
2020-07-16,1.0273184402046616,1.0264997998752974
2020-07-17,1.0270102686596023,1.0261749170820127
2020-07-20,1.0293215167009884,1.028467333319031
2020-07-21,1.032241246835362,1.0313674475246044
2020-07-22,1.0342663545458572,1.0333736506021127
2020-07-23,1.0346453073719963,1.0337350637582114
2020-07-24,1.0323162762207778,1.0313910518993818
2020-07-27,1.0343706609078198,1.0334267126779357
2020-07-28,1.03751140522751,1.0365475724733595
2020-07-29,1.0366436744246537,1.0356636713169285
2020-07-30,1.0361327949133856,1.0351362281917966
2020-07-31,1.0388444100949135,1.0378164687339426
2020-08-03,1.0399579005780402,1.0389113122655091
2020-08-04,1.0415703114593802,1.04050434924929
2020-08-05,1.0432826946603084,1.0421971469501932
2020-08-06,1.044560520958179,1.0434557205749702
2020-08-07,1.042718163464632,1.04159731555711
2020-08-10,1.0411759160906278,1.0400387815847958
2020-08-11,1.0382936766962427,1.0371417838224208
2020-08-12,1.0400213134319685,1.038849657993849
2020-08-13,1.0399495167008241,1.0387598494086432
2020-08-14,1.0397331701354666,1.038525623568647
2020-08-17,1.043021883407012,1.0417924417183055
2020-08-18,1.0445821466052294,1.0433327146266105
2020-08-19,1.0462775088368796,1.0450078378817333
2020-08-20,1.042845108941134,1.0415613598340097
2020-08-21,1.0415963413261518,1.0402959483488263
2020-08-24,1.0407686332222887,1.039451030020054
2020-08-25,1.0416183834615091,1.0402813005624896
2020-08-26,1.0451762026988058,1.043816053388407
2020-08-27,1.0455054924854912,1.044126200210026
2020-08-28,1.0471211929823425,1.0457210958316612
2020-08-31,1.0514705500315564,1.0500330557654762
2020-09-01,1.052185547600747,1.0507277419844097
2020-09-02,1.0536484534679615,1.0521691557866568
2020-09-03,1.048086701784684,1.0465954980563865
2020-09-04,1.0456096509953225,1.044102834400203
2020-09-07,1.0463043760580715,1.0447776362727164
2020-09-08,1.045603241548616,1.0440585472766228
2020-09-09,1.0452152381730333,1.0436521907635192
2020-09-10,1.0446511324215504,1.0430696855681891
2020-09-11,1.0437406456479577,1.042141540576478
2020-09-14,1.046341158123364,1.0447190265611437
2020-09-15,1.047821542006684,1.0461778789025238
2020-09-16,1.0476256733010236,1.0459629390382934
2020-09-17,1.0460147922262197,1.0443353465249792
2020-09-18,1.0469465767926849,1.045246558968237
2020-09-21,1.0427920396637853,1.0410798419739293
2020-09-22,1.0414718847183448,1.0397431576577496
2020-09-23,1.0365738414173573,1.0348344141189045
2020-09-24,1.034291131763674,1.032537014077029
2020-09-25,1.0358918864042723,1.034116576792729
2020-09-28,1.0384078264473664,1.0366095304562846
2020-09-29,1.0396453794058231,1.03782592501013
2020-09-30,1.042056660297232,1.0402059373123627
2020-10-01,1.040124515561967,1.0382580459602337
2020-10-02,1.0402905338871373,1.0384044872227953
2020-10-05,1.0422469679765813,1.0403383039955518
2020-10-06,1.0435868338637195,1.0416563497965445
2020-10-07,1.0422092974080437,1.0402621208016498
2020-10-08,1.044270507511429,1.0423000610282673
2020-10-09,1.0462692205121258,1.0442754472763907
2020-10-12,1.0486545296784175,1.0466365001116498
2020-10-13,1.046820969914231,1.0447864263672404
2020-10-14,1.0451886996237225,1.0431373426500572
2020-10-15,1.0443283905211367,1.0422588646215123
2020-10-16,1.0424056963750972,1.0403203023462095
2020-10-19,1.0425406258732546,1.040435259733169
2020-10-20,1.0437137571023931,1.041586490016967
2020-10-21,1.0440295818015772,1.0418821062429644
2020-10-22,1.0453603446066786,1.04319062431099
2020-10-23,1.0448812813503978,1.0426930211530394
2020-10-26,1.0423897963239561,1.0401871611617453
2020-10-27,1.0422659481467413,1.0400443094521303
2020-10-28,1.0367694630914732,1.034540323832857
2020-10-29,1.0355005384485472,1.0332555100556784
2020-10-30,1.032336761948237,1.0300714322059787
2020-11-02,1.0340686042224416,1.031780447760248
2020-11-03,1.0366404238470985,1.0343273360556293
2020-11-04,1.0435946664163422,1.0412464968355688
2020-11-05,1.0452968764628048,1.0429247960833867
2020-11-06,1.0482961673960456,1.0458968053628448
2020-11-09,1.0508449275047642,1.0484191772174483
2020-11-10,1.0532678934786008,1.0508155945161386
2020-11-11,1.0556230807962308,1.053144476295028
2020-11-12,1.0556261867406056,1.053126486790992
2020-11-13,1.055387074086531,1.0528670117093655
2020-11-16,1.0597668906487019,1.0572152950141025
2020-11-17,1.06002624451851,1.0574526793369574
2020-11-18,1.058676600076022,1.0560849848606213
2020-11-19,1.0580309125194316,1.0554196673755434
2020-11-20,1.0587290286547013,1.0560948437467714
2020-11-23,1.0591294661471533,1.0564731268066094
2020-11-24,1.0610299486875263,1.0583476574909656
2020-11-25,1.063685590069517,1.0609751542060009
2020-11-26,1.06453815817637,1.0618040430505926
2020-11-27,1.064316961488754,1.0615618640045767
2020-11-30,1.0647345160198038,1.0619468907247618
2020-12-01,1.0670251760032696,1.0642114193027037
2020-12-02,1.0704418459225515,1.067598719770144
2020-12-03,1.071128736548778,1.0682633641443482
2020-12-04,1.0722126997669386,1.0693239989013377
2020-12-07,1.0707322314219139,1.0678269489977237
2020-12-08,1.0699191643759638,1.0669955610545923
2020-12-09,1.0687217703840144,1.0657808892446254
2020-12-10,1.0691757653634357,1.066213217695944
2020-12-11,1.0697083187766399,1.0667239050055672
2020-12-14,1.0703077028654466,1.0673012818883159
2020-12-15,1.0720543082404654,1.0690225968263454
2020-12-16,1.07294732245802,1.069892534913792
2020-12-17,1.0770029098840395,1.0739159278854846
2020-12-18,1.0794633770577988,1.0763485648631292
2020-12-21,1.0752472803337132,1.0721238756875813
2020-12-22,1.0749319901508547,1.0717889638351563
2020-12-23,1.0748202383640217,1.0716569579730304
2020-12-24,1.0766722425020476,1.0734829124894982
2020-12-25,1.0779841970778457,1.0747703152465147
2020-12-28,1.0783393325065016,1.0751037315955623
2020-12-29,1.0788181181711562,1.0755603918133374
2020-12-30,1.07955043297363,1.076269718571746
2020-12-31,1.0814517600864086,1.0781292771267441
2021-01-01,1.0786446377794596,1.0753074009419938
2021-01-04,1.0807987558920653,1.077431478712131
2021-01-05,1.0816861533623991,1.0782927377487015
2021-01-06,1.0826179982649229,1.0791982084067728
2021-01-07,1.0875846726803504,1.0841256716482812
2021-01-08,1.0869044030691628,1.083423682883419
2021-01-11,1.0826900361646896,1.0791987408366737
2021-01-12,1.0829810143962397,1.0794649417681774
2021-01-13,1.0858820702574399,1.0823327660399735
2021-01-14,1.0850735420320676,1.0815029294626108
2021-01-15,1.0825896755707882,1.07900331051985
2021-01-18,1.0793966411749787,1.0757971258783274
2021-01-19,1.0796485968690352,1.0760245852459502
2021-01-20,1.0834413995500949,1.0797809493344173
2021-01-21,1.0838286163438875,1.080142840125886
2021-01-22,1.0840299283766857,1.0803193694429436
2021-01-25,1.084421675252656,1.0806857383240345
2021-01-26,1.0841026604201336,1.080343753872394
2021-01-27,1.0817924684195876,1.0780175002195973
2021-01-28,1.079750168709254,1.075958717383572
2021-01-29,1.0781045270452336,1.0742708963677647
2021-02-01,1.0814391317642027,1.077568099784467
2021-02-02,1.082960470114633,1.0790580038491293
2021-02-03,1.0834968703779235,1.0795661434946293
2021-02-04,1.0838500512337699,1.07989168504012
2021-02-05,1.0854235197005133,1.0814328492560628
2021-02-08,1.0909263146617638,1.0868887735245634
2021-02-09,1.0921141835010304,1.0880453436593338
2021-02-10,1.0936945358852885,1.0895929032031468
2021-02-11,1.0932435133489995,1.089116644281597
2021-02-12,1.0951110701196587,1.0909501269353368
2021-02-15,1.0970260164707457,1.0928306448404368
2021-02-16,1.0982238655350463,1.0939966375636179
2021-02-17,1.09642379654488,1.0921761910778585
2021-02-18,1.0958641865233258,1.0915916024432863
2021-02-19,1.0985355381235216,1.0942255207982279
2021-02-22,1.1023340366225562,1.0979820941870295
2021-02-23,1.1034729036324868,1.0990896909341306
2021-02-24,1.1074616405439381,1.103035811532418
2021-02-25,1.107485529045555,1.103032647900738
2021-02-26,1.0988399761867789,1.094376391768918
2021-03-01,1.0992751359095587,1.0947835701353206
2021-03-02,1.0985431354642765,1.094027758377435
2021-03-03,1.098262147408773,1.0937213836501685
2021-03-04,1.0938488062401093,1.0893000314675492
2021-03-05,1.0952059707957398,1.0906256590580368
2021-03-08,1.0928462636967204,1.0882497753425027
2021-03-09,1.093625350831182,1.088999684402065
2021-03-10,1.095939103070218,1.0912773328054943
2021-03-11,1.1004137817119766,1.0957065314543988
2021-03-12,1.1022030704487622,1.0974613741709307
2021-03-15,1.1018100206072818,1.0970432099926475
2021-03-16,1.100729268491051,1.095940224701814
2021-03-17,1.0998645035942392,1.0950522522713713
2021-03-18,1.0997625732842409,1.0949237559641833
2021-03-19,1.0977210464973548,1.0928644584077292
2021-03-22,1.0964312952572899,1.09155376293238
2021-03-23,1.0937112859956948,1.0888191115396384
2021-03-24,1.088831457037761,1.0839344841683665
2021-03-25,1.0865878066450474,1.0816745748937238
2021-03-26,1.0912773826099917,1.0863165422787582
2021-03-29,1.0927903397511907,1.087795873483669
2021-03-30,1.0910407849224109,1.08602754492252
2021-03-31,1.0907869961205185,1.0857356052257714
2021-04-01,1.0940444901096922,1.0889518797522526
2021-04-02,1.0963801825182966,1.091250278493217
2021-04-05,1.0967032485583796,1.0915453545807885
2021-04-06,1.0974976987314362,1.0923095655740147
2021-04-07,1.0975286831436248,1.0923139506936461
2021-04-08,1.0973332886370464,1.0920929753936035
2021-04-09,1.0977204796413758,1.0924516692028512
2021-04-12,1.0958687500674225,1.0905820145162453
2021-04-13,1.0976198396736707,1.092297935124815
2021-04-14,1.099154720400039,1.0937984901722564
2021-04-15,1.104679041028215,1.0992690965017318
2021-04-16,1.1055028405091272,1.1000618028570526
2021-04-19,1.1041413053004898,1.0986797951132263
2021-04-20,1.1046002117371294,1.0991094001251316
2021-04-21,1.1047689083247725,1.0992504869813602
2021-04-22,1.1050562416632808,1.0995094790955469
2021-04-23,1.1040907395219712,1.0985219371363577
2021-04-26,1.107703082770987,1.1020890175562388
2021-04-27,1.1104882080972547,1.1048328544266326
2021-04-28,1.1091630803643662,1.1034873851711526
2021-04-29,1.1102950877329665,1.1045865470338376
2021-04-30,1.108341353405448,1.1026051604198963
2021-05-03,1.1061450706429208,1.1003926434406914
2021-05-04,1.1058567645829702,1.100078252079036
2021-05-05,1.1055654389839245,1.0997611750455947
2021-05-06,1.1077260521764458,1.1018830692372
2021-05-07,1.110381425901885,1.1044969366942026
2021-05-10,1.1123947869303088,1.1064718936052667
2021-05-11,1.109523029475819,1.103587898473098
2021-05-12,1.10697785061738,1.1010291761307913
2021-05-13,1.103373738570435,1.0974177044161608
2021-05-14,1.1062688513333652,1.1002704009510564
2021-05-17,1.1090722017095442,1.1030314009037878
2021-05-18,1.1089631180598463,1.1028958288398232
2021-05-19,1.1075716506276625,1.1014849514518559
2021-05-20,1.1073204852551817,1.1012082817375313
2021-05-21,1.1085357086922236,1.1023896054686622
2021-05-24,1.1092113680003401,1.103034258431237
2021-05-25,1.11077530418904,1.104562011996493
2021-05-26,1.1120398058643914,1.105791958112022
2021-05-27,1.1127623869661678,1.106482932502867
2021-05-28,1.1149658968788771,1.1086465141385593
2021-05-31,1.1136786532290055,1.10733183776214
2021-06-01,1.1153153936620122,1.1089316357213967
2021-06-02,1.1148369900408175,1.1084282629308078
2021-06-03,1.1121267668526582,1.1057058518259804
2021-06-04,1.1120987953752899,1.105650398194538
2021-06-07,1.113647602635059,1.1071624333527534
2021-06-08,1.114419225775623,1.1079017008372942
2021-06-09,1.1131463657523295,1.106608401271059
2021-06-10,1.1133958926868475,1.1068286244299355
2021-06-11,1.1141094792302517,1.1075100338264856
2021-06-14,1.1128408097569151,1.1062208174695223
2021-06-15,1.1125627745223323,1.105916306065272
2021-06-16,1.1122553725316844,1.105582633256502
2021-06-17,1.1059069907336732,1.099244308912791
2021-06-18,1.1015371479772267,1.094872803122096
2021-06-21,1.1008819115477766,1.0941939160489509
2021-06-22,1.104169610617147,1.0974339138844493
2021-06-23,1.1053903963602716,1.0986192751045154
2021-06-24,1.10691090686408,1.1001025840818683
2021-06-25,1.107402728796735,1.1005633160956092
2021-06-28,1.1069961838458693,1.100131176108531
2021-06-29,1.1061626892373628,1.0992746798747297
2021-06-30,1.104651531860632,1.0977376263806709
2021-07-01,1.1050427543380688,1.0980975382674065
2021-07-02,1.1058910674977807,1.0989116256048537
2021-07-05,1.1058807294163822,1.0988722939539919
2021-07-06,1.1063472004575388,1.0993067464399946
2021-07-07,1.1055274566947753,1.0984632072022744
2021-07-08,1.1026464129010334,1.0955715102853576
2021-07-09,1.1038512324173018,1.0967398853806676
2021-07-12,1.1071124591034822,1.0999510336108331
2021-07-13,1.1072201504678478,1.1000287786695362
2021-07-14,1.1042830438818283,1.0970815308692372
2021-07-15,1.1049402209202837,1.0977052476862736
2021-07-16,1.1024199008685536,1.095172407260908
2021-07-19,1.0961446200514253,1.088909575134916
2021-07-20,1.0965089676052115,1.0892431939409282
2021-07-21,1.098534095576847,1.0912263062210714
2021-07-22,1.1007611128233745,1.0934096346756967
2021-07-23,1.1031383704095727,1.095742006346756
2021-07-26,1.104630180425395,1.0971945273375554
2021-07-27,1.1041740065803032,1.0967121166909841
2021-07-28,1.1039683056017353,1.0964786641869777
2021-07-29,1.1059373556688148,1.0984051333426395
2021-07-30,1.104600161304008,1.0970341878186791
2021-08-02,1.1030402373424442,1.0954557256398798
2021-08-03,1.1031491354405312,1.0955345919092851
2021-08-04,1.103014533650927,1.0953714907812193
2021-08-05,1.1038983562611149,1.0962197576464123
2021-08-06,1.1029714907486996,1.0952697804511224
2021-08-09,1.0994584764863986,1.0917517323096453
2021-08-10,1.1006106294725597,1.0928662925625907
2021-08-11,1.1019219387337238,1.0941388789422715
2021-08-12,1.1032795041244496,1.0954573253908382
2021-08-13,1.1031880429617729,1.0953368589278687
2021-08-16,1.1028282832844476,1.0949499664213362
2021-08-17,1.0996886970905462,1.091803125313878
2021-08-18,1.094344215667812,1.0864674598874584
2021-08-19,1.0923272595374922,1.0844357555324733
2021-08-20,1.091605022673975,1.0836895753637068
2021-08-23,1.0961201898769706,1.0881426743282467
2021-08-24,1.0987276101647556,1.0907014652469833
2021-08-25,1.0995661545344966,1.091504129215879
2021-08-26,1.1002845645694264,1.0921874788786592
2021-08-27,1.1023352045889603,1.0941933615079353
2021-08-30,1.1051372403252382,1.096944843696773
2021-08-31,1.1056003514221795,1.0973638135314523
2021-09-01,1.1070000336126733,1.0987214828760152
2021-09-02,1.1094820759281212,1.1011532540434852
2021-09-03,1.1120565619025407,1.1036766360141887
2021-09-06,1.1143172489199404,1.1058884495780086
2021-09-07,1.113958691446049,1.1055006100308309
2021-09-08,1.1129035334410067,1.1044214897560605
2021-09-09,1.1119149887015283,1.103408648614672
2021-09-10,1.1124982680586863,1.1039557577743162
2021-09-13,1.112870737814204,1.1042937695677653
2021-09-14,1.1129664955027263,1.1043571389763462
2021-09-15,1.112639861867979,1.1040014513545386
2021-09-16,1.1112806313653987,1.1026211298977353
2021-09-17,1.1081144211210556,1.0994479173082123
2021-09-20,1.103455098813558,1.0947936672989032
2021-09-21,1.1030152569971898,1.0943264743660182
2021-09-22,1.1042794453037406,1.095549801662143
2021-09-23,1.1050362249713628,1.0962694281230638
2021-09-24,1.1084361891799903,1.0996109724451233
2021-09-27,1.1070833768746664,1.0982374950072042
2021-09-28,1.1022939816811108,1.0934550476850378
2021-09-29,1.0997395405852284,1.0908904766362535
2021-09-30,1.0954531474092664,1.0865981149427817
2021-10-01,1.0955533326095857,1.0866677383112486
2021-10-04,1.0954118901455463,1.0864976052660396
2021-10-05,1.0965638268166173,1.0876107296586894
2021-10-06,1.0956633252549355,1.0866878537256215
2021-10-07,1.0964677761019117,1.0874560413646661
2021-10-08,1.0977303524662114,1.0886782589753243
2021-10-11,1.098257652701833,1.0891713026880228
2021-10-12,1.0983903988139818,1.0892731480902622
2021-10-13,1.1005446124457918,1.0913798327616642
2021-10-14,1.1067816204057057,1.0975351343558781
2021-10-15,1.1094952628990968,1.1001957856214963
2021-10-18,1.1114110986993349,1.102065010585244
2021-10-19,1.1129556224728256,1.1035659363979784
2021-10-20,1.116315365827049,1.1068665189139202
2021-10-21,1.1151870806740387,1.10571692144288
2021-10-22,1.1134003394635428,1.103914467864422
2021-10-25,1.1141323908054896,1.1046094240995725
2021-10-26,1.115101540413934,1.105539294516057
2021-10-27,1.1141077151285488,1.1045228546927635
2021-10-28,1.114428972495125,1.104810276410685
2021-10-29,1.1166925433882493,1.1070067367302028
2021-11-01,1.1155426801678645,1.1058376884033343
2021-11-02,1.115582540186,1.1058479612803107
2021-11-03,1.1132787484469977,1.1035349158973966
2021-11-04,1.1163452308038813,1.1065450335440636
2021-11-05,1.114335989586333,1.1045236946897883
2021-11-08,1.1145990670555408,1.1047546738741558
2021-11-09,1.1160007463230914,1.1061142044957988
2021-11-10,1.1128379763219503,1.10294980168185
2021-11-11,1.1111407115091096,1.1012381827590754
2021-11-12,1.1118466994188256,1.1019084749160304
2021-11-15,1.1122687339861317,1.1022971379818503
2021-11-16,1.1107347992084868,1.1007473242243977
2021-11-17,1.1092305818057948,1.0992269188093715
2021-11-18,1.1096082863335723,1.0995715963739985
2021-11-19,1.1106561834715456,1.100580283138785
2021-11-22,1.10544173009934,1.0953833747916082
2021-11-23,1.1046099982268345,1.094529665629159
2021-11-24,1.105192261778777,1.095077198105033
2021-11-25,1.1033255827678607,1.0931981394131816
2021-11-26,1.0996608313041132,1.089537548751739
2021-11-29,1.1018219451818678,1.0916496736038426
2021-11-30,1.0970228258793835,1.0868495997130472
2021-12-01,1.0968774901893925,1.0866755010370928
2021-12-02,1.0964944361179825,1.0862659451498398
2021-12-03,1.095257979128062,1.0850108624713284
2021-12-06,1.096024310351984,1.0857401387038534
2021-12-07,1.1022947315974148,1.0919215543004406
2021-12-08,1.103068635828548,1.0926572472608185
2021-12-09,1.102328803926381,1.0918934263082314
2021-12-10,1.1021884564220077,1.0917236744418222
2021-12-13,1.1017811542749958,1.091289367031277
2021-12-14,1.0984159004692378,1.0879255254054154
2021-12-15,1.0998053119614843,1.0892713179529923
2021-12-16,1.103731873506268,1.0931295182150267
2021-12-17,1.1017709686396435,1.0911568917829106
2021-12-20,1.0950136388946305,1.0844343457280143
2021-12-21,1.1002641859486195,1.0896042877667624
2021-12-22,1.1050474354312685,1.0943107275813075
2021-12-23,1.1090786907208745,1.0982720553100223
2021-12-24,1.109728966138022,1.0988849667282679
2021-12-27,1.109253147247961,1.0983827821627097
2021-12-28,1.1101204924638166,1.0992106219021893
2021-12-29,1.109208427429032,1.0982764963835139
2021-12-30,1.110893241793136,1.0999137348329004
2021-12-31,1.1095230678546688,1.0985096517112056
2022-01-03,1.110243292403841,1.0991953823567093
2022-01-04,1.109221565588494,1.098156325180473
2022-01-05,1.1078990689985435,1.0968196268275847
2022-01-06,1.1061710779152656,1.095081968462025
2022-01-07,1.1039860042956444,1.0928920323013234
2022-01-10,1.1040760526029147,1.0929545615715763
2022-01-11,1.107340024970079,1.0961591062209766
2022-01-12,1.1109136001930242,1.0996698026369174
2022-01-13,1.1099520919129324,1.098691049285872
2022-01-14,1.1088206812851633,1.0975444615478838
2022-01-17,1.1073887445186867,1.096100444897099
2022-01-18,1.1064311554010493,1.0951259407698892
2022-01-19,1.1035749969773896,1.0922723656420914
2022-01-20,1.104474431712573,1.0931362840371872
2022-01-21,1.098973397356735,1.0876655404411621
2022-01-24,1.0964661072373587,1.0851583866306163
2022-01-25,1.0949983459877954,1.0836802460156008
2022-01-26,1.0955800710351913,1.0842307746755564
2022-01-27,1.0911548219744611,1.079826092533548
2022-01-28,1.0900982366544845,1.0787554591685733
2022-01-31,1.0932073949541155,1.0817968009209737
2022-02-01,1.0976008750836095,1.086119685381405
2022-02-02,1.101547753650724,1.090000318649119
2022-02-03,1.0979129120923803,1.0863783993224843
2022-02-04,1.1041304947969157,1.0925061225137294
2022-02-07,1.103572464071563,1.0919292951297064
2022-02-08,1.103679611945897,1.0920107032849635
2022-02-09,1.10811485358783,1.0963742718640244
2022-02-10,1.1072744178057619,1.095517572627989
2022-02-11,1.1056434737224077,1.0938791103432237
2022-02-14,1.1038645111151546,1.092094685674452
2022-02-15,1.1024489882799482,1.090670044534855
2022-02-16,1.1060069955274734,1.0941654666575968
2022-02-17,1.1046510585725435,1.0927993980634048
2022-02-18,1.1027606794833156,1.0909050884891638
2022-02-21,1.100700948042566,1.0888434842183172
2022-02-22,1.0992528128166337,1.0873871035189746
2022-02-23,1.100012179479063,1.088114474171614
2022-02-24,1.0993992762841154,1.087484741288459
2022-02-25,1.0976348507549525,1.0857158423573336
2022-02-28,1.0982917176661369,1.086329370295715
2022-03-01,1.100858460706118,1.0888455614248893
2022-03-02,1.1011796322242207,1.0891410037617073
2022-03-03,1.1012247049940342,1.0891631206072008
2022-03-04,1.1009253383536266,1.0888448097216499
2022-03-07,1.0933379590239516,1.0813189455249896
2022-03-08,1.0937545036205572,1.0817098454359297
2022-03-09,1.0925416009876483,1.0804893899466725
2022-03-10,1.0974420439459833,1.085314141416016
2022-03-11,1.095070691846163,1.0829474234394576
2022-03-14,1.089631018035185,1.0775466741288748
2022-03-15,1.0885713791494303,1.0764776395590445
2022-03-16,1.0928822851617814,1.0807191778892313
2022-03-17,1.1021610910425654,1.0898726029322847
2022-03-18,1.1062994929437895,1.0939424773864679
2022-03-21,1.106917116361159,1.094530506676011
2022-03-22,1.1073587236952356,1.0949445529915705
2022-03-23,1.1128764608988693,1.1003775577389914
2022-03-24,1.112868308110678,1.100346835735927
2022-03-25,1.1135395575757843,1.1009876241964514
2022-03-28,1.1110683598644333,1.0985213544412709
2022-03-29,1.1128556082201397,1.100265344946708
2022-03-30,1.1149660738613116,1.1023284962199449
2022-03-31,1.1118124053579341,1.099165191338941
2022-04-01,1.108226419561382,1.095597643798486
2022-04-04,1.1108066376560453,1.0981260966482154
2022-04-05,1.1085881342804251,1.0959103546138282
2022-04-06,1.104319029772891,1.0916678208412138
2022-04-07,1.1034874516032198,1.0908239398506885
2022-04-08,1.1034553923192083,1.0907704536323197
2022-04-11,1.099599745119265,1.086937387802437
2022-04-12,1.100857453204424,1.088159190773108
2022-04-13,1.1030832292327621,1.090338014001268
2022-04-14,1.1040225910996748,1.0912450061220915
2022-04-15,1.1033684013349498,1.0905770160521804
2022-04-18,1.1025637306587435,1.089760331209296
2022-04-19,1.1006319934835822,1.0878297269924264
2022-04-20,1.1037702119058475,1.09090988108111
2022-04-21,1.1039090595451697,1.0910255864218856
2022-04-22,1.098672465843029,1.0858286951369054
2022-04-25,1.0921330198229,1.0793448294864731
2022-04-26,1.0866060863825835,1.073861795782313
2022-04-27,1.0830924089281773,1.0703690012547986
2022-04-28,1.0849279894261359,1.072162714474538
2022-04-29,1.0825044177723064,1.0697285460944026
2022-05-02,1.0811630288059344,1.0683815651268687
2022-05-03,1.0806080545342023,1.0678116660521209
2022-05-04,1.0843386815948977,1.0714765615661879
2022-05-05,1.0852039571246122,1.0723096290896401
2022-05-06,1.0800834756556346,1.0672286283896704
2022-05-09,1.0731459903544076,1.0603525891998076
2022-05-10,1.0723387989685103,1.0595345949348642
2022-05-11,1.072180605391557,1.0593577374482799
2022-05-12,1.0674929365147796,1.0547057567948483
2022-05-13,1.0681646331014567,1.0553491482793735
2022-05-16,1.070071819017997,1.0572126628395735
2022-05-17,1.0736167562613717,1.0606943233594854
2022-05-18,1.0736142194461953,1.0606707352987241
2022-05-19,1.0683931083710005,1.0554920776709174
2022-05-20,1.07214659480638,1.0591799450692008
2022-05-23,1.075584251152771,1.0625556291262277
2022-05-24,1.0763994040296316,1.0633401973565328
2022-05-25,1.0767920688729857,1.063707620668218
2022-05-26,1.0785553004917505,1.0654287228248873
2022-05-27,1.0817496208299744,1.0685631884013491
2022-05-30,1.0839525886625123,1.0707179363838009
2022-05-31,1.0848232114491518,1.0715380381452602
2022-06-01,1.0834989764032013,1.070208569053708
2022-06-02,1.0858746687527439,1.0725338295656952
2022-06-03,1.0872108283785258,1.073832035908958
2022-06-06,1.0856133463224833,1.0722328628553697
2022-06-07,1.087488365056469,1.0740633802341384
2022-06-08,1.0889687315427228,1.0755039982167285
2022-06-09,1.0867009695725012,1.0732429282997238
2022-06-10,1.0800306400357924,1.0666342989787212
2022-06-13,1.069188246581807,1.0559061510632304
2022-06-14,1.0640696186196101,1.0508316744191668
2022-06-15,1.0645770155856127,1.0513134404386306
2022-06-16,1.0644476377415737,1.0511661120209008
2022-06-17,1.0629142784086365,1.0496328371433823
2022-06-20,1.0614125194092487,1.0481306865036735
2022-06-21,1.0629171686269987,1.0495974219468915
2022-06-22,1.0609436375720203,1.047629430203462
2022-06-23,1.0581265032826919,1.0448285479612092
2022-06-24,1.06067645916479,1.0473272425999043
2022-06-27,1.0619675835261582,1.0485823566450605
2022-06-28,1.060567192278561,1.0471798475813978
2022-06-29,1.0569768209423702,1.0436152838549693
2022-06-30,1.0511432197220907,1.0378140977148043
2022-07-01,1.0513380427700765,1.0379853050885104
2022-07-04,1.0490766207066444,1.035731378786513
2022-07-05,1.0496677133723764,1.0362936976565988
2022-07-06,1.0442759967554145,1.0309495534296054
2022-07-07,1.0473838671563849,1.0339966065742061
2022-07-08,1.0487390146099655,1.0353129516318544
2022-07-11,1.0466070922449564,1.0331868171374545
2022-07-12,1.03762127140397,1.0242949465190025
2022-07-13,1.0376492468959333,1.0243015378847196
2022-07-14,1.0344373025996345,1.0211099489485937
2022-07-15,1.0391331129187877,1.0257243904829076
2022-07-18,1.0424944032709886,1.0290211013220816
2022-07-19,1.0457306405715063,1.0321943298771896
2022-07-20,1.0495882344380147,1.03598029964932
2022-07-21,1.0485275410588588,1.0349114090846077
2022-07-22,1.0491322900694176,1.0354862006988363
2022-07-25,1.047806510244319,1.0341556676771
2022-07-26,1.0477750843052482,1.0341026812633398
2022-07-27,1.0488092528747435,1.0351016207853463
2022-07-28,1.053814741591197,1.0400195374925776
2022-07-29,1.0565219315978813,1.0426599727937909
2022-08-01,1.0556423036393747,1.0417698327155325
2022-08-02,1.056961321936531,1.0430494403762602
2022-08-03,1.0527986609281201,1.0389195610887867
2022-08-04,1.0556271319729145,1.0416884878136838
2022-08-05,1.0573750335960883,1.0433909929640577
2022-08-08,1.057229568465166,1.0432251205689398
2022-08-09,1.0569073328370338,1.0428849029442107
2022-08-10,1.0595422508376864,1.045462782314557
2022-08-11,1.0623149535800827,1.048176219078925
2022-08-12,1.0641816553980026,1.0499956357625682
2022-08-15,1.0622759907767998,1.0480926472036547
2022-08-16,1.0581583018820433,1.0440071198380618
2022-08-17,1.0575154470686468,1.0433500713591528
2022-08-18,1.0570615878664822,1.0428796842674517
2022-08-19,1.0531244091597414,1.0389727023104127
2022-08-22,1.0475048726698406,1.0334064112220833
2022-08-23,1.0469318604577966,1.0328193417192792
2022-08-24,1.0477806111139756,1.0336350156806455
2022-08-25,1.049142894848436,1.0349571955716486
2022-08-26,1.0461051033434994,1.0319385430795707
2022-08-29,1.0422510756848966,1.0281153307640314
2022-08-30,1.0418957752725475,1.0277437529233702
2022-08-31,1.0403601006079501,1.0261888835365915
2022-09-01,1.0372414617749162,1.0230897373585646
2022-09-02,1.035268237369398,1.0211205866645638
2022-09-05,1.0332751968583203,1.0191320244749866
2022-09-06,1.0349615937960948,1.0207727123172803
2022-09-07,1.0332733617090248,1.01908495496912
2022-09-08,1.0379989424447396,1.0237228382551795
2022-09-09,1.0407165598500463,1.0263800621007093
2022-09-12,1.045713809226756,1.0312850777822986
2022-09-13,1.0418525753266616,1.0274533369162173
2022-09-14,1.0347532110275024,1.0204290510897265
2022-09-15,1.0317068657407842,1.017402026696828
2022-09-16,1.029748840920594,1.0154484880554109
2022-09-19,1.0315898729349617,1.0172414934100424
2022-09-20,1.0300843600238339,1.0157343473709253
2022-09-21,1.0260623933698565,1.0117460229942357
2022-09-22,1.0201483390920993,1.0058923766665606
2022-09-23,1.0153496945957994,1.0011390360009675
2022-09-26,1.0051646092330953,0.9910750891699264
2022-09-27,1.0050003997385775,0.9908919732344955
2022-09-28,1.0065716287140272,0.9924200092817428
2022-09-29,1.0079261893244849,0.9937342045070172
2022-09-30,1.0124105287085619,0.9981114101475481
2022-10-03,1.0159315474547188,1.001558800636683
2022-10-04,1.0273827282171117,1.0128236805851938
2022-10-05,1.028958834680696,1.0143523063945148
2022-10-06,1.0273955758179596,1.0127860498994965
2022-10-07,1.0193014157427616,1.0047820028834462
2022-10-10,1.0146735470918613,1.0001957873553227
2022-10-11,1.0132280620693488,0.9987468530945548
2022-10-12,1.0106010386745796,0.9961334773623549
2022-10-13,1.015085873183535,1.0005302684664301
2022-10-14,1.015700347461847,1.0011117291959024
2022-10-17,1.0174853529300505,1.0028471139724464
2022-10-18,1.0205652592631018,1.0058582847534148
2022-10-19,1.0207635517428577,1.0060289991963458
2022-10-20,1.0188853772451767,1.0041532634787178
2022-10-21,1.0221531133626096,1.0073492510355226
2022-10-24,1.0255814664299496,1.0107031574105154
2022-10-25,1.028178473093374,1.0132373117001239
2022-10-26,1.0331275099864237,1.018088845981851
2022-10-27,1.0366638642497399,1.021548214599662
2022-10-28,1.032129405301061,1.0170544156233428
2022-10-31,1.031620050788997,1.016519352079943
2022-11-01,1.0323997319242681,1.0172628481973665
2022-11-02,1.0299820922245657,1.014855979164024
2022-11-03,1.02468737597143,1.0096147996507334
2022-11-04,1.030280471108948,1.0151017012687493
2022-11-07,1.0349016088256793,1.0196305153585168
2022-11-08,1.0410683445935514,1.025681631486661
2022-11-09,1.0393137215265351,1.0239280606646246
2022-11-10,1.0437495332846234,1.0282736047996817
2022-11-11,1.0539921934490462,1.0383388016975945
2022-11-14,1.053825845759759,1.0381487459215626
2022-11-15,1.0550466299050607,1.039325182792543
2022-11-16,1.0556917399987742,1.0399342951149748
2022-11-17,1.0538853587600392,1.038128651382856
2022-11-18,1.0522254201785057,1.0364673527250983
2022-11-21,1.050553666900811,1.0347943920933804
2022-11-22,1.0504553575984563,1.034671455870779
2022-11-23,1.051747331373675,1.0359177593688378
2022-11-24,1.0553108319597135,1.0394011806024712
2022-11-25,1.0555895467797944,1.0396491452389878
2022-11-28,1.0523387549797858,1.0364208955293803
2022-11-29,1.0505949583331173,1.0346772651570497
2022-11-30,1.0568734411172096,1.0408281687439944
2022-12-01,1.0643577896616496,1.0481722071488295
2022-12-02,1.0661296939270488,1.0498903010424632
2022-12-05,1.062709543422935,1.046495357389361
2022-12-06,1.0592483359187885,1.0430603438870267
2022-12-07,1.0583133055310319,1.0421133660712292
2022-12-08,1.0609461033455856,1.0446797614708483
2022-12-09,1.0626921011322208,1.046372718456413
2022-12-12,1.062240262549017,1.0459015373233451
2022-12-13,1.0667770825663583,1.050342174151538
2022-12-14,1.069494009357671,1.0529905816692218
2022-12-15,1.0635854780981475,1.0471465438569871
2022-12-16,1.0579603234992214,1.0415823254043506
2022-12-19,1.0563616292028548,1.039982756226242
2022-12-20,1.0564950402067155,1.04008867295983
2022-12-21,1.0567456580369559,1.040310074248907
2022-12-22,1.0516422288759724,1.0352602238972681
2022-12-23,1.0523384288735234,1.0359201607593715
2022-12-26,1.0543255885572798,1.0378508934859774
2022-12-27,1.0546673427723519,1.0381618718470826
2022-12-28,1.0513351191179905,1.0348563552905705
2022-12-29,1.054238891117911,1.0376894354193036
2022-12-30,1.05402328821182,1.0374355543957507
2023-01-02,1.0551806696072976,1.0385473635416511
2023-01-03,1.0535615548064148,1.0369264148519897
2023-01-04,1.0510640822458883,1.034441020069246
2023-01-05,1.0516689449227898,1.035008777467218
2023-01-06,1.0539270044915583,1.037203741483529
2023-01-09,1.060988808921996,1.0441257330644729
2023-01-10,1.0635446147346042,1.0466129238670596
2023-01-11,1.0679871413793893,1.0509565714894367
2023-01-12,1.0718375158970386,1.0547170345506407
2023-01-13,1.0756074453889883,1.0583980872858285
2023-01-16,1.0742510795334106,1.0570345228309634
2023-01-17,1.0749757809777944,1.057718735462685
2023-01-18,1.0745636671884253,1.057284286884524
2023-01-19,1.0734619886304844,1.0561715444493873
2023-01-20,1.0765493717248205,1.0591807862915934
2023-01-23,1.0817938512237342,1.0643117594538676
2023-01-24,1.0829915085730828,1.0654607904701658
2023-01-25,1.0835413919256909,1.065972493959549
2023-01-26,1.086366531069605,1.0687225439500552
2023-01-27,1.0853833988913644,1.0677257408140879
2023-01-30,1.0819458384892338,1.0643143987476025
2023-01-31,1.0836769638409791,1.065980533091702
2023-02-01,1.0812037759580428,1.0635189918490449
2023-02-02,1.0878696228068936,1.0700467797426598
2023-02-03,1.0799088071778835,1.0621866551475685
2023-02-06,1.074575821139859,1.0569117301391115
2023-02-07,1.0762282063030497,1.0585078880281542
2023-02-08,1.0747172033860446,1.0569924817152831
2023-02-09,1.0741819911224468,1.05643702343052
2023-02-10,1.074577498170286,1.0567970212616522
2023-02-13,1.0730610707523176,1.0552768079520014
2023-02-14,1.0759465081416015,1.0580853257429663
2023-02-15,1.075867498294546,1.05797844386583
2023-02-16,1.0737003023399452,1.0558179674563315
2023-02-17,1.0705476392579263,1.0526887741845794
2023-02-20,1.0713124413804191,1.0534119525610384
2023-02-21,1.0711235245095578,1.0531973247619633
2023-02-22,1.0692188330980803,1.0512956942150515
2023-02-23,1.0672537246938634,1.049334833057041
2023-02-24,1.0636593518973123,1.0457720043163639
2023-02-27,1.0639702528121284,1.0460492585119592
2023-02-28,1.0668600416767393,1.0488534292781537
2023-03-01,1.0679023582175164,1.0498489493086103
2023-03-02,1.0706250217651898,1.0524965493962195
2023-03-03,1.072198516439841,1.05401411063412
2023-03-06,1.0742904689219341,1.0560408896279856
2023-03-07,1.0696425555824418,1.051442097431908
2023-03-08,1.0657792385951612,1.0476149396051002
2023-03-09,1.0653654853642214,1.0471787222583488
2023-03-10,1.06443352132841,1.0462334411869123
2023-03-13,1.0656047417545111,1.0473557765325507
2023-03-14,1.0666793772862384,1.048383292339705
2023-03-15,1.063038677395924,1.0447758486697625
2023-03-16,1.0623495173799966,1.0440696912704432
2023-03-17,1.0646298600293103,1.046281531425785
2023-03-20,1.0692939657103904,1.0508361758311595
2023-03-21,1.071251677237066,1.0527307811441877
2023-03-22,1.0713807277222525,1.0528279072775317
2023-03-23,1.0769902680743058,1.058310816822685
2023-03-24,1.074286253383028,1.0556239609177713
2023-03-27,1.072942235505682,1.0542736440507796
2023-03-28,1.0736030418788918,1.0548933103028928
2023-03-29,1.0783339560609684,1.0595121680977526
2023-03-30,1.0792478399123735,1.0603800029714365
2023-03-31,1.0837808730078233,1.0647853692371263
2023-04-03,1.0823512392513597,1.0633507737364234
2023-04-04,1.0872137632663201,1.0680979622102644
2023-04-05,1.0860345560009717,1.066909468522497
2023-04-06,1.0841531200443173,1.0650312947592806
2023-04-07,1.0833178508780277,1.0641808529299386
2023-04-10,1.0836178529565517,1.0644456692648803
2023-04-11,1.0844238227306877,1.065207489747857
2023-04-12,1.0856244786805955,1.0663570327703238
2023-04-13,1.0905615001548845,1.0711766513317202
2023-04-14,1.091759864867769,1.0723235092639567
2023-04-17,1.0868355255698063,1.0674565102121594
2023-04-18,1.087022764064397,1.0676101834384617
2023-04-19,1.0876338333587865,1.0681800923656264
2023-04-20,1.0856918600709524,1.0662425707193048
2023-04-21,1.0853028049605855,1.0658303711991073
2023-04-24,1.0856406790268351,1.066131988128414
2023-04-25,1.084153928813095,1.0646417610683878
2023-04-26,1.0798517887400554,1.060387158242954
2023-04-27,1.0837760059258057,1.0642108727071546
2023-04-28,1.0865274720396478,1.0668742162322904
2023-05-01,1.087185664172928,1.0674894703509894
2023-05-02,1.084011693340441,1.0643420288881806
2023-05-03,1.0845272910558947,1.0648175261519761
2023-05-04,1.083835909987954,1.0641080314136637
2023-05-05,1.08606503707932,1.0662660113291949
2023-05-08,1.0884297417279358,1.0685566159683995
2023-05-09,1.088344182221817,1.0684415926393183
2023-05-10,1.0866250476282413,1.066722986850914
2023-05-11,1.08488983740502,1.064988594833587
2023-05-12,1.0825744971585687,1.06268469764204
2023-05-15,1.0818013283137529,1.0618947624967712
2023-05-16,1.0810375426024719,1.0611140408569508
2023-05-17,1.0833684613155339,1.063371031155539
2023-05-18,1.083698425579317,1.0636636817259992
2023-05-19,1.084065555140113,1.0639925228180902
2023-05-22,1.0855167688870713,1.0653853977605612
2023-05-23,1.0832335308304488,1.063112916105975
2023-05-24,1.0787668511406863,1.05869798249897
2023-05-25,1.0773989282219383,1.0573246173984956
2023-05-26,1.0799728815838592,1.05981943699816
2023-05-29,1.0810013329299561,1.0607970801347157
2023-05-30,1.080481916530402,1.0602557372562527
2023-05-31,1.078419397997199,1.0581902238996572
2023-06-01,1.0819584656144345,1.0616315985354363
2023-06-02,1.0863427264652175,1.0659018695225102
2023-06-05,1.0863591135524682,1.0658858677816363
2023-06-06,1.0875225004958475,1.066995318393259
2023-06-07,1.084976042021413,1.0644648018361782
2023-06-08,1.0857055473569663,1.0651486900317924
2023-06-09,1.0888854136582593,1.0682363915270658
2023-06-12,1.0894387783265722,1.0687470982822673
2023-06-13,1.0937395341469494,1.0729337289173149
2023-06-14,1.0967209175039834,1.0758256642154396
2023-06-15,1.101034623700056,1.0800242611669237
2023-06-16,1.1044551254495718,1.083346309968352
2023-06-19,1.1036701521749408,1.0825430975776897
2023-06-20,1.1024658795492581,1.0813288107481396
2023-06-21,1.1015706395939664,1.080417718443403
2023-06-22,1.1005875783313623,1.0794206867431446
2023-06-23,1.0960487612126304,1.0749362164329772
2023-06-26,1.0927881163509332,1.0717058137457005
2023-06-27,1.093058385837564,1.071938519228926
2023-06-28,1.0964753700667451,1.0752568330267547
2023-06-29,1.0936330389065885,1.0724366581615439
2023-06-30,1.0958669065471185,1.0745804546645892
2023-07-03,1.0992024849532516,1.0778194084714208
2023-07-04,1.0992892857688494,1.0778725508737705
2023-07-05,1.098656595379395,1.077220273593983
2023-07-06,1.0940700078624979,1.0726913675501455
2023-07-07,1.0959908213517235,1.0745433254912984
2023-07-10,1.0976384441582994,1.076127428100541
2023-07-11,1.09960833820998,1.078027289247086
2023-07-12,1.102449924183357,1.0807814526809618
2023-07-13,1.1100474174456905,1.0881976341043917
2023-07-14,1.1129152380545686,1.0909765125993758
2023-07-17,1.112043058025564,1.0900889699905512
2023-07-18,1.1130018294148785,1.0909962167153695
2023-07-19,1.1120326405011904,1.0900134118495444
2023-07-20,1.107956782721405,1.0859854418629844
2023-07-21,1.1065588940433078,1.0845827954899572
2023-07-24,1.1072731554502582,1.0852504621376353
2023-07-25,1.107323204978403,1.0852670799331445
2023-07-26,1.1068531738591019,1.0847739096535283
2023-07-27,1.1076371588460139,1.0855098712425122
2023-07-28,1.1067446140435595,1.0846026067999863
2023-07-31,1.11040998457985,1.0881499562657608
2023-08-01,1.1100848943172315,1.0877983682391943
2023-08-02,1.1045890869642472,1.0823799465444945
2023-08-03,1.1018755998249505,1.0796885438035195
2023-08-04,1.1018967790131673,1.07967704363977
2023-08-07,1.104084988811673,1.081788904931831
2023-08-08,1.102644122577846,1.0803446591144195
2023-08-09,1.1007002206934602,1.07840781108759
2023-08-10,1.1018052362498538,1.0794583911738282
2023-08-11,1.100143320601676,1.0777979572006742
2023-08-14,1.0995549348388882,1.0771894767455026
2023-08-15,1.0960674092725198,1.0737406873392452
2023-08-16,1.0933781144922878,1.0710743004371617
2023-08-17,1.0912656106108614,1.0689732710504014
2023-08-18,1.090957133193811,1.068639815774284
2023-08-21,1.0929370335807842,1.0705479805459615
2023-08-22,1.094386004884485,1.0719357757868095
2023-08-23,1.0957724929644737,1.0732622880641034
2023-08-24,1.0942790023568583,1.0717676767399833
2023-08-25,1.091777393017827,1.0692860617207178
2023-08-28,1.0941999459512481,1.0716272485391491
2023-08-29,1.0986297227827833,1.075933893980488
2023-08-30,1.1009475458509612,1.078171648973725
2023-08-31,1.103039790922195,1.080177853792579
2023-09-01,1.102280830475547,1.0794033769533562
2023-09-04,1.1006162809536078,1.077742173284291
2023-09-05,1.1013947119346195,1.078473266753736
2023-09-06,1.0972720438323809,1.07440524526161
2023-09-07,1.0953452150155532,1.0724876772627387
2023-09-08,1.0946128476901658,1.0717398618779777
2023-09-11,1.0969053600636043,1.073953734097507
2023-09-12,1.0970647096188897,1.0740788054052754
2023-09-13,1.0965201378427762,1.0735148155993823
2023-09-14,1.0992258318557537,1.0761329195440514
2023-09-15,1.0957119578820933,1.072661748266445
2023-09-18,1.0966557574440445,1.0735548717113264
2023-09-19,1.0962588157489002,1.0731355122569761
2023-09-20,1.0957082501789572,1.0725658140588905
2023-09-21,1.0894143775431615,1.066374336587445
2023-09-22,1.0895126077387474,1.0664404829294336
2023-09-25,1.0896908598748918,1.0665849834583716
2023-09-26,1.085326813036049,1.0622834789344648
2023-09-27,1.08509694726184,1.0620289409963444
2023-09-28,1.0830079644008237,1.0599548056123118
2023-09-29,1.085213667378513,1.0620757983120495
2023-10-02,1.084217906936071,1.0610707958429917
2023-10-03,1.078142187673914,1.055094326165434
2023-10-04,1.075450036358859,1.0524297702282708
2023-10-05,1.0764194508370828,1.0533483322746646
2023-10-06,1.0810472232530175,1.057846772559664
2023-10-09,1.0834746527024077,1.060191583194996
2023-10-10,1.0853207295967608,1.0619673941580494
2023-10-11,1.08691688398027,1.0634983332112693
2023-10-12,1.0866306853203684,1.063187297335218
2023-10-13,1.0842286409755442,1.060806119945168
2023-10-16,1.082297741439241,1.0588863500101502
2023-10-17,1.083576847576003,1.0601070340239074
2023-10-18,1.0840223824674506,1.0605121289259325
2023-10-19,1.0814289729654951,1.0579445251180015
2023-10-20,1.079043423097471,1.055580624696674
2023-10-23,1.0781816648477864,1.0547078206076672
2023-10-24,1.0817696849851282,1.0581879330697623
2023-10-25,1.079136996320904,1.0555825817609255
2023-10-26,1.0744189579664727,1.050937854983069
2023-10-27,1.0773182737907891,1.053744560150184
2023-10-30,1.0779334893135006,1.0543171102764652
2023-10-31,1.080138013285291,1.0564325276278288
2023-11-01,1.0827317199527697,1.0589401683281012
2023-11-02,1.0879280360869614,1.0639928470715998
2023-11-03,1.0890063057785309,1.0650174005992017
2023-11-06,1.0934508173312092,1.0693337795992157
2023-11-07,1.0908299292073995,1.066740373288933
2023-11-08,1.0884643051652223,1.0643966312164406
2023-11-09,1.0893392110145024,1.0652218053524323
2023-11-10,1.0879748164271505,1.0638572594424969
2023-11-13,1.0902580113509168,1.0660592225484216
2023-11-14,1.0945408401784862,1.070216334535349
2023-11-15,1.101919716453713,1.077400050718164
2023-11-16,1.100390230321491,1.075873133480216
2023-11-17,1.1014865790205652,1.0769136345685995
2023-11-20,1.104990308052849,1.080307668601147
2023-11-21,1.1070179558574738,1.0822582663724345
2023-11-22,1.1061759668934874,1.0814033872925186
2023-11-23,1.1054935794432843,1.080704444290224
2023-11-24,1.1075383712581035,1.0826715510446823
2023-11-27,1.1077503813969358,1.0828469388149824
2023-11-28,1.1100278411774063,1.085041396004266
2023-11-29,1.1121356616356526,1.0870699074380277
2023-11-30,1.1109008004086611,1.085819606191618
2023-12-01,1.1111610153433287,1.086042794301557
2023-12-04,1.1073136894736078,1.0822512158918105
2023-12-05,1.1045194032715802,1.079489094776271
2023-12-06,1.1024673485702305,1.0774524904664724
2023-12-07,1.1024851338756683,1.0774388236602055
2023-12-08,1.103432155082023,1.0783331584230664
2023-12-11,1.1028992574428427,1.0777810204170606
2023-12-12,1.1027640940482533,1.0776174113644663
2023-12-13,1.1051009639645053,1.0798693702311906
2023-12-14,1.11022793073942,1.0848473435705233
2023-12-15,1.1133042608954569,1.0878212856838798
2023-12-18,1.1103156602453843,1.084868853755156
2023-12-19,1.113313587068886,1.0877658630332327
2023-12-20,1.1145396272574537,1.0889313626870223
2023-12-21,1.1133733034135518,1.087759694407674
2023-12-22,1.1147635016948232,1.0890856229094237
2023-12-25,1.115213427855915,1.089492793415253
2023-12-26,1.115259203586676,1.0895051202575674
2023-12-27,1.1170614684732043,1.0912333660247426
2023-12-28,1.1164848425025309,1.0906376071542216
2023-12-29,1.1137929614437556,1.0879635825274507
2024-01-01,1.112835275390887,1.086994720165208
2024-01-02,1.1125524088210734,1.0866850374586559
2024-01-03,1.1096908208096903,1.0838565993395184
2024-01-04,1.1097023139554547,1.0838346425646757
2024-01-05,1.110661313146247,1.0847381597369312
2024-01-08,1.1119561809167007,1.0859696804418801
2024-01-09,1.11137999311926,1.0853734320927444
2024-01-10,1.1126835819805512,1.086613020931941
2024-01-11,1.1144553295230635,1.0883095743333528
2024-01-12,1.1167566315975692,1.090523186967969
2024-01-15,1.1161122351191086,1.0898600700678456
2024-01-16,1.1153294214619363,1.089061856331863
2024-01-17,1.1111487498141221,1.0849458928938933
2024-01-18,1.1145002130769948,1.088184874374323
2024-01-19,1.118070364319401,1.0916369583835004
2024-01-22,1.1193255542004974,1.0928283282725975
2024-01-23,1.119142803671608,1.0926155987116895
2024-01-24,1.120939901321147,1.0943357556470823
2024-01-25,1.122622841601809,1.0959442164588737
2024-01-26,1.1215475089682168,1.0948597574447383
2024-01-29,1.1220884452285234,1.0953531847311908
2024-01-30,1.122704809253518,1.095920010120013
2024-01-31,1.1202904294557836,1.0935131708379455
2024-02-01,1.1192220712505356,1.0924379413407683
2024-02-02,1.1213966369492996,1.0945278652759054
2024-02-05,1.1179460687376797,1.0911269806982167
2024-02-06,1.1178091517228694,1.090960510495392
2024-02-07,1.1195219108195107,1.0925992743225768
2024-02-08,1.1220808083181988,1.095063577271711
2024-02-09,1.1225959718655794,1.0955331295722102
2024-02-12,1.124484131616332,1.0973424127859235
2024-02-13,1.1209047803748997,1.093816084690878
2024-02-14,1.120610431849687,1.0934959164703115
2024-02-15,1.1240211151568815,1.096790981324873
2024-02-16,1.1256647785773437,1.0983615231693749
2024-02-19,1.126727380613364,1.0993650822074856
2024-02-20,1.1266384368691917,1.0992450308350583
2024-02-21,1.1283448028098466,1.1008766663702136
2024-02-22,1.1332296404553213,1.1056093146300159
2024-02-23,1.133563280196653,1.105900803478783
2024-02-26,1.1329281679356267,1.1052471690703982
2024-02-27,1.1340894643684265,1.106346141355853
2024-02-28,1.1335380026962396,1.1057741195825044
2024-02-29,1.133253337464401,1.105450249563399
2024-03-01,1.1365394907063513,1.1086237779390684
2024-03-04,1.1386855812264234,1.1106848569149088
2024-03-05,1.137940051560819,1.109925337683872
2024-03-06,1.139711108901976,1.1116207848927193
2024-03-07,1.1432903409900113,1.1150796271720358
2024-03-08,1.143783467784354,1.1155280507958987
2024-03-11,1.1430085455654173,1.1147398939647772
2024-03-12,1.1432271140885706,1.114920833382224
2024-03-13,1.1450308418638309,1.1166473381442557
2024-03-14,1.1456784565111466,1.1172464369507007
2024-03-15,1.1433409439215467,1.1149345143363356
2024-03-18,1.1451805005806435,1.116696217285174
2024-03-19,1.1457221543017153,1.1171920221660903
2024-03-20,1.1463548882935266,1.1177764811346735
2024-03-21,1.1503190393229308,1.1216091033780307
2024-03-22,1.1469438565214414,1.1182852352403183
2024-03-25,1.1446198755629668,1.1159865170115761
2024-03-26,1.1457662922161833,1.1170715707807264
2024-03-27,1.1476085073074673,1.1188349770809725
2024-03-28,1.1476822086728242,1.1188739698433607
2024-03-29,1.146326386749259,1.1175106403887107
2024-04-01,1.146111696908101,1.1172685802565148
2024-04-02,1.144510388489375,1.1156748511244625
2024-04-03,1.148611731934415,1.1196403165371032
2024-04-04,1.1510224048652768,1.1219575706874945
2024-04-05,1.1520129873884128,1.122890728237843
2024-04-08,1.1531541959420675,1.1239705892608325
2024-04-09,1.1551763051136499,1.1259089662304522
2024-04-10,1.1545398887045841,1.1252561014837779
2024-04-11,1.1506660178226475,1.1214481080126177
2024-04-12,1.1494579994672918,1.120238341313449
2024-04-15,1.146199214114069,1.1170303253871052
2024-04-16,1.1429356064537568,1.1138180256433068
2024-04-17,1.140364350479149,1.1112807644811016
2024-04-18,1.142886928889043,1.113707731902829
2024-04-19,1.140487454478604,1.1113382274049268
2024-04-22,1.1395660005207078,1.1104094466030388
2024-04-23,1.1417832395268135,1.1125388245183812
2024-04-24,1.14452623339452,1.1151800472438136
2024-04-25,1.1449419305836936,1.115553458524029
2024-04-26,1.1487206656229216,1.1192038416835624
2024-04-29,1.1507203529065329,1.1211203769106854
2024-04-30,1.1454448331304836,1.1159355220859728
2024-05-01,1.1425239267615008,1.1130585896099787
2024-05-02,1.1444354745100302,1.1148897024721691
2024-05-03,1.145213359111189,1.1156161210386284
2024-05-06,1.1497222862385952,1.1199767623489505
2024-05-07,1.1510397733301208,1.1212281110185187
2024-05-08,1.14964901307237,1.119841197088928
2024-05-09,1.1506476061931485,1.1207817659525663
2024-05-10,1.1535060899033653,1.1235338728907647
2024-05-13,1.1532785995704693,1.123280056775176
2024-05-14,1.1566712565143855,1.1265522493245164
2024-05-15,1.1604788866591285,1.1302283728010387
2024-05-16,1.1628330531130218,1.1324884950195726
2024-05-17,1.1651211376991475,1.1346841427638106
2024-05-20,1.1676097765521307,1.1370750985611071
2024-05-21,1.1670203735499418,1.1364683519540868
2024-05-22,1.1625837134145112,1.1321150575213281
2024-05-23,1.160440964500859,1.1299957863415833
2024-05-24,1.1603410574152724,1.1298659255284216
2024-05-27,1.1620716424633648,1.1315183664185335
2024-05-28,1.1626677018281675,1.1320659735047842
2024-05-29,1.1592464512436584,1.1287020322468448
2024-05-30,1.1547572883621382,1.1242987205726902
2024-05-31,1.1541457320027972,1.1236581743463012
2024-06-03,1.1560348132389433,1.1254644832778007
2024-06-04,1.1559990187018625,1.125396641992828
2024-06-05,1.1574766296072707,1.12680213170698
2024-06-06,1.1604510914304695,1.1296643213377227
2024-06-07,1.1573241447607254,1.1265868425852323
2024-06-10,1.1547928791558553,1.1240893527322873
2024-06-11,1.1549072667622469,1.124167335715902
2024-06-12,1.157597985219335,1.1267530757478421
2024-06-13,1.1583279272829219,1.1274299021042058
2024-06-14,1.155492600533788,1.1246365828099583
2024-06-17,1.1538119390314174,1.1229673748498403
2024-06-18,1.156932884508983,1.1259712745515071
2024-06-19,1.1566806765314164,1.125692048579286
2024-06-20,1.1579468138737228,1.1268905465944117
2024-06-21,1.1537202708001206,1.1227435216757558
2024-06-24,1.15404656529128,1.1230273935378647
2024-06-25,1.154861681748412,1.1237870267164483
2024-06-26,1.1544018891656043,1.12330583361906
2024-06-27,1.1535677011665126,1.1224603167100164
2024-06-28,1.1549025062895757,1.1237133577337755
2024-07-01,1.1578832170152107,1.1265803799002074
2024-07-02,1.1591927731158467,1.1278211699160514
2024-07-03,1.1634551165997402,1.1319346389182119
2024-07-04,1.1658153700019316,1.1341971352294642
2024-07-05,1.1662368592242722,1.1345732882378186
2024-07-08,1.1659484227168762,1.1342587737844274
2024-07-09,1.1659314345421903,1.1342083044378435
2024-07-10,1.167950314144759,1.136138340723393
2024-07-11,1.1680118041675136,1.1361639195440627
2024-07-12,1.1695428683493618,1.1376192640023488
2024-07-15,1.1699910727682379,1.1380210084510254
2024-07-16,1.1699737937967634,1.1379700029856405
2024-07-17,1.166398938016295,1.1344586937137204
2024-07-18,1.1629784292599998,1.131098184607425
2024-07-19,1.1579758271191514,1.1261992292195007
2024-07-22,1.1585882232029578,1.1267616474829873
2024-07-23,1.1567517537079486,1.1249421072993706
2024-07-24,1.1505982157153238,1.1189242855257269
2024-07-25,1.1448483177201045,1.1132999406391386
2024-07-26,1.1449879778061047,1.1134033408450055
2024-07-29,1.1456127581654856,1.1139781678483722
2024-07-30,1.144343431864104,1.112711165254031
2024-07-31,1.1488931610747424,1.11708068836407
2024-08-01,1.1454553295175387,1.11370875703737
2024-08-02,1.1371531887935178,1.1056077772932615
2024-08-05,1.1294812241029635,1.0981202544549533
2024-08-06,1.1320473094104586,1.1005875765059272
2024-08-07,1.132175875282295,1.100684583488357
2024-08-08,1.136080125167173,1.1044522282245455
2024-08-09,1.140006965946165,1.1082413319185758
2024-08-12,1.1411729021013695,1.1093462885575434
2024-08-13,1.1440289767800251,1.1120942144436388
2024-08-14,1.1475433167668074,1.115481545198123
2024-08-15,1.1504718516593306,1.118299189880067
2024-08-16,1.1530413666569568,1.1207672639407906
2024-08-19,1.1560092731491687,1.1236223940363008
2024-08-20,1.1586536042489457,1.1261626700212375
2024-08-21,1.1595930984158054,1.1270457895867272
2024-08-22,1.1589229626504696,1.1263642518603765
2024-08-23,1.1606202047634346,1.1279837876541376
2024-08-26,1.1640261867308908,1.131263750683475
2024-08-27,1.162362173438496,1.1296163892766784
2024-08-28,1.1612201579339723,1.12847633098776
2024-08-29,1.1609096811129067,1.1281445009558506
2024-08-30,1.1604814293296675,1.12766974256599
2024-09-02,1.1596364045346612,1.1268201814178302
2024-09-03,1.159981849648299,1.1271274414256935
2024-09-04,1.1551491840612886,1.1224033356022174
2024-09-05,1.1548136855826052,1.1220492516125902
2024-09-06,1.1520311110780157,1.1193175846267651
2024-09-09,1.1523019924770215,1.1195532403429949
2024-09-10,1.1494962585366684,1.1167994455698689
2024-09-11,1.1512756409068445,1.118500405498635
2024-09-12,1.154976195963533,1.1220675314760116
2024-09-13,1.1598514065105658,1.1267754677921233
2024-09-16,1.1596470618246741,1.1265483899849336
2024-09-17,1.162658598287504,1.1294454538465284
2024-09-18,1.1625285336111635,1.1292904938440091
2024-09-19,1.1680659533866895,1.1346411037614903
2024-09-20,1.1705187504555046,1.1369946399899482
2024-09-23,1.1717427071230813,1.1381545722779485
2024-09-24,1.1734531826836465,1.139786970294582
2024-09-25,1.1753542668597377,1.1416043461344658
2024-09-26,1.1755685265636093,1.141783273351721
2024-09-27,1.1793046897888706,1.1453826001333973
2024-09-30,1.1763137123846967,1.1424366601115161
2024-10-01,1.1767038020303928,1.142786501296066
2024-10-02,1.17191109698672,1.1381032162693507
2024-10-03,1.1733750709532649,1.1394963030377625
2024-10-04,1.1731578731864005,1.1392568256589664
2024-10-07,1.1723590967960749,1.1384523447535941
2024-10-08,1.168675454760345,1.134846663506791
2024-10-09,1.169925628829609,1.1360318933753415
2024-10-10,1.1702996201838305,1.1363660825787678
2024-10-11,1.172477883843755,1.1384523051437174
2024-10-14,1.1724710150110076,1.1384166121104153
2024-10-15,1.1694859035398586,1.135488977165025
2024-10-16,1.1672064065181453,1.1332468756713567
2024-10-17,1.1661441057257462,1.1321866628946329
2024-10-18,1.1679525801031012,1.1339136274936559
2024-10-21,1.1695888462496808,1.135473228694627
2024-10-22,1.1675829272905769,1.1334968877043066
2024-10-23,1.1647220011950394,1.1306906257016396
2024-10-24,1.1642265209503144,1.1301810586248864
2024-10-25,1.166840824848959,1.1326902721646797
2024-10-28,1.1653632242918133,1.131227191791227
2024-10-29,1.1663859203247637,1.1321911361332764
2024-10-30,1.1669407621887793,1.132700827858819
2024-10-31,1.1637650967263122,1.129577581186621
2024-11-01,1.164356612550446,1.1301229851060444
2024-11-04,1.165814845442989,1.131509446587035
2024-11-05,1.166873037940236,1.132507713083782
2024-11-06,1.1687024481751627,1.1342541930408128
2024-11-07,1.1667160505493677,1.132296807359661
2024-11-08,1.1683669095571525,1.133869331560261
2024-11-11,1.1620820988601699,1.1277404211252564
2024-11-12,1.1585351739636522,1.1242686119821743
2024-11-13,1.1542652546265806,1.120095563524422
2024-11-14,1.1526944176575438,1.1185419096391518
2024-11-15,1.1491673204263229,1.115090029233204
2024-11-18,1.1508236876149858,1.116668433483641
2024-11-19,1.1534224171107106,1.11916109511314
2024-11-20,1.1538771156325998,1.1195732549681272
2024-11-21,1.1524799173221278,1.1181885994969343
2024-11-22,1.1510099797766649,1.1167333432949356
2024-11-25,1.1500055297595457,1.1157296724605952
2024-11-26,1.1481146183492077,1.1138658905443592
2024-11-27,1.1485666817664082,1.114275237170582
2024-11-28,1.1517611100670786,1.1173451851326544
2024-11-29,1.1522417666332037,1.117763711315934
2024-12-02,1.1529700360730604,1.118438643277263
2024-12-03,1.1539859226647518,1.119392334773953
2024-12-04,1.1558161504357054,1.12113582435112
2024-12-05,1.1546178709893933,1.1199413688428463
2024-12-06,1.1568123741294878,1.1220378336962793
2024-12-09,1.1572423644066763,1.122422565941949
2024-12-10,1.158423210674819,1.1235356969802281
2024-12-11,1.1596982211173306,1.1247402678323997
2024-12-12,1.1574288780319193,1.122507043298174
2024-12-13,1.1567506280347344,1.1218170853743579
2024-12-16,1.1577707284831094,1.1227741937225402
2024-12-17,1.1581323144037925,1.1230925118623059
2024-12-18,1.1536840627324045,1.118746610956376
2024-12-19,1.1445392330735502,1.1098471717288336
2024-12-20,1.1460671786665733,1.1112976007764184
2024-12-23,1.1482762666142163,1.1134083347372754
2024-12-24,1.1499502434876252,1.1149998904315133
2024-12-25,1.1500111725439954,1.1150271429668177
2024-12-26,1.1503126191749091,1.1152875891329788
2024-12-27,1.1499159966575234,1.1148711878653081
2024-12-30,1.1489178447695343,1.1138718234413043
2024-12-31,1.1467634803422413,1.1117414818476525
2025-01-02,1.146277306615162,1.1112390447127065
2025-01-03,1.1457210410058178,1.110668713036236
2025-01-06,1.1505121238182308,1.1152818648188632
2025-01-07,1.1529433893317225,1.1176069379347686
2025-01-08,1.152530086874849,1.1171746836721956
2025-01-09,1.1511090551280376,1.115765682322456
2025-01-10,1.1505044691313056,1.1151481106588144
2025-01-13,1.147905781494243,1.112597848145855
2025-01-14,1.1489459224502712,1.113574655136368
2025-01-15,1.1542340158438682,1.1186685435654682
2025-01-16,1.1554767160527832,1.1198410255997442
2025-01-17,1.1560602093624779,1.1203745224042303
2025-01-20,1.1562875812883555,1.1205625307988532
2025-01-21,1.1613170534893713,1.1254042459463742
2025-01-22,1.1626445990819099,1.1266582201246809
2025-01-23,1.1640661125630056,1.128002939542536
2025-01-24,1.1645478769991844,1.1284368669667701
2025-01-27,1.1621590112414013,1.126089239398782
2025-01-28,1.1621916848971594,1.1260885248393742
2025-01-29,1.1618520525464993,1.1257268560637022
2025-01-30,1.1643203637858095,1.12808584788542
2025-01-31,1.1627817015608106,1.1265502705683346
2025-02-03,1.1574589139017848,1.1213616084907951
2025-02-04,1.1616426240101687,1.1253836101434926
2025-02-05,1.1631613717073934,1.1268233713658333
2025-02-06,1.1654576559073397,1.129016185994568
2025-02-07,1.163924261857575,1.1274987126549731
2025-02-10,1.1655703201894145,1.1290615143289218
2025-02-11,1.1647140098176019,1.1282001220860223
2025-02-12,1.1683194396750032,1.131660595278131
2025-02-13,1.1727936605713778,1.1359624483564916
2025-02-14,1.1718083421423098,1.1349756667738993
2025-02-17,1.1736540843500363,1.1367309079357228
2025-02-18,1.1740600108058858,1.137091493699179
2025-02-19,1.1721119871217227,1.1351722022705721
2025-02-20,1.1711832131043276,1.1342402275620531
2025-02-21,1.1709511131212038,1.1339831183010871
2025-02-24,1.168590799183695,1.131665244555861
2025-02-25,1.1651717729838882,1.1283223946759466
2025-02-26,1.1685134477327273,1.1315267074242978
2025-02-27,1.1647817222910284,1.1278812124338402
2025-02-28,1.1600014177432283,1.1232015680545604
2025-03-03,1.1607402026032212,1.1238844758370752
2025-03-04,1.1596898173646306,1.1228352526859444
2025-03-05,1.1678523413591364,1.130706549630547
2025-03-06,1.172931860151865,1.135592171399613
2025-03-07,1.169590207970342,1.1323248073967263
2025-03-10,1.1656129971290514,1.1284422354891157
2025-03-11,1.1643850287124726,1.1272220449276127
2025-03-12,1.171315039842277,1.133899751858032
2025-03-13,1.1698684542791182,1.1324679878513677
2025-03-14,1.1719903806005434,1.1344910875595382
2025-03-17,1.175893122768871,1.1382373989607824
2025-03-18,1.1788881059791905,1.1411046968991547
2025-03-19,1.1808005599662363,1.1429242350718154
2025-03-20,1.179577920158809,1.141708917767553
2025-03-21,1.1762139569858485,1.1384212168243109
2025-03-24,1.1772660343219468,1.13940780104392
2025-03-25,1.1785100639995574,1.1405798053418856
2025-03-26,1.1766683567694445,1.1387652321901856
2025-03-27,1.1736668123591263,1.1358285995024546
2025-03-28,1.1729790540906357,1.135131441149576
2025-03-31,1.1710159046294062,1.1331811398193796
2025-04-01,1.1722935293466212,1.1343881197774313
2025-04-02,1.1734479029962346,1.135475603744267
2025-04-03,1.1621261720014617,1.1244905723173755
2025-04-04,1.1469286173711974,1.109756739714682
2025-04-07,1.1260027487363649,1.0894820222464716
2025-04-08,1.1259134024370125,1.0893691236727194
2025-04-09,1.1334633111929524,1.0966475776692102
2025-04-10,1.1413115586335663,1.104213025253765
2025-04-11,1.149091489357697,1.1117123894645276
2025-04-14,1.1561453440111313,1.1185086603657264
2025-04-15,1.158483850503695,1.120742512559805
2025-04-16,1.1597066140256271,1.1218967957974622
2025-04-17,1.1625442056611615,1.1246137646774148
2025-04-18,1.162965513640666,1.124993114958939
2025-04-21,1.1624212277911887,1.1244383573860122
2025-04-22,1.1665227887392948,1.1283776960759124
2025-04-23,1.1637548232200452,1.1256715746479191
2025-04-24,1.1676331849976451,1.1293938906608691
2025-04-25,1.171093452476543,1.1327112663447025
2025-04-28,1.1703369790551523,1.1319496907399749
2025-04-29,1.1712383637922479,1.1327916156705973
2025-04-30,1.1665223739349513,1.1281651260161074
2025-05-01,1.1649886183921851,1.126656370512577
2025-05-02,1.1670880548623876,1.1286611544449512
2025-05-05,1.167869571430911,1.129391159928392
2025-05-06,1.1698238384668007,1.1312553440610107
2025-05-07,1.1699042793866568,1.1313075983520458
2025-05-08,1.1676164326820946,1.1290696645731164
2025-05-09,1.1691130410532127,1.1304911313906618
2025-05-12,1.172478477930747,1.1337196889912338
2025-05-13,1.1731895803716212,1.1343809067606694
2025-05-14,1.1757332090076218,1.1368139126549015
2025-05-15,1.1744280860199843,1.1355254078198405
2025-05-16,1.1727395418668927,1.13386617378448
2025-05-19,1.1741086042188649,1.1351630911440134
2025-05-20,1.1775175695804831,1.1384322210080684
2025-05-21,1.1756460138167404,1.136596009414721
2025-05-22,1.1750960928072671,1.1360377810446993
2025-05-23,1.1746691725627096,1.1355984981338534
2025-05-26,1.1791273760533085,1.1398821545130482
2025-05-27,1.1796588928754956,1.1403695051548324
2025-05-28,1.178136241024912,1.1388710307076906
2025-05-29,1.1777489360736288,1.1384703013678206
2025-05-30,1.1781863311322855,1.1388541908615
2025-06-02,1.1800629345655667,1.140640593726316
2025-06-03,1.1845236281811005,1.1449247140127663
2025-06-04,1.1840851820435163,1.1444731306223024
2025-06-05,1.1840597049665393,1.144420702596923
2025-06-06,1.186667705559606,1.1469136529860344
2025-06-09,1.1874986961322398,1.1476888520216357
2025-06-10,1.1888304152230194,1.1489479501805044
2025-06-11,1.1894951061706942,1.149562254943011
2025-06-12,1.1912988047206097,1.1512773822753894
2025-06-13,1.193719710864436,1.1535888945694224
2025-06-16,1.192689420346293,1.1525654263619973
2025-06-17,1.1935323869855778,1.1533519684516382
2025-06-18,1.1922037368398515,1.1520402081860355
2025-06-19,1.1915267533400633,1.151358261495005
2025-06-20,1.1923342806091535,1.1521109337466005
2025-06-23,1.1886885340647808,1.1485604788349926
2025-06-24,1.1913711653637922,1.1511247495177037
2025-06-25,1.1922340216445708,1.151930217614789
2025-06-26,1.1982680136068444,1.1577319973656288
2025-06-27,1.1990708324943333,1.1584791870119449
2025-06-30,1.200305119767013,1.1596320123410677
2025-07-01,1.2007611063671866,1.1600435469848842
2025-07-02,1.2040158274051809,1.1631589976827492
2025-07-03,1.202483351071888,1.1616494629186818
2025-07-04,1.2009880933066333,1.1601757333570464
2025-07-07,1.201124536929418,1.1602784269283666
2025-07-08,1.2049113842679073,1.1639073104581297
2025-07-09,1.2045251962902868,1.1635050975369963
2025-07-10,1.2044141165656912,1.163368427350844
2025-07-11,1.2057747986256226,1.1646533566142028
2025-07-14,1.2032827604157463,1.1622170916081012
2025-07-15,1.2014703851649502,1.1604373859719994
2025-07-16,1.1995256890154484,1.1585299811097718
2025-07-17,1.2015315483411988,1.160438279086032
2025-07-18,1.2022826674940437,1.1611344106387083
2025-07-21,1.2034810971739607,1.1622625925750338
2025-07-22,1.2046515656926449,1.1633637050754504
2025-07-23,1.207542459289805,1.1661263198910452
2025-07-24,1.2107649985575157,1.1692087734517835
2025-07-25,1.209181750779495,1.167650169750372
2025-07-28,1.2074323622016874,1.1659311832921424
2025-07-29,1.2040714309696596,1.1626561434274967
2025-07-30,1.2029955914969777,1.161587821832433
2025-07-31,1.1878264139582828,1.1468978699014325
2025-08-01,1.1868765168632707,1.1459507666073374
2025-08-04,1.1894367033860982,1.1483931189206322
2025-08-05,1.1889271954758929,1.1478713099519875
2025-08-06,1.1900349956414253,1.1489110359438628
2025-08-07,1.19390518625393,1.1526174689853304
2025-08-08,1.19868332416329,1.1572001362476474
2025-08-11,1.196511826108437,1.1550732895377218
2025-08-12,1.1977124827053476,1.1562019675430304
2025-08-13,1.2006282889263105,1.1589861133769688
2025-08-14,1.2021746288246749,1.1604479990720806
2025-08-15,1.1998268015797802,1.158150785255204
2025-08-18,1.201867911744478,1.160090166106287
2025-08-19,1.198721263037115,1.1570220079477558
2025-08-20,1.1972771182997552,1.1555973699583808
2025-08-21,1.1946560960292114,1.1530370235205412
2025-08-22,1.1966446207193386,1.1549258070638884
2025-08-25,1.1992967919195607,1.1574547869950107
2025-08-26,1.1960083001964488,1.154250322388961
2025-08-27,1.1973392150753204,1.1555042026873
2025-08-28,1.1987319103413885,1.1568175831209364
2025-08-29,1.198956713011865,1.1569933602395606
2025-09-01,1.1988655934144385,1.156874706816745
2025-09-02,1.1996077858152314,1.1575602025762421
2025-09-03,1.1967634156228988,1.1547849222339397
2025-09-04,1.1991861272043391,1.1570919981035164
2025-09-05,1.1988554095852344,1.1567419515387212
2025-09-08,1.2031857186035624,1.1608892547315721
2025-09-09,1.205460153905119,1.1630526209051968
2025-09-10,1.2054384824987963,1.1630004843898005
2025-09-11,1.2077439204360623,1.1651935254025045
2025-09-12,1.210378886764693,1.1677041988531347
2025-09-15,1.2118781786345627,1.1691190754846332
2025-09-16,1.2123542702094423,1.1695466212182963
2025-09-17,1.213238398007588,1.170367885350532
2025-09-18,1.2125878520312274,1.169708621709198
2025-09-19,1.2113730782475827,1.168504830139375
2025-09-22,1.2103518572814476,1.1674877336885954
2025-09-23,1.2132379381887834,1.1702395277819975
2025-09-24,1.2136650322838904,1.1706194387505409
2025-09-25,1.211183061893736,1.168193513263419
2025-09-26,1.2096536956576556,1.1666866400156382
2025-09-29,1.2116300672773106,1.1685609565083976
2025-09-30,1.212498804906893,1.1693593660315396
2025-10-01,1.2137743140870072,1.170557288063733
2025-10-02,1.21509522513586,1.1717988151050325
2025-10-03,1.2167217984142968,1.1733348863126607
2025-10-06,1.2207228757985342,1.177160716736119
2025-10-07,1.2214701555856753,1.177848579276551
2025-10-08,1.2216798974396927,1.178018217431439
2025-10-09,1.2200338732838107,1.1763982832997382
2025-10-10,1.2116494350677067,1.1682810337470104
2025-10-13,1.215419173660861,1.1718840164552453
2025-10-14,1.2145287611198372,1.1709932315767209
2025-10-15,1.216645992917278,1.1730024350013255
2025-10-16,1.219376118624417,1.175602196317065
2025-10-17,1.2180480197989472,1.1742892750023215
2025-10-20,1.2231741652640296,1.1791987121079728
2025-10-21,1.2196326782821738,1.1757515739968916
2025-10-22,1.2171087618318968,1.1732854861688273
2025-10-23,1.2200131589267749,1.1760526150605737
2025-10-24,1.2222193049121042,1.178146439186603
2025-10-27,1.2248887336753138,1.1806865467968577
2025-10-28,1.2249015310977145,1.1806653647987333
2025-10-29,1.2259631459494706,1.1816550380611885
2025-10-30,1.2228518197913805,1.1786223998574352
2025-10-31,1.2232884709814063,1.1789798963449347
2025-11-03,1.2229730560531464,1.1786447231441644
2025-11-04,1.22030943127565,1.1760464131885644
2025-11-05,1.2166199838341232,1.1724599003842733
2025-11-06,1.2164513096269487,1.172266438952288
2025-11-07,1.2162763756217603,1.1720672812303268
2025-11-10,1.2208860620542117,1.1764788918931877
2025-11-11,1.2226355658992936,1.1781337272140346
2025-11-12,1.2232411625906245,1.1786861612730053
2025-11-13,1.2208623839040738,1.1763627769181995
2025-11-14,1.219770445663609,1.1752798082265827
2025-11-17,1.217923090146738,1.173469104266033
2025-11-18,1.2139528089268343,1.1696132701518505
2025-11-19,1.2138157831316798,1.1694512617407147
2025-11-20,1.211632255428163,1.1673174808723177
2025-11-21,1.210698057182064,1.1663876874023735
2025-11-24,1.2131359264141268,1.1687065745484309
2025-11-25,1.2152909956254112,1.1707525863960517
2025-11-26,1.2200062908035132,1.1752647227207216
2025-11-27,1.2230897914571417,1.1782044219300574
2025-11-28,1.2237751314604075,1.1788239845986987
2025-12-01,1.2225807925692485,1.1776440769103778
2025-12-02,1.2222111176639547,1.1772586854064915
2025-12-03,1.2245811676849172,1.1795121323762408
2025-12-04,1.2284781459833267,1.1832361537475817
2025-12-05,1.2284875132036717,1.1832154965345516
2025-12-08,1.2266075981999915,1.1813751676472204
2025-12-09,1.226463754137418,1.1812069911820804
2025-12-10,1.2269244778543331,1.1816210895026928
2025-12-11,1.2298044364558267,1.1843650258894287
2025-12-12,1.227947657907821,1.1825470686532398
2025-12-15,1.226934614112409,1.1815419388581254
2025-12-16,1.224899912500524,1.179553032830462
2025-12-17,1.2240356174807063,1.178691326149649
2025-12-18,1.2244786166561972,1.179088822641732
2025-12-19,1.2265014934833902,1.1810073879200744
2025-12-22,1.2291017615420097,1.183481643645937
2025-12-23,1.2326604153304033,1.1868785720121564
2025-12-24,1.2337841616266865,1.187930791004225
2025-12-25,1.2338332647545698,1.1879482152449767
2025-12-26,1.2341181039812201,1.1881926045984503
2025-12-29,1.2310560153203307,1.1852145880429366
2025-12-30,1.2319500314370737,1.1860455321822283
2025-12-31,1.2296335638487041,1.183776972799697
2026-01-02,1.2293407166087447,1.1834646632068235
2026-01-05,1.2319670629453467,1.1859626116701398
2026-01-06,1.2355496822845826,1.1893809290255797
2026-01-07,1.2335929349919539,1.187466572889552
2026-01-08,1.2329588488007714,1.186825567834047
2026-01-09,1.2355054603744506,1.189246397492547
2026-01-12,1.2371901432980599,1.1908371914543037
2026-01-13,1.2394590990430132,1.1929903011756569
2026-01-14,1.2389450180568502,1.19246464330839
2026-01-15,1.2375353735720724,1.1910772143200858
2026-01-16,1.2358780526980784,1.189451332976091
2026-01-19,1.234522176282009,1.1881156846324539
2026-01-20,1.2349066232925023,1.1884551099912222
2026-01-21,1.2382257911933565,1.1916189389765504
2026-01-22,1.2402647198437151,1.1935503586421823
2026-01-23,1.246177985743457,1.1992099064501955
2026-01-26,1.249303344176122,1.2021863890471431
2026-01-27,1.2514171035597859,1.2041891591893175
2026-01-28,1.2565284035520468,1.2090760647434995
2026-01-29,1.258083139029467,1.2105405156362647
2026-01-30,1.2508412763941563,1.2035115668431686
2026-02-02,1.2463376813205025,1.1991411772700666
2026-02-03,1.249126397121277,1.2017870217818718
2026-02-04,1.2487017758004744,1.2013414484300884
2026-02-05,1.2439169801006185,1.1967013961217767
2026-02-06,1.2449753966047818,1.1976833514125744
2026-02-09,1.2537137927082096,1.206052914286086
2026-02-10,1.2545721148447004,1.2068413229150463
2026-02-11,1.2534001889156063,1.2056766599303081
2026-02-12,1.2490687061328603,1.2014727783303087
2026-02-13,1.2480249501234082,1.2004319542721473
2026-02-16,1.2477339600785942,1.2001152760430163
2026-02-17,1.2479971733087047,1.2003316781488906
2026-02-18,1.2523158811198023,1.204448654066704
2026-02-19,1.2491007981443882,1.2013193473869834
2026-02-20,1.25092602902316,1.203037861360547
2026-02-23,1.2522173163178034,1.204242589225378
2026-02-24,1.251489448037395,1.2035057256673276
2026-02-25,1.2547204638064438,1.2065757950878897
2026-02-26,1.2559878935200384,1.2077571532958122
2026-02-27,1.2551007785937964,1.2068511182424597
2026-03-02,1.2513036689247334,1.2031627231043969
2026-03-03,1.2466562664364527,1.1986571810258833
2026-03-04,1.2439432074445183,1.1960123900638888
2026-03-05,1.2459690174310483,1.1979237179298374
2026-03-06,1.2462477274026076,1.1981554242349646
2026-03-09,1.2418695222062406,1.193910378453603
2026-03-10,1.245894675144846,1.1977443333278512
2026-03-11,1.2474925350228552,1.1992443347141213
2026-03-12,1.2459239287615345,1.1977003378315763
2026-03-13,1.243472851352767,1.195308637181945
2026-03-16,1.2392629929263947,1.191226598693781
2026-03-17,1.2442393201041058,1.195974585822967
2026-03-18,1.2437169080487616,1.1954368053526567
2026-03-19,1.235556670257878,1.187557981157514
2026-03-20,1.2376027824347828,1.189489676556616
2026-03-23,1.2322783362623202,1.1843377792350502
2026-03-24,1.2360225884635734,1.1879015562403885
2026-03-25,1.239154512090093,1.1908767691438997
2026-03-26,1.2343428148117837,1.1862174353074544
2026-03-27,1.2326248298023892,1.1845319954960973
2026-03-30,1.2311248381257454,1.1830566341446078
2026-03-31,1.2333393586229955,1.1851213319686769
2026-04-01,1.2425194844890948,1.1939106392382832
2026-04-02,1.2422567822917767,1.1936256505289387
2026-04-03,1.2417416026089816,1.1930981632532864
2026-04-06,1.2408156590578643,1.1921759985644118
2026-04-07,1.2418986264660252,1.1931840118499304
2026-04-08,1.2542297341929018,1.2049989036407294
2026-04-09,1.2544515397373803,1.205178260443762
2026-04-10,1.2573579642422874,1.207936696075227
2026-04-13,1.257767668452334,1.2082963640852311
2026-04-14,1.263809541603628,1.2140664989313257
2026-04-15,1.2662863713146204,1.2164111618857318
2026-04-16,1.2685424144250357,1.218543440929614
2026-04-17,1.2675055894786131,1.217512428676201
2026-04-20,1.2648741200277722,1.2149493077470725
2026-04-21,1.2648104008451484,1.214852846899813
2026-04-22,1.2662328704645005,1.2161840177831422
2026-04-23,1.2651120768273942,1.2150721532298243
2026-04-24,1.2651784666439683,1.2151007312474436
2026-04-27,1.2667556636309363,1.2165800124056707
2026-04-28,1.26579612286933,1.2156229481540142
2026-04-29,1.2672425763550694,1.216976762595971
2026-04-30,1.2671705621284668,1.2168466511948628
2026-05-01,1.2673153308060676,1.2169540824198628
2026-05-04,1.265983231794508,1.215643147246498
2026-05-05,1.2670121651226252,1.2165994689048862
2026-05-06,1.2726508063066075,1.2219817252289646
2026-05-07,1.273432360926516,1.2226995441202286
2026-05-08,1.2748415304272718,1.2240200622624444
2026-05-11,1.2778318302105682,1.2268583906291457
2026-05-12,1.2782681958897624,1.2272445415793598
2026-05-13,1.2793102789270405,1.2282124220649928
2026-05-14,1.2791664281771606,1.2280414794650314
2026-05-15,1.2724692376143578,1.2215789724446997
2026-05-18,1.2695172731869153,1.218712464590382
2026-05-19,1.270366375077275,1.2194950739158912
2026-05-20,1.2697914152169896,1.2189107601780091
2026-05-21,1.2720358425109048,1.22103248262132
2026-05-22,1.2745286573897778,1.223392466812217
2026-05-25,1.276135530207589,1.2249017701107379
2026-05-26,1.276186982239009,1.2249179878498309
2026-05-27,1.2747210466169685,1.2234777827366263
2026-05-28,1.2766004668466024,1.2252484958409144
2026-05-29,1.2787066226170367,1.227224755488259
2026-06-01,1.2809403928780398,1.2293368501149273
2026-06-02,1.2828527656403852,1.2311403505495786
2026-06-03,1.2817716253223796,1.2300708353120737
2026-06-04,1.2808800692184517,1.229183425386157
2026-06-05,1.2732755262783626,1.2218539721936412
2026-06-08,1.2696931791170214,1.2183853456616074
2026-06-09,1.2689799801541333,1.2176699843090906
2026-06-10,1.2656859999016001,1.2144783068141554
2026-06-11,1.267704956390795,1.2163851680816402
2026-06-12,1.2735834817156324,1.221994742953431
2026-06-15,1.2796641919523413,1.2277978082416927
2026-06-16,1.2774447825608664,1.2256363449806575
2026-06-17,1.277441231985451,1.225601159061966
2026-06-18,1.275650373465866,1.2238513739805685
2026-06-19,1.2746243922265794,1.222835086225539
2026-06-22,1.2760151505807191,1.2241374380006909
2026-06-23,1.2687478798760623,1.2171336685224179
2026-06-24,1.2631177512895773,1.2117013280876288
2026-06-25,1.265776973373451,1.2142211746274152
2026-06-26,1.2632955609898155,1.211809483852803
2026-06-29,1.26533305285243,1.2137328504252618
2026-06-30,1.2693870544636896,1.2175675489149655
2026-07-01,1.2693368288571656,1.217491468125016
2026-07-02,1.2680161527480946,1.2161970200401637
2026-07-03,1.2694857394268564,1.217578939517227
2026-07-06,1.270533496848789,1.2185561190504297
2026-07-07,1.2700395083652871,1.218054610168197
2026-07-08,1.2663199248337267,1.2144598591543259
2026-07-09,1.270448877765718,1.2183925098792092
2026-07-10,1.2717637743783254,1.2196259929206563
2026-07-13,1.2694926849608132,1.2174203856173775
2026-07-14,1.2712090158607159,1.2190389689763723
2026-07-15,1.272235206407703,1.2199955728019132
2026-07-16,1.2728392446978671,1.2205472726412787
2026-07-17,1.2699307357173573,1.2177309002899734
2026-07-20,1.2690731740079628,1.2168816124190998
2026-07-21,1.2733956352160385,1.2209993673936013
2026-07-22,1.2738398695420174,1.2213980913838365
2026-07-23,1.2711608388133298,1.218802160229652
2026-07-24,1.2685668150045237,1.2162881649310617
2026-07-27,1.2687911059973966,1.2164764713024858
2026-07-28,1.265847916190965,1.2136278908541398
2026-07-29,1.2646211697998604,1.2124251324609525
2026-07-30,1.2695998542994902,1.2171720795542764
2026-07-31,1.2725275617413558,1.2199435413924231
2026-08-03,1.2741073981769602,1.2214304333585917
2026-08-04,1.2753105212391176,1.222555754510188
2026-08-05,1.2790581989907788,1.2261198452391817
2026-08-06,1.2789700376286084,1.2260067836912019
2026-08-07,1.279846783473966,1.2268186982267861
2026-08-10,1.28133649421982,1.2282180094738429
2026-08-11,1.282202179825238,1.2290190856997347
2026-08-12,1.2826130813363392,1.229384275005717
2026-08-13,1.2829530884366498,1.2296814381335899
2026-08-14,1.2832849195178275,1.2299705672117947
2026-08-17,1.2850144278581925,1.2315993228013793
2026-08-18,1.282411247390797,1.2290754968224462
2026-08-19,1.2821547083076226,1.228801100411842
2026-08-20,1.2827281815767273,1.229322268660259
2026-08-21,1.2857801084222382,1.2322187735369812
2026-08-24,1.2861094396612776,1.2325059151819548
2026-08-25,1.2868745549101972,1.2332108107096893
2026-08-26,1.286785341464757,1.2330968959998656
2026-08-27,1.2874406081900087,1.2336963694465537
2026-08-28,1.2862278473645048,1.2325056592821884
2026-08-31,1.2840967850906713,1.2304268633034714
2026-09-01,1.2825884757158599,1.2289528887218273
2026-09-02,1.281874682690104,1.2282404590392162
2026-09-03,1.2821083477224346,1.2284358732778193
2026-09-04,1.2815351612011512,1.2278579687495679
2026-09-07,1.2828392344335873,1.2290786370167548
2026-09-08,1.2815649059884662,1.2278288911447774
2026-09-09,1.280260538667149,1.2265503804572666
2026-09-10,1.2787560382506604,1.2250803597145048
2026-09-11,1.2778957865640488,1.2242277730876683
2026-09-14,1.2757730340154119,1.2221655589809746
2026-09-15,1.2745005626571453,1.2209181513165543
2026-09-16,1.2746430456785631,1.221026409091911
2026-09-17,1.2754821038254636,1.2218019613622693
2026-09-18,1.2760735126173708,1.2223399907070305
2026-09-21,1.2788054273080667,1.2249283810712768
2026-09-22,1.2786326724754489,1.2247224346190793
