time,open,high,low,close,tick_volume,spread,real_volume,time_utc
1789948800,1.14775,1.1482,1.14775,1.14816,58,67,0,2026-09-21 00:00:00+00:00
1789949700,1.14815,1.14842,1.14782,1.14782,62,15,0,2026-09-21 00:15:00+00:00
1789950600,1.14781,1.1480299999999999,1.14757,1.14794,61,14,0,2026-09-21 00:30:00+00:00
1789951500,1.14794,1.14804,1.14752,1.14785,44,14,0,2026-09-21 00:45:00+00:00
1789952400,1.14776,1.14843,1.14774,1.14828,216,12,0,2026-09-21 01:00:00+00:00
1789953300,1.1482700000000001,1.14833,1.14815,1.14816,132,12,0,2026-09-21 01:15:00+00:00
1789954200,1.14815,1.14817,1.14802,1.14814,108,11,0,2026-09-21 01:30:00+00:00
1789955100,1.14813,1.14815,1.14795,1.14796,74,11,0,2026-09-21 01:45:00+00:00
1789956000,1.14796,1.14798,1.14785,1.14796,131,11,0,2026-09-21 02:00:00+00:00
1789956900,1.14796,1.148,1.14786,1.14799,110,11,0,2026-09-21 02:15:00+00:00
1789957800,1.14799,1.14799,1.14778,1.14778,92,11,0,2026-09-21 02:30:00+00:00
1789958700,1.14779,1.14784,1.14772,1.14779,180,11,0,2026-09-21 02:45:00+00:00
1789959600,1.14778,1.14796,1.14761,1.14796,218,11,0,2026-09-21 03:00:00+00:00
1789960500,1.14796,1.14812,1.14786,1.14811,206,11,0,2026-09-21 03:15:00+00:00
1789961400,1.14811,1.14847,1.14807,1.14836,276,11,0,2026-09-21 03:30:00+00:00
1789962300,1.14836,1.14841,1.14801,1.14801,228,11,0,2026-09-21 03:45:00+00:00
1789963200,1.14802,1.14832,1.14798,1.14823,311,11,0,2026-09-21 04:00:00+00:00
1789964100,1.14823,1.14847,1.1482,1.14838,282,11,0,2026-09-21 04:15:00+00:00
1789965000,1.14838,1.1485,1.14826,1.14845,244,11,0,2026-09-21 04:30:00+00:00
1789965900,1.14845,1.14848,1.14824,1.14825,316,11,0,2026-09-21 04:45:00+00:00
1789966800,1.14825,1.14826,1.14799,1.1481,265,11,0,2026-09-21 05:00:00+00:00
1789967700,1.14809,1.14814,1.1480299999999999,1.14811,216,11,0,2026-09-21 05:15:00+00:00
1789968600,1.14811,1.14817,1.14801,1.14802,205,11,0,2026-09-21 05:30:00+00:00
1789969500,1.14802,1.14805,1.1476,1.14764,229,11,0,2026-09-21 05:45:00+00:00
1789970400,1.14763,1.1476600000000001,1.14739,1.14754,219,11,0,2026-09-21 06:00:00+00:00
1789971300,1.14755,1.14775,1.1475,1.14751,237,11,0,2026-09-21 06:15:00+00:00
1789972200,1.14751,1.14765,1.14746,1.14755,203,11,0,2026-09-21 06:30:00+00:00
1789973100,1.14755,1.1476600000000001,1.14739,1.14746,162,11,0,2026-09-21 06:45:00+00:00
1789974000,1.14747,1.14757,1.14739,1.14756,203,11,0,2026-09-21 07:00:00+00:00
1789974900,1.14757,1.14771,1.1474,1.14744,243,11,0,2026-09-21 07:15:00+00:00
1789975800,1.14744,1.14763,1.1473,1.14753,201,11,0,2026-09-21 07:30:00+00:00
1789976700,1.14753,1.1476,1.14739,1.1474199999999999,218,11,0,2026-09-21 07:45:00+00:00
1789977600,1.1474199999999999,1.14763,1.14735,1.14763,240,11,0,2026-09-21 08:00:00+00:00
1789978500,1.14762,1.1476600000000001,1.1474,1.14744,215,11,0,2026-09-21 08:15:00+00:00
1789979400,1.14744,1.14752,1.14716,1.14722,258,11,0,2026-09-21 08:30:00+00:00
1789980300,1.14722,1.14736,1.14713,1.14725,184,11,0,2026-09-21 08:45:00+00:00
1789981200,1.14725,1.1473,1.14706,1.14721,399,11,0,2026-09-21 09:00:00+00:00
1789982100,1.14721,1.14745,1.14709,1.14744,303,11,0,2026-09-21 09:15:00+00:00
1789983000,1.14743,1.14758,1.14729,1.14756,278,11,0,2026-09-21 09:30:00+00:00
1789983900,1.14756,1.14783,1.1474,1.1474199999999999,316,11,0,2026-09-21 09:45:00+00:00
1789984800,1.1474199999999999,1.14746,1.14703,1.14721,574,11,0,2026-09-21 10:00:00+00:00
1789985700,1.14721,1.14758,1.14713,1.14752,347,11,0,2026-09-21 10:15:00+00:00
1789986600,1.14752,1.14764,1.1474199999999999,1.14757,360,11,0,2026-09-21 10:30:00+00:00
1789987500,1.14755,1.14779,1.1475,1.14756,352,11,0,2026-09-21 10:45:00+00:00
1789988400,1.14755,1.14775,1.1474,1.1476899999999999,380,11,0,2026-09-21 11:00:00+00:00
1789989300,1.1476899999999999,1.1479300000000001,1.14763,1.1479,336,11,0,2026-09-21 11:15:00+00:00
1789990200,1.1479,1.14855,1.1479,1.1482700000000001,360,11,0,2026-09-21 11:30:00+00:00
1789991100,1.1482700000000001,1.14852,1.14794,1.14795,377,11,0,2026-09-21 11:45:00+00:00
1789992000,1.14795,1.14805,1.14775,1.1479300000000001,313,11,0,2026-09-21 12:00:00+00:00
1789992900,1.1479300000000001,1.14797,1.14765,1.1477,248,11,0,2026-09-21 12:15:00+00:00
1789993800,1.1476899999999999,1.1479300000000001,1.14764,1.14777,287,11,0,2026-09-21 12:30:00+00:00
1789994700,1.14777,1.14801,1.1476,1.1479300000000001,299,11,0,2026-09-21 12:45:00+00:00
1789995600,1.1479300000000001,1.14806,1.14787,1.148,242,11,0,2026-09-21 13:00:00+00:00
1789996500,1.148,1.14813,1.1479,1.14807,253,11,0,2026-09-21 13:15:00+00:00
1789997400,1.14807,1.14836,1.1479300000000001,1.14828,312,11,0,2026-09-21 13:30:00+00:00
1789998300,1.14828,1.1482999999999999,1.14794,1.14799,291,11,0,2026-09-21 13:45:00+00:00
1789999200,1.14798,1.14812,1.1479,1.14809,234,11,0,2026-09-21 14:00:00+00:00
1790000100,1.14809,1.14843,1.14806,1.1484,314,11,0,2026-09-21 14:15:00+00:00
1790001000,1.1484,1.14886,1.14818,1.14876,389,11,0,2026-09-21 14:30:00+00:00
1790001900,1.14879,1.14902,1.14857,1.14892,417,11,0,2026-09-21 14:45:00+00:00
1790002800,1.14893,1.14951,1.14876,1.14879,584,11,0,2026-09-21 15:00:00+00:00
1790003700,1.14879,1.1491500000000001,1.14859,1.14872,462,11,0,2026-09-21 15:15:00+00:00
1790004600,1.14871,1.14879,1.14834,1.14865,385,11,0,2026-09-21 15:30:00+00:00
1790005500,1.1486399999999999,1.14866,1.1482999999999999,1.1485400000000001,337,11,0,2026-09-21 15:45:00+00:00
1790006400,1.1485400000000001,1.14861,1.14818,1.14825,475,11,0,2026-09-21 16:00:00+00:00
1790007300,1.14825,1.14842,1.14802,1.14804,460,11,0,2026-09-21 16:15:00+00:00
1790008200,1.14804,1.14805,1.14757,1.14761,456,11,0,2026-09-21 16:30:00+00:00
1790009100,1.14761,1.14761,1.14711,1.14718,583,11,0,2026-09-21 16:45:00+00:00
1790010000,1.14718,1.14723,1.14659,1.1469,634,11,0,2026-09-21 17:00:00+00:00
1790010900,1.1469,1.14719,1.14663,1.14718,560,11,0,2026-09-21 17:15:00+00:00
1790011800,1.14717,1.14752,1.1470799999999999,1.14724,567,11,0,2026-09-21 17:30:00+00:00
1790012700,1.14724,1.14741,1.14688,1.14717,546,11,0,2026-09-21 17:45:00+00:00
1790013600,1.14718,1.14731,1.14689,1.14699,511,11,0,2026-09-21 18:00:00+00:00
1790014500,1.14699,1.14705,1.14674,1.14685,424,11,0,2026-09-21 18:15:00+00:00
1790015400,1.14684,1.14695,1.1467100000000001,1.14678,426,11,0,2026-09-21 18:30:00+00:00
1790016300,1.14679,1.14694,1.14662,1.14674,402,11,0,2026-09-21 18:45:00+00:00
1790017200,1.14674,1.14702,1.14659,1.14695,519,11,0,2026-09-21 19:00:00+00:00
1790018100,1.14695,1.1472,1.1469,1.14694,396,11,0,2026-09-21 19:15:00+00:00
1790019000,1.14693,1.14711,1.14689,1.1469,206,11,0,2026-09-21 19:30:00+00:00
1790019900,1.1469,1.14698,1.14679,1.14688,207,11,0,2026-09-21 19:45:00+00:00
1790020800,1.14687,1.14696,1.1468099999999999,1.14685,229,11,0,2026-09-21 20:00:00+00:00
1790021700,1.14685,1.14698,1.14673,1.14692,220,11,0,2026-09-21 20:15:00+00:00
1790022600,1.14692,1.14698,1.14657,1.14664,251,11,0,2026-09-21 20:30:00+00:00
1790023500,1.14664,1.14676,1.14656,1.14658,205,11,0,2026-09-21 20:45:00+00:00
1790024400,1.14657,1.14668,1.14652,1.14664,153,11,0,2026-09-21 21:00:00+00:00
1790025300,1.14663,1.14674,1.14646,1.14651,262,11,0,2026-09-21 21:15:00+00:00
1790026200,1.14651,1.14651,1.14614,1.14619,235,11,0,2026-09-21 21:30:00+00:00
1790027100,1.14619,1.14646,1.14615,1.14641,290,11,0,2026-09-21 21:45:00+00:00
1790028000,1.14643,1.14669,1.1463700000000001,1.14667,225,11,0,2026-09-21 22:00:00+00:00
1790028900,1.14668,1.14683,1.14667,1.14673,202,11,0,2026-09-21 22:15:00+00:00
1790029800,1.14672,1.14687,1.14666,1.14672,268,11,0,2026-09-21 22:30:00+00:00
1790030700,1.14672,1.14672,1.1463700000000001,1.14638,238,11,0,2026-09-21 22:45:00+00:00
1790031600,1.14638,1.14642,1.14632,1.14633,138,11,0,2026-09-21 23:00:00+00:00
1790032500,1.14633,1.14643,1.14632,1.14643,134,11,0,2026-09-21 23:15:00+00:00
1790033400,1.14643,1.14653,1.14641,1.14643,109,11,0,2026-09-21 23:30:00+00:00
1790034300,1.14643,1.14644,1.14621,1.14621,225,11,0,2026-09-21 23:45:00+00:00
1790035200,1.14618,1.14657,1.14596,1.14656,82,32,0,2026-09-22 00:00:00+00:00
1790036100,1.14653,1.14668,1.1463,1.1463700000000001,68,26,0,2026-09-22 00:15:00+00:00
1790037000,1.1463700000000001,1.1464699999999999,1.14621,1.14645,78,15,0,2026-09-22 00:30:00+00:00
1790037900,1.14642,1.14652,1.14624,1.14636,87,32,0,2026-09-22 00:45:00+00:00
1790038800,1.14649,1.14649,1.14617,1.14639,156,11,0,2026-09-22 01:00:00+00:00
1790039700,1.14639,1.14641,1.14633,1.14638,88,11,0,2026-09-22 01:15:00+00:00
1790040600,1.14638,1.1464,1.14633,1.14634,64,11,0,2026-09-22 01:30:00+00:00
1790041500,1.14636,1.14646,1.14633,1.14641,72,12,0,2026-09-22 01:45:00+00:00
1790042400,1.14641,1.14642,1.14635,1.14636,48,12,0,2026-09-22 02:00:00+00:00
1790043300,1.14635,1.14639,1.14621,1.14627,58,11,0,2026-09-22 02:15:00+00:00
1790044200,1.14627,1.1463700000000001,1.14624,1.1463700000000001,82,11,0,2026-09-22 02:30:00+00:00
1790045100,1.1463700000000001,1.14643,1.14627,1.1463,114,11,0,2026-09-22 02:45:00+00:00
1790046000,1.1463,1.14677,1.1463,1.14672,243,11,0,2026-09-22 03:00:00+00:00
1790046900,1.1467100000000001,1.14682,1.14659,1.14677,212,11,0,2026-09-22 03:15:00+00:00
1790047800,1.14677,1.14688,1.1467,1.14684,238,11,0,2026-09-22 03:30:00+00:00
1790048700,1.14684,1.14705,1.14678,1.14699,278,11,0,2026-09-22 03:45:00+00:00
1790049600,1.14699,1.14702,1.14661,1.14662,247,11,0,2026-09-22 04:00:00+00:00
1790050500,1.14662,1.1467100000000001,1.14648,1.14659,322,11,0,2026-09-22 04:15:00+00:00
1790051400,1.14658,1.14659,1.14632,1.14632,276,11,0,2026-09-22 04:30:00+00:00
1790052300,1.14631,1.14636,1.14625,1.14626,278,11,0,2026-09-22 04:45:00+00:00
1790053200,1.14626,1.14658,1.14625,1.14657,190,11,0,2026-09-22 05:00:00+00:00
1790054100,1.14657,1.14707,1.14646,1.14702,248,11,0,2026-09-22 05:15:00+00:00
1790055000,1.14702,1.14703,1.14684,1.14699,248,11,0,2026-09-22 05:30:00+00:00
1790055900,1.14699,1.14699,1.14684,1.14692,200,11,0,2026-09-22 05:45:00+00:00
1790056800,1.14691,1.1470799999999999,1.14684,1.14703,224,11,0,2026-09-22 06:00:00+00:00
1790057700,1.14704,1.14738,1.14699,1.14728,195,11,0,2026-09-22 06:15:00+00:00
1790058600,1.14728,1.1475,1.14727,1.14736,231,11,0,2026-09-22 06:30:00+00:00
1790059500,1.14736,1.1474199999999999,1.14724,1.14727,227,11,0,2026-09-22 06:45:00+00:00
1790060400,1.14727,1.14755,1.14714,1.14738,244,11,0,2026-09-22 07:00:00+00:00
1790061300,1.14738,1.1475,1.14729,1.14749,176,11,0,2026-09-22 07:15:00+00:00
1790062200,1.14749,1.14763,1.1474199999999999,1.14757,150,11,0,2026-09-22 07:30:00+00:00
1790063100,1.14757,1.14773,1.14756,1.14773,117,11,0,2026-09-22 07:45:00+00:00
1790064000,1.14772,1.14776,1.14761,1.14763,161,11,0,2026-09-22 08:00:00+00:00
1790064900,1.14764,1.14768,1.14743,1.14745,271,11,0,2026-09-22 08:15:00+00:00
1790065800,1.14745,1.14745,1.14705,1.1471,283,11,0,2026-09-22 08:30:00+00:00
1790066700,1.1471,1.14724,1.14697,1.14706,250,11,0,2026-09-22 08:45:00+00:00
1790067600,1.14706,1.14707,1.14623,1.14635,548,11,0,2026-09-22 09:00:00+00:00
1790068500,1.14635,1.14642,1.1458599999999999,1.14611,532,11,0,2026-09-22 09:15:00+00:00
1790069400,1.14611,1.14624,1.14598,1.14602,311,11,0,2026-09-22 09:30:00+00:00
1790070300,1.14602,1.14643,1.14593,1.14643,337,11,0,2026-09-22 09:45:00+00:00
1790071200,1.14643,1.14643,1.14605,1.14611,473,11,0,2026-09-22 10:00:00+00:00
1790072100,1.14612,1.14638,1.14598,1.14599,438,11,0,2026-09-22 10:15:00+00:00
1790073000,1.14598,1.14599,1.1451,1.14542,595,11,0,2026-09-22 10:30:00+00:00
1790073900,1.14544,1.14567,1.14459,1.14461,503,11,0,2026-09-22 10:45:00+00:00
1790074800,1.1446,1.14463,1.1439300000000001,1.14394,727,11,0,2026-09-22 11:00:00+00:00
1790075700,1.14394,1.1440299999999999,1.14347,1.14368,682,11,0,2026-09-22 11:15:00+00:00
1790076600,1.14368,1.14542,1.1433200000000001,1.1451,1004,11,0,2026-09-22 11:30:00+00:00
1790077500,1.1451,1.14646,1.14476,1.14568,1201,11,0,2026-09-22 11:45:00+00:00
1790078400,1.14569,1.1457,1.14469,1.14509,858,11,0,2026-09-22 12:00:00+00:00
1790079300,1.14508,1.14574,1.14508,1.14563,595,11,0,2026-09-22 12:15:00+00:00
1790080200,1.14564,1.1461000000000001,1.14545,1.1461000000000001,590,11,0,2026-09-22 12:30:00+00:00
1790081100,1.1461000000000001,1.14689,1.14597,1.14664,861,11,0,2026-09-22 12:45:00+00:00
1790082000,1.14664,1.14702,1.14615,1.14632,615,11,0,2026-09-22 13:00:00+00:00
1790082900,1.14636,1.14642,1.14596,1.14623,459,11,0,2026-09-22 13:15:00+00:00
1790083800,1.14624,1.14678,1.14617,1.14674,313,11,0,2026-09-22 13:30:00+00:00
1790084700,1.14675,1.14682,1.14648,1.14656,384,11,0,2026-09-22 13:45:00+00:00
1790085600,1.14654,1.14662,1.1459,1.14604,601,11,0,2026-09-22 14:00:00+00:00
1790086500,1.14604,1.14622,1.1459,1.14606,498,11,0,2026-09-22 14:15:00+00:00
1790087400,1.14606,1.14619,1.1458599999999999,1.14608,427,11,0,2026-09-22 14:30:00+00:00
1790088300,1.14608,1.14638,1.14599,1.14615,418,11,0,2026-09-22 14:45:00+00:00
1790089200,1.14615,1.14661,1.14615,1.14617,610,11,0,2026-09-22 15:00:00+00:00
1790090100,1.14616,1.14657,1.14614,1.14649,466,11,0,2026-09-22 15:15:00+00:00
1790091000,1.14649,1.14656,1.1458,1.14581,550,11,0,2026-09-22 15:30:00+00:00
1790091900,1.14581,1.14596,1.14543,1.14554,483,11,0,2026-09-22 15:45:00+00:00
1790092800,1.14555,1.14596,1.1454900000000001,1.14567,753,11,0,2026-09-22 16:00:00+00:00
1790093700,1.14568,1.14569,1.1451,1.14518,555,11,0,2026-09-22 16:15:00+00:00
1790094600,1.14518,1.14592,1.14514,1.1457,689,11,0,2026-09-22 16:30:00+00:00
1790095500,1.1457,1.1458599999999999,1.14526,1.14528,544,11,0,2026-09-22 16:45:00+00:00
1790096400,1.14527,1.14542,1.14492,1.14497,606,11,0,2026-09-22 17:00:00+00:00
1790097300,1.14497,1.14509,1.14455,1.14491,779,11,0,2026-09-22 17:15:00+00:00
1790098200,1.14491,1.14516,1.14402,1.14405,790,11,0,2026-09-22 17:30:00+00:00
1790099100,1.14407,1.1443,1.14391,1.14423,803,11,0,2026-09-22 17:45:00+00:00
1790100000,1.14423,1.14429,1.14362,1.14362,693,11,0,2026-09-22 18:00:00+00:00
1790100900,1.14362,1.14435,1.14362,1.1439300000000001,481,11,0,2026-09-22 18:15:00+00:00
1790101800,1.1439300000000001,1.144,1.14328,1.14329,545,11,0,2026-09-22 18:30:00+00:00
1790102700,1.14328,1.14336,1.14301,1.1431,448,11,0,2026-09-22 18:45:00+00:00
1790103600,1.14309,1.14324,1.14288,1.14304,398,11,0,2026-09-22 19:00:00+00:00
1790104500,1.14304,1.1433200000000001,1.14303,1.14331,363,11,0,2026-09-22 19:15:00+00:00
1790105400,1.1433,1.14351,1.14312,1.14349,303,11,0,2026-09-22 19:30:00+00:00
1790106300,1.14345,1.14382,1.1432,1.1436600000000001,575,11,0,2026-09-22 19:45:00+00:00
1790107200,1.1436600000000001,1.1436600000000001,1.14323,1.14329,426,11,0,2026-09-22 20:00:00+00:00
1790108100,1.14328,1.1433,1.14299,1.14327,290,11,0,2026-09-22 20:15:00+00:00
1790109000,1.14327,1.14343,1.14316,1.14334,250,11,0,2026-09-22 20:30:00+00:00
1790109900,1.14335,1.14416,1.14327,1.14387,628,11,0,2026-09-22 20:45:00+00:00
1790110800,1.14387,1.14424,1.14369,1.14418,511,11,0,2026-09-22 21:00:00+00:00
1790111700,1.14418,1.14429,1.1440299999999999,1.1442,397,11,0,2026-09-22 21:15:00+00:00
1790112600,1.1442,1.1443,1.1439300000000001,1.14411,315,11,0,2026-09-22 21:30:00+00:00
1790113500,1.14411,1.14421,1.14398,1.14414,268,11,0,2026-09-22 21:45:00+00:00
1790114400,1.14414,1.14428,1.14409,1.14428,261,11,0,2026-09-22 22:00:00+00:00
1790115300,1.14428,1.14466,1.14423,1.14462,300,11,0,2026-09-22 22:15:00+00:00
1790116200,1.14462,1.14544,1.14459,1.14517,667,11,0,2026-09-22 22:30:00+00:00
1790117100,1.14518,1.1452499999999999,1.14471,1.14472,516,11,0,2026-09-22 22:45:00+00:00
1790118000,1.14473,1.14506,1.14472,1.14484,163,11,0,2026-09-22 23:00:00+00:00
1790118900,1.14483,1.14489,1.14467,1.14474,173,11,0,2026-09-22 23:15:00+00:00
1790119800,1.14474,1.14485,1.14469,1.14479,128,11,0,2026-09-22 23:30:00+00:00
1790120700,1.14479,1.14485,1.14434,1.14451,188,12,0,2026-09-22 23:45:00+00:00
1790121600,1.14444,1.1446399999999999,1.14444,1.1446399999999999,18,42,0,2026-09-23 00:00:00+00:00
1790122500,1.1446399999999999,1.14467,1.14449,1.14452,95,19,0,2026-09-23 00:15:00+00:00
1790123400,1.14452,1.14482,1.14451,1.14477,71,22,0,2026-09-23 00:30:00+00:00
1790124300,1.14477,1.14484,1.1446399999999999,1.1446399999999999,73,28,0,2026-09-23 00:45:00+00:00
1790125200,1.14463,1.14484,1.14463,1.14478,210,12,0,2026-09-23 01:00:00+00:00
1790126100,1.14478,1.14478,1.14467,1.14471,134,11,0,2026-09-23 01:15:00+00:00
1790127000,1.14471,1.14471,1.1446399999999999,1.14465,101,11,0,2026-09-23 01:30:00+00:00
1790127900,1.14465,1.14465,1.14453,1.14461,161,11,0,2026-09-23 01:45:00+00:00
1790128800,1.14461,1.14465,1.1445,1.14459,92,11,0,2026-09-23 02:00:00+00:00
1790129700,1.14459,1.14467,1.14457,1.14463,95,12,0,2026-09-23 02:15:00+00:00
1790130600,1.14463,1.1447,1.14462,1.14467,104,12,0,2026-09-23 02:30:00+00:00
1790131500,1.14467,1.14482,1.14467,1.14473,123,11,0,2026-09-23 02:45:00+00:00
1790132400,1.14473,1.1448,1.14443,1.14459,332,11,0,2026-09-23 03:00:00+00:00
1790133300,1.14459,1.14468,1.14442,1.14466,292,11,0,2026-09-23 03:15:00+00:00
1790134200,1.14466,1.14477,1.14449,1.14468,232,11,0,2026-09-23 03:30:00+00:00
1790135100,1.14469,1.14484,1.14457,1.14457,221,11,0,2026-09-23 03:45:00+00:00
1790136000,1.14458,1.14458,1.14435,1.1443699999999999,272,11,0,2026-09-23 04:00:00+00:00
1790136900,1.14436,1.1443699999999999,1.14368,1.14372,319,11,0,2026-09-23 04:15:00+00:00
1790137800,1.14372,1.14415,1.1437,1.14396,314,11,0,2026-09-23 04:30:00+00:00
1790138700,1.14396,1.1440299999999999,1.14375,1.14386,249,11,0,2026-09-23 04:45:00+00:00
1790139600,1.14385,1.14385,1.14336,1.1434,285,11,0,2026-09-23 05:00:00+00:00
1790140500,1.14341,1.1436,1.14333,1.14355,298,11,0,2026-09-23 05:15:00+00:00
1790141400,1.14355,1.14363,1.14343,1.14357,200,11,0,2026-09-23 05:30:00+00:00
1790142300,1.14357,1.14361,1.14321,1.1433,187,11,0,2026-09-23 05:45:00+00:00
1790143200,1.1433,1.14335,1.1431499999999999,1.1432,222,11,0,2026-09-23 06:00:00+00:00
1790144100,1.1432,1.14325,1.14295,1.1432,267,11,0,2026-09-23 06:15:00+00:00
1790145000,1.1432,1.14328,1.14289,1.14295,189,11,0,2026-09-23 06:30:00+00:00
1790145900,1.14295,1.14296,1.14264,1.14264,240,11,0,2026-09-23 06:45:00+00:00
1790146800,1.14265,1.14273,1.14248,1.14255,226,11,0,2026-09-23 07:00:00+00:00
1790147700,1.14255,1.14294,1.14255,1.14286,224,11,0,2026-09-23 07:15:00+00:00
1790148600,1.14286,1.14287,1.1427100000000001,1.1427100000000001,171,11,0,2026-09-23 07:30:00+00:00
1790149500,1.1427100000000001,1.14273,1.14253,1.14261,196,11,0,2026-09-23 07:45:00+00:00
1790150400,1.1426,1.14279,1.14257,1.1427100000000001,202,11,0,2026-09-23 08:00:00+00:00
1790151300,1.1427100000000001,1.14284,1.14269,1.14269,214,11,0,2026-09-23 08:15:00+00:00
1790152200,1.14269,1.14274,1.14252,1.14253,235,11,0,2026-09-23 08:30:00+00:00
1790153100,1.14254,1.14261,1.14227,1.14251,260,11,0,2026-09-23 08:45:00+00:00
1790154000,1.14251,1.1427100000000001,1.14219,1.14226,415,11,0,2026-09-23 09:00:00+00:00
1790154900,1.14226,1.14253,1.14219,1.14232,364,11,0,2026-09-23 09:15:00+00:00
1790155800,1.14232,1.1427,1.14226,1.14264,387,11,0,2026-09-23 09:30:00+00:00
1790156700,1.14264,1.14278,1.1423,1.14231,387,11,0,2026-09-23 09:45:00+00:00
1790157600,1.14231,1.14236,1.14197,1.14217,351,11,0,2026-09-23 10:00:00+00:00
1790158500,1.14245,1.14254,1.14209,1.14229,470,11,0,2026-09-23 10:15:00+00:00
1790159400,1.14256,1.14256,1.14206,1.14216,485,11,0,2026-09-23 10:30:00+00:00
1790160300,1.14216,1.14243,1.14156,1.14174,477,11,0,2026-09-23 10:45:00+00:00
1790161200,1.14175,1.14189,1.14116,1.14123,552,11,0,2026-09-23 11:00:00+00:00
1790162100,1.14123,1.14185,1.1408800000000001,1.14184,469,11,0,2026-09-23 11:15:00+00:00
1790163000,1.14184,1.14223,1.14174,1.14176,348,11,0,2026-09-23 11:30:00+00:00
1790163900,1.14176,1.14212,1.14171,1.14171,344,11,0,2026-09-23 11:45:00+00:00
1790164800,1.14171,1.14185,1.14126,1.14137,412,11,0,2026-09-23 12:00:00+00:00
1790165700,1.14136,1.14138,1.1411,1.14134,326,11,0,2026-09-23 12:15:00+00:00
1790166600,1.14134,1.14141,1.14092,1.14097,301,11,0,2026-09-23 12:30:00+00:00
1790167500,1.14096,1.14099,1.14071,1.14073,490,11,0,2026-09-23 12:45:00+00:00
1790168400,1.14073,1.14127,1.14063,1.14102,527,11,0,2026-09-23 13:00:00+00:00
1790169300,1.14103,1.14112,1.1408,1.14101,423,11,0,2026-09-23 13:15:00+00:00
1790170200,1.141,1.141,1.14069,1.14077,434,11,0,2026-09-23 13:30:00+00:00
1790171100,1.14076,1.14156,1.14071,1.14156,341,11,0,2026-09-23 13:45:00+00:00
1790172000,1.14155,1.14192,1.14147,1.14191,497,11,0,2026-09-23 14:00:00+00:00
1790172900,1.14191,1.14191,1.14103,1.14109,423,11,0,2026-09-23 14:15:00+00:00
1790173800,1.14109,1.1411,1.14038,1.14063,489,11,0,2026-09-23 14:30:00+00:00
1790174700,1.14063,1.14119,1.14058,1.14111,569,11,0,2026-09-23 14:45:00+00:00
1790175600,1.14112,1.1412,1.14074,1.14085,484,11,0,2026-09-23 15:00:00+00:00
1790176500,1.14085,1.1409,1.1402700000000001,1.14029,357,11,0,2026-09-23 15:15:00+00:00
1790177400,1.14029,1.14031,1.13992,1.14004,545,11,0,2026-09-23 15:30:00+00:00
1790178300,1.14004,1.14079,1.13993,1.14076,486,11,0,2026-09-23 15:45:00+00:00
1790179200,1.14076,1.14081,1.13995,1.13999,633,11,0,2026-09-23 16:00:00+00:00
1790180100,1.13999,1.1414,1.13997,1.14136,633,11,0,2026-09-23 16:15:00+00:00
1790181000,1.14134,1.14151,1.14072,1.14079,816,11,0,2026-09-23 16:30:00+00:00
1790181900,1.14044,1.14066,1.1390500000000001,1.13963,1181,11,0,2026-09-23 16:45:00+00:00
1790182800,1.13968,1.14029,1.13957,1.13975,853,11,0,2026-09-23 17:00:00+00:00
1790183700,1.13975,1.13982,1.13829,1.13835,994,11,0,2026-09-23 17:15:00+00:00
1790184600,1.13833,1.13948,1.13833,1.13916,772,11,0,2026-09-23 17:30:00+00:00
1790185500,1.13921,1.14047,1.13876,1.14016,944,11,0,2026-09-23 17:45:00+00:00
1790186400,1.14016,1.14022,1.13929,1.13968,752,11,0,2026-09-23 18:00:00+00:00
1790187300,1.13968,1.13979,1.13908,1.1391,619,11,0,2026-09-23 18:15:00+00:00
1790188200,1.1391,1.13917,1.1388,1.13914,508,11,0,2026-09-23 18:30:00+00:00
1790189100,1.13914,1.13937,1.13869,1.13927,518,11,0,2026-09-23 18:45:00+00:00
1790190000,1.13927,1.13939,1.1390500000000001,1.13917,445,11,0,2026-09-23 19:00:00+00:00
1790190900,1.13917,1.1395,1.13906,1.13913,493,11,0,2026-09-23 19:15:00+00:00
1790191800,1.13913,1.13913,1.13868,1.13875,503,11,0,2026-09-23 19:30:00+00:00
1790192700,1.13875,1.13883,1.13751,1.13776,877,11,0,2026-09-23 19:45:00+00:00
1790193600,1.13775,1.13776,1.13695,1.13706,879,11,0,2026-09-23 20:00:00+00:00
1790194500,1.13707,1.1375,1.13694,1.1374900000000001,645,11,0,2026-09-23 20:15:00+00:00
1790195400,1.13748,1.1385399999999999,1.13718,1.13843,730,11,0,2026-09-23 20:30:00+00:00
1790196300,1.13842,1.13923,1.13836,1.13914,706,11,0,2026-09-23 20:45:00+00:00
1790197200,1.13914,1.13931,1.13877,1.13885,511,11,0,2026-09-23 21:00:00+00:00
1790198100,1.13885,1.13891,1.13797,1.13811,505,11,0,2026-09-23 21:15:00+00:00
1790199000,1.13812,1.13848,1.13799,1.13833,353,11,0,2026-09-23 21:30:00+00:00
1790199900,1.13832,1.13865,1.13818,1.13862,266,11,0,2026-09-23 21:45:00+00:00
1790200800,1.13862,1.13883,1.13848,1.13853,428,11,0,2026-09-23 22:00:00+00:00
1790201700,1.1385399999999999,1.13857,1.13819,1.1385399999999999,356,11,0,2026-09-23 22:15:00+00:00
1790202600,1.13855,1.13865,1.13838,1.13845,346,11,0,2026-09-23 22:30:00+00:00
1790203500,1.1384400000000001,1.13865,1.13837,1.13841,323,11,0,2026-09-23 22:45:00+00:00
1790204400,1.13839,1.13867,1.13834,1.13845,180,11,0,2026-09-23 23:00:00+00:00
1790205300,1.13845,1.1385399999999999,1.13835,1.13841,117,11,0,2026-09-23 23:15:00+00:00
1790206200,1.13841,1.13849,1.13815,1.13819,108,11,0,2026-09-23 23:30:00+00:00
1790207100,1.13819,1.13837,1.13791,1.13802,225,12,0,2026-09-23 23:45:00+00:00
1790208000,1.13807,1.13807,1.13717,1.13747,116,24,0,2026-09-24 00:00:00+00:00
1790208900,1.13746,1.13831,1.13745,1.13831,73,22,0,2026-09-24 00:15:00+00:00
1790209800,1.1383,1.13866,1.13828,1.13866,81,26,0,2026-09-24 00:30:00+00:00
1790210700,1.13861,1.13867,1.13802,1.13805,180,27,0,2026-09-24 00:45:00+00:00
1790211600,1.13807,1.13857,1.13807,1.13839,214,13,0,2026-09-24 01:00:00+00:00
1790212500,1.13839,1.13845,1.13836,1.13843,139,12,0,2026-09-24 01:15:00+00:00
1790213400,1.13843,1.1384400000000001,1.13831,1.1384,122,11,0,2026-09-24 01:30:00+00:00
1790214300,1.13841,1.13847,1.13837,1.13842,102,12,0,2026-09-24 01:45:00+00:00
1790215200,1.13842,1.13842,1.13829,1.13831,73,12,0,2026-09-24 02:00:00+00:00
1790216100,1.13831,1.13831,1.13798,1.13801,154,11,0,2026-09-24 02:15:00+00:00
1790217000,1.13801,1.13806,1.13795,1.138,86,11,0,2026-09-24 02:30:00+00:00
1790217900,1.13799,1.13819,1.13799,1.13809,155,11,0,2026-09-24 02:45:00+00:00
1790218800,1.13811,1.13841,1.13804,1.13806,316,11,0,2026-09-24 03:00:00+00:00
1790219700,1.13806,1.13808,1.13761,1.13787,371,11,0,2026-09-24 03:15:00+00:00
1790220600,1.13789,1.13789,1.1375,1.13755,312,11,0,2026-09-24 03:30:00+00:00
1790221500,1.13755,1.13758,1.13702,1.13757,560,11,0,2026-09-24 03:45:00+00:00
1790222400,1.13758,1.13813,1.13746,1.13812,532,11,0,2026-09-24 04:00:00+00:00
1790223300,1.13812,1.13818,1.13765,1.13784,389,11,0,2026-09-24 04:15:00+00:00
1790224200,1.13784,1.13799,1.13767,1.13789,539,11,0,2026-09-24 04:30:00+00:00
1790225100,1.13789,1.13808,1.13747,1.13756,370,11,0,2026-09-24 04:45:00+00:00
1790226000,1.13756,1.13757,1.13681,1.13692,500,11,0,2026-09-24 05:00:00+00:00
1790226900,1.13691,1.13765,1.1369,1.1376,345,11,0,2026-09-24 05:15:00+00:00
1790227800,1.13761,1.13827,1.13758,1.13824,344,11,0,2026-09-24 05:30:00+00:00
1790228700,1.13824,1.13839,1.13808,1.13833,262,11,0,2026-09-24 05:45:00+00:00
1790229600,1.13833,1.1385399999999999,1.13818,1.13832,217,11,0,2026-09-24 06:00:00+00:00
1790230500,1.13833,1.13833,1.13786,1.13787,226,11,0,2026-09-24 06:15:00+00:00
1790231400,1.13787,1.13789,1.1376,1.13764,223,11,0,2026-09-24 06:30:00+00:00
1790232300,1.13763,1.13774,1.13758,1.13768,138,11,0,2026-09-24 06:45:00+00:00
1790233200,1.13768,1.13782,1.13748,1.13781,247,11,0,2026-09-24 07:00:00+00:00
1790234100,1.13782,1.13797,1.13772,1.13795,191,11,0,2026-09-24 07:15:00+00:00
1790235000,1.13795,1.13826,1.13789,1.13824,157,11,0,2026-09-24 07:30:00+00:00
1790235900,1.13824,1.13849,1.13816,1.13833,141,11,0,2026-09-24 07:45:00+00:00
1790236800,1.13833,1.1386,1.13826,1.13826,186,11,0,2026-09-24 08:00:00+00:00
1790237700,1.13826,1.13845,1.13819,1.13842,147,11,0,2026-09-24 08:15:00+00:00
1790238600,1.13842,1.13846,1.13801,1.13805,274,11,0,2026-09-24 08:30:00+00:00
1790239500,1.13802,1.13811,1.1375,1.13758,348,11,0,2026-09-24 08:45:00+00:00
1790240400,1.13756,1.13885,1.13752,1.13864,607,11,0,2026-09-24 09:00:00+00:00
1790241300,1.13865,1.13897,1.1383,1.13892,612,11,0,2026-09-24 09:15:00+00:00
1790242200,1.13892,1.13902,1.13833,1.13846,604,11,0,2026-09-24 09:30:00+00:00
1790243100,1.13847,1.13869,1.13829,1.13853,543,11,0,2026-09-24 09:45:00+00:00
1790244000,1.13853,1.13903,1.13829,1.13861,738,11,0,2026-09-24 10:00:00+00:00
1790244900,1.13862,1.13913,1.13855,1.13913,494,11,0,2026-09-24 10:15:00+00:00
1790245800,1.13913,1.13937,1.13875,1.13936,742,11,0,2026-09-24 10:30:00+00:00
1790246700,1.13936,1.13973,1.13916,1.13923,583,11,0,2026-09-24 10:45:00+00:00
1790247600,1.13925,1.13985,1.13907,1.13921,734,11,0,2026-09-24 11:00:00+00:00
1790248500,1.13922,1.13927,1.13862,1.13871,798,11,0,2026-09-24 11:15:00+00:00
1790249400,1.13871,1.1391499999999999,1.13824,1.13828,807,11,0,2026-09-24 11:30:00+00:00
1790250300,1.13828,1.13855,1.1379,1.13804,554,11,0,2026-09-24 11:45:00+00:00
1790251200,1.13804,1.13814,1.13741,1.13747,627,11,0,2026-09-24 12:00:00+00:00
1790252100,1.13747,1.13768,1.13715,1.13739,591,11,0,2026-09-24 12:15:00+00:00
1790253000,1.13742,1.13776,1.13715,1.13734,524,11,0,2026-09-24 12:30:00+00:00
1790253900,1.13735,1.13766,1.13721,1.13735,551,11,0,2026-09-24 12:45:00+00:00
1790254800,1.13735,1.1375,1.13694,1.13696,625,11,0,2026-09-24 13:00:00+00:00
1790255700,1.13694,1.13697,1.1360999999999999,1.1362700000000001,699,11,0,2026-09-24 13:15:00+00:00
1790256600,1.13628,1.13728,1.13628,1.1369799999999999,566,11,0,2026-09-24 13:30:00+00:00
1790257500,1.1369799999999999,1.13736,1.13667,1.1373,659,11,0,2026-09-24 13:45:00+00:00
1790258400,1.1373,1.13746,1.1371,1.13736,565,11,0,2026-09-24 14:00:00+00:00
1790259300,1.13736,1.1377,1.13712,1.13745,688,11,0,2026-09-24 14:15:00+00:00
1790260200,1.13745,1.13758,1.13687,1.13718,539,11,0,2026-09-24 14:30:00+00:00
1790261100,1.13719,1.13719,1.13651,1.13677,514,11,0,2026-09-24 14:45:00+00:00
1790262000,1.13675,1.13684,1.1363699999999999,1.13668,632,11,0,2026-09-24 15:00:00+00:00
1790262900,1.13667,1.1371,1.13652,1.1368,518,11,0,2026-09-24 15:15:00+00:00
1790263800,1.1368,1.1369,1.13618,1.13672,696,11,0,2026-09-24 15:30:00+00:00
1790264700,1.13672,1.1374,1.13657,1.13731,609,11,0,2026-09-24 15:45:00+00:00
1790265600,1.13731,1.1377,1.13689,1.13716,648,11,0,2026-09-24 16:00:00+00:00
1790266500,1.13716,1.13727,1.13588,1.1359,653,11,0,2026-09-24 16:15:00+00:00
1790267400,1.1359,1.13708,1.13586,1.13667,825,11,0,2026-09-24 16:30:00+00:00
1790268300,1.13666,1.13738,1.1365,1.13731,749,11,0,2026-09-24 16:45:00+00:00
1790269200,1.1373,1.13779,1.13703,1.13768,736,11,0,2026-09-24 17:00:00+00:00
1790270100,1.13768,1.13776,1.13703,1.1372,834,11,0,2026-09-24 17:15:00+00:00
1790271000,1.1372,1.13755,1.13703,1.1372200000000001,673,11,0,2026-09-24 17:30:00+00:00
1790271900,1.1372200000000001,1.13762,1.13715,1.13729,789,11,0,2026-09-24 17:45:00+00:00
1790272800,1.13729,1.13743,1.13635,1.13638,764,11,0,2026-09-24 18:00:00+00:00
1790273700,1.13638,1.13691,1.13638,1.13672,638,11,0,2026-09-24 18:15:00+00:00
