ticker,asset_class,base_currency,quote_currency,pip_value,lot_size,tick_size,session_hours,holiday_calendar,data_source,yahoo_ticker,is_active
EURUSD,fx,EUR,USD,0.0001,100000,0.00001,00:00-23:59,FX_global,yahoo,EURUSD=X,true
USDJPY,fx,USD,JPY,0.01,100000,0.001,00:00-23:59,FX_global,yahoo,USDJPY=X,true
GBPUSD,fx,GBP,USD,0.0001,100000,0.00001,00:00-23:59,FX_global,yahoo,GBPUSD=X,true
AUDUSD,fx,AUD,USD,0.0001,100000,0.00001,00:00-23:59,FX_global,yahoo,AUDUSD=X,true
USDCAD,fx,USD,CAD,0.0001,100000,0.00001,00:00-23:59,FX_global,yahoo,USDCAD=X,true
USDCHF,fx,USD,CHF,0.0001,100000,0.00001,00:00-23:59,FX_global,yahoo,USDCHF=X,true
NZDUSD,fx,NZD,USD,0.0001,100000,0.00001,00:00-23:59,FX_global,yahoo,NZDUSD=X,true
EURJPY,fx,EUR,JPY,0.01,100000,0.001,00:00-23:59,FX_global,yahoo,EURJPY=X,true
SPX,equity_index,,USD,0.01,1,0.01,14:30-21:00,NYSE,yahoo,^GSPC,true
NDX,equity_index,,USD,0.01,1,0.01,14:30-21:00,NYSE,yahoo,^NDX,true
SX5E,equity_index,,EUR,0.01,1,0.01,08:00-16:30,EUREX,yahoo,^STOXX50E,true
NKY,equity_index,,JPY,0.01,1,0.01,00:00-06:00,TSE,yahoo,^N225,true
US10Y,govt_bond,,USD,0.01,1,0.01,14:30-21:00,NYSE,yahoo,^TNX,true
BUND,govt_bond,,EUR,0.01,1,0.01,08:00-16:30,EUREX,yahoo,IGLT.L,true
JGB,govt_bond,,JPY,0.01,1,0.01,00:00-06:00,TSE,yahoo,2644.T,true
XAUUSD,commodity,,USD,0.01,100,0.01,23:00-22:00,CME,yahoo,GC=F,true
WTI,commodity,,USD,0.01,1000,0.01,23:00-22:00,CME,yahoo,CL=F,true
COPPER,commodity,,USD,0.0001,25000,0.0001,23:00-22:00,CME,yahoo,HG=F,true