instrument,contract_size,digits,point,tick_value_note,volume_min,spread_note,swap_long,swap_short,sessions,symbol_suffix,source,broker_confirmed,volume_step
XAUUSD,100.0,2,0.01,$1 per $1 price move @1.0 lot,0.01,21 pts (current demo terminal),-63.88,39.45,Metals Gold\XAUUSD,Metals Gold\XAUUSD,MT5 demo terminal symbol_info (current) — swap/spread CONFIRMED CURRENT; contract_size null in API (gold_rules pre-flight verified 100 oz/lot XAUUSD),current-terminal,0.01
EURUSD,,5,1e-05,USD per 1 EUR unit,0.01,13 pts (current demo terminal),-6.47,2.83,Forex Majors\EURUSD,Forex Majors\EURUSD,MT5 demo terminal symbol_info (current) — swap/spread CONFIRMED CURRENT; contract_size null in API (gold_rules pre-flight verified 100 oz/lot XAUUSD),current-terminal-spec,0.01
GBPUSD,,5,1e-05,USD per 1 GBP unit,0.01,17 pts (current demo terminal),-2.22,-2.02,Forex Majors\GBPUSD,Forex Majors\GBPUSD,MT5 demo terminal symbol_info (current) — swap/spread CONFIRMED CURRENT; contract_size null in API (gold_rules pre-flight verified 100 oz/lot XAUUSD),current-terminal-spec,0.01
AUDUSD,,5,1e-05,USD per 1 AUD unit,0.01,13 pts (current demo terminal),-0.69,-2.39,Forex Majors\AUDUSD,Forex Majors\AUDUSD,MT5 demo terminal symbol_info (current) — swap/spread CONFIRMED CURRENT; contract_size null in API (gold_rules pre-flight verified 100 oz/lot XAUUSD),current-terminal-spec,0.01
NZDUSD,,5,1e-05,USD per 1 NZD unit,0.01,14 pts (current demo terminal),-3.97,0.43,Forex Majors\NZDUSD,Forex Majors\NZDUSD,MT5 demo terminal symbol_info (current) — swap/spread CONFIRMED CURRENT; contract_size null in API (gold_rules pre-flight verified 100 oz/lot XAUUSD),current-terminal-spec,0.01
USDCAD,,5,1e-05,CAD per 1 USD unit,0.01,15 pts (current demo terminal),2.68,-8.22,Forex Majors\USDCAD,Forex Majors\USDCAD,MT5 demo terminal symbol_info (current) — swap/spread CONFIRMED CURRENT; contract_size null in API (gold_rules pre-flight verified 100 oz/lot XAUUSD),current-terminal-spec,0.01
USDCHF,,5,1e-05,CHF per 1 USD unit,0.01,15 pts (current demo terminal),7.18,-10.02,Forex Majors\USDCHF,Forex Majors\USDCHF,MT5 demo terminal symbol_info (current) — swap/spread CONFIRMED CURRENT; contract_size null in API (gold_rules pre-flight verified 100 oz/lot XAUUSD),current-terminal-spec,0.01
USDJPY,,3,0.001,JPY per 1 USD unit; pip 0.01,0.01,14 pts (current demo terminal),9.37,-14.84,Forex Majors\USDJPY,Forex Majors\USDJPY,MT5 demo terminal symbol_info (current) — swap/spread CONFIRMED CURRENT; contract_size null in API (gold_rules pre-flight verified 100 oz/lot XAUUSD),current-terminal-spec,0.01
EURJPY,,3,0.001,JPY per 1 EUR unit; pip 0.01 (cross),0.01,16 pts (current demo terminal),3.51,-9.94,Forex Minors\EURJPY,Forex Minors\EURJPY,MT5 demo terminal symbol_info (current) — swap/spread CONFIRMED CURRENT; contract_size null in API (gold_rules pre-flight verified 100 oz/lot XAUUSD),current-terminal-spec,0.01
