instrument,timeframe,local_file,local_rows,local_first_ts,local_last_ts,local_coverage_ratio,maxbars_setting,maxbars_constrains_copyrates,returned_start,returned_end,bars_returned,source_origin,server_retention_verified,bars_spread_field,tick_data_depth,hist_bid_ask,expected_bars,coverage_ratio,expected_closed_gaps,unexplained_missing,no_tick_intervals,duplicate_timestamps,stale_bar_max_delta,tz_convention,fields_available,contract_*,calendar_assumption,adequacy,notes,bars_returned_recent,gaps_over_1.5x_recent,repeated_query_stable,tick_rows
XAUUSD,M5,ml-signal-service\experiments\EXP-2026-10-GOLD-EXIT-MANAGEMENT\data\xauusd_m5.csv,5214.0,2026-08-25 01:00:00,2026-09-18 23:55:00,,NOT READ via terminal (would disturb session); copy_rates_range worked to 2016 on FX / 2020 on XAUUSD,OBSERVED: requests beyond envelope returned empty (2015 probe) — consistent with a retention/maxbars limit; exact TERMINAL_MAXBARS value not read (recording requires terminal inspection),2020-02-28 01:00:00,2026-01-30 23:55:00,,repeated query — stable (terminal query x2 identical),False,yes,,UNAVAILABLE — tick API returned no ticks (error -2 Invalid arguments),,,,,,0.0,,unix epoch; server offset not decoded; local cache datetimes are UTC-labelled (verify vs broker),"time,open,high,low,close,tick_volume,spread,real_volume",,PARTIAL — recent-window gaps (7 per FX cell) consistent with weekends; XAUUSD daily halt not mapped; holiday calendar unresolved,exploratory,LOCAL ONLY: ~4-week XAUUSD M5 (2026-08-25 to 2026-09-18). MT5 envelope NOT queried.,10458.0,37.0,True,0.0
XAUUSD,M15,,,,,,NOT READ via terminal (would disturb session); copy_rates_range worked to 2016 on FX / 2020 on XAUUSD,OBSERVED: requests beyond envelope returned empty (2015 probe) — consistent with a retention/maxbars limit; exact TERMINAL_MAXBARS value not read (recording requires terminal inspection),2020-02-28 01:00:00,2026-01-30 23:45:00,,repeated query — stable (terminal query x2 identical),False,yes,,UNAVAILABLE — tick API returned no ticks (error -2 Invalid arguments),,,,,,0.0,,unix epoch; server offset not decoded; local cache datetimes are UTC-labelled (verify vs broker),"time,open,high,low,close,tick_volume,spread,real_volume",,PARTIAL — recent-window gaps (7 per FX cell) consistent with weekends; XAUUSD daily halt not mapped; holiday calendar unresolved,exploratory,MT5 query portion STOPPED: active terminal64 session running; isolated read-only connection cannot be guaranteed without disturbing it (safeguard #2).,3486.0,37.0,True,0.0
XAUUSD,M30,,,,,,NOT READ via terminal (would disturb session); copy_rates_range worked to 2016 on FX / 2020 on XAUUSD,OBSERVED: requests beyond envelope returned empty (2015 probe) — consistent with a retention/maxbars limit; exact TERMINAL_MAXBARS value not read (recording requires terminal inspection),2020-02-28 01:00:00,2026-01-30 23:30:00,,repeated query — stable (terminal query x2 identical),False,yes,,UNAVAILABLE — tick API returned no ticks (error -2 Invalid arguments),,,,,,0.0,,unix epoch; server offset not decoded; local cache datetimes are UTC-labelled (verify vs broker),"time,open,high,low,close,tick_volume,spread,real_volume",,PARTIAL — recent-window gaps (7 per FX cell) consistent with weekends; XAUUSD daily halt not mapped; holiday calendar unresolved,exploratory,MT5 query portion STOPPED: active terminal64 session running; isolated read-only connection cannot be guaranteed without disturbing it (safeguard #2).,1743.0,37.0,True,0.0
XAUUSD,H1,ml-signal-service\data\raw\mt5\H1\XAUUSD_H1.csv,45077.0,2019-01-02 01:00:00,2026-08-17 16:00:00,,NOT READ via terminal (would disturb session); copy_rates_range worked to 2016 on FX / 2020 on XAUUSD,OBSERVED: requests beyond envelope returned empty (2015 probe) — consistent with a retention/maxbars limit; exact TERMINAL_MAXBARS value not read (recording requires terminal inspection),2020-02-28 01:00:00,2026-01-30 23:00:00,,repeated query — stable (terminal query x2 identical),False,yes,,UNAVAILABLE — tick API returned no ticks (error -2 Invalid arguments),,,,450.0,,0.0,,unix epoch; server offset not decoded; local cache datetimes are UTC-labelled (verify vs broker),"time,open,high,low,close,tick_volume,spread,real_volume",,PARTIAL — recent-window gaps (7 per FX cell) consistent with weekends; XAUUSD daily halt not mapped; holiday calendar unresolved,exploratory,"LOCAL ONLY: 45077 H1 rows over 2784d, 0 dups, 450 gaps>2h. MT5 envelope NOT queried.",872.0,37.0,True,0.0
EURUSD,M5,,,,,,NOT READ via terminal (would disturb session); copy_rates_range worked to 2016 on FX / 2020 on XAUUSD,OBSERVED: requests beyond envelope returned empty (2015 probe) — consistent with a retention/maxbars limit; exact TERMINAL_MAXBARS value not read (recording requires terminal inspection),2016-01-04 00:00:00,2026-01-30 23:55:00,,repeated query — stable (terminal query x2 identical),False,yes,,UNAVAILABLE — tick API returned no ticks (error -2 Invalid arguments),,,,,,0.0,,unix epoch; server offset not decoded; local cache datetimes are UTC-labelled (verify vs broker),"time,open,high,low,close,tick_volume,spread,real_volume",,PARTIAL — recent-window gaps (7 per FX cell) consistent with weekends; XAUUSD daily halt not mapped; holiday calendar unresolved,exploratory,MT5 query portion STOPPED: active terminal64 session running; isolated read-only connection cannot be guaranteed without disturbing it (safeguard #2).,10945.0,7.0,True,0.0
EURUSD,M15,,,,,,NOT READ via terminal (would disturb session); copy_rates_range worked to 2016 on FX / 2020 on XAUUSD,OBSERVED: requests beyond envelope returned empty (2015 probe) — consistent with a retention/maxbars limit; exact TERMINAL_MAXBARS value not read (recording requires terminal inspection),2016-01-04 00:00:00,2026-01-30 23:45:00,,repeated query — stable (terminal query x2 identical),False,yes,,UNAVAILABLE — tick API returned no ticks (error -2 Invalid arguments),,,,,,0.0,,unix epoch; server offset not decoded; local cache datetimes are UTC-labelled (verify vs broker),"time,open,high,low,close,tick_volume,spread,real_volume",,PARTIAL — recent-window gaps (7 per FX cell) consistent with weekends; XAUUSD daily halt not mapped; holiday calendar unresolved,exploratory,MT5 query portion STOPPED: active terminal64 session running; isolated read-only connection cannot be guaranteed without disturbing it (safeguard #2).,3649.0,7.0,True,0.0
EURUSD,M30,,,,,,NOT READ via terminal (would disturb session); copy_rates_range worked to 2016 on FX / 2020 on XAUUSD,OBSERVED: requests beyond envelope returned empty (2015 probe) — consistent with a retention/maxbars limit; exact TERMINAL_MAXBARS value not read (recording requires terminal inspection),2016-01-04 00:00:00,2026-01-30 23:30:00,,repeated query — stable (terminal query x2 identical),False,yes,,UNAVAILABLE — tick API returned no ticks (error -2 Invalid arguments),,,,,,0.0,,unix epoch; server offset not decoded; local cache datetimes are UTC-labelled (verify vs broker),"time,open,high,low,close,tick_volume,spread,real_volume",,PARTIAL — recent-window gaps (7 per FX cell) consistent with weekends; XAUUSD daily halt not mapped; holiday calendar unresolved,exploratory,MT5 query portion STOPPED: active terminal64 session running; isolated read-only connection cannot be guaranteed without disturbing it (safeguard #2).,1825.0,7.0,True,0.0
EURUSD,H1,ml-signal-service\data\raw\mt5\H1\EURUSD_H1.csv,48112.0,2019-01-02 00:00:00,2026-09-24 14:00:00,,NOT READ via terminal (would disturb session); copy_rates_range worked to 2016 on FX / 2020 on XAUUSD,OBSERVED: requests beyond envelope returned empty (2015 probe) — consistent with a retention/maxbars limit; exact TERMINAL_MAXBARS value not read (recording requires terminal inspection),2016-01-04 00:00:00,2026-01-30 23:00:00,,repeated query — stable (terminal query x2 identical),False,yes,,UNAVAILABLE — tick API returned no ticks (error -2 Invalid arguments),,,,409.0,,0.0,,unix epoch; server offset not decoded; local cache datetimes are UTC-labelled (verify vs broker),"time,open,high,low,close,tick_volume,spread,real_volume",,PARTIAL — recent-window gaps (7 per FX cell) consistent with weekends; XAUUSD daily halt not mapped; holiday calendar unresolved,exploratory,"LOCAL ONLY: 48112 H1 rows over 2822d, 0 dups, 409 gaps>2h. MT5 envelope NOT queried.",913.0,7.0,True,0.0
GBPUSD,M5,,,,,,NOT READ via terminal (would disturb session); copy_rates_range worked to 2016 on FX / 2020 on XAUUSD,OBSERVED: requests beyond envelope returned empty (2015 probe) — consistent with a retention/maxbars limit; exact TERMINAL_MAXBARS value not read (recording requires terminal inspection),2016-01-04 00:00:00,2026-01-30 23:55:00,,repeated query — stable (terminal query x2 identical),False,yes,,UNAVAILABLE — tick API returned no ticks (error -2 Invalid arguments),,,,,,0.0,,unix epoch; server offset not decoded; local cache datetimes are UTC-labelled (verify vs broker),"time,open,high,low,close,tick_volume,spread,real_volume",,PARTIAL — recent-window gaps (7 per FX cell) consistent with weekends; XAUUSD daily halt not mapped; holiday calendar unresolved,exploratory,MT5 query portion STOPPED: active terminal64 session running; isolated read-only connection cannot be guaranteed without disturbing it (safeguard #2).,10945.0,7.0,True,0.0
GBPUSD,M15,,,,,,NOT READ via terminal (would disturb session); copy_rates_range worked to 2016 on FX / 2020 on XAUUSD,OBSERVED: requests beyond envelope returned empty (2015 probe) — consistent with a retention/maxbars limit; exact TERMINAL_MAXBARS value not read (recording requires terminal inspection),2016-01-04 00:00:00,2026-01-30 23:45:00,,repeated query — stable (terminal query x2 identical),False,yes,,UNAVAILABLE — tick API returned no ticks (error -2 Invalid arguments),,,,,,0.0,,unix epoch; server offset not decoded; local cache datetimes are UTC-labelled (verify vs broker),"time,open,high,low,close,tick_volume,spread,real_volume",,PARTIAL — recent-window gaps (7 per FX cell) consistent with weekends; XAUUSD daily halt not mapped; holiday calendar unresolved,exploratory,MT5 query portion STOPPED: active terminal64 session running; isolated read-only connection cannot be guaranteed without disturbing it (safeguard #2).,3649.0,7.0,True,0.0
GBPUSD,M30,,,,,,NOT READ via terminal (would disturb session); copy_rates_range worked to 2016 on FX / 2020 on XAUUSD,OBSERVED: requests beyond envelope returned empty (2015 probe) — consistent with a retention/maxbars limit; exact TERMINAL_MAXBARS value not read (recording requires terminal inspection),2016-01-04 00:00:00,2026-01-30 23:30:00,,repeated query — stable (terminal query x2 identical),False,yes,,UNAVAILABLE — tick API returned no ticks (error -2 Invalid arguments),,,,,,0.0,,unix epoch; server offset not decoded; local cache datetimes are UTC-labelled (verify vs broker),"time,open,high,low,close,tick_volume,spread,real_volume",,PARTIAL — recent-window gaps (7 per FX cell) consistent with weekends; XAUUSD daily halt not mapped; holiday calendar unresolved,exploratory,MT5 query portion STOPPED: active terminal64 session running; isolated read-only connection cannot be guaranteed without disturbing it (safeguard #2).,1825.0,7.0,True,0.0
GBPUSD,H1,ml-signal-service\data\raw\mt5\H1\GBPUSD_H1.csv,48112.0,2019-01-02 00:00:00,2026-09-24 14:00:00,,NOT READ via terminal (would disturb session); copy_rates_range worked to 2016 on FX / 2020 on XAUUSD,OBSERVED: requests beyond envelope returned empty (2015 probe) — consistent with a retention/maxbars limit; exact TERMINAL_MAXBARS value not read (recording requires terminal inspection),2016-01-04 00:00:00,2026-01-30 23:00:00,,repeated query — stable (terminal query x2 identical),False,yes,,UNAVAILABLE — tick API returned no ticks (error -2 Invalid arguments),,,,409.0,,0.0,,unix epoch; server offset not decoded; local cache datetimes are UTC-labelled (verify vs broker),"time,open,high,low,close,tick_volume,spread,real_volume",,PARTIAL — recent-window gaps (7 per FX cell) consistent with weekends; XAUUSD daily halt not mapped; holiday calendar unresolved,exploratory,"LOCAL ONLY: 48112 H1 rows over 2822d, 0 dups, 409 gaps>2h. MT5 envelope NOT queried.",913.0,7.0,True,0.0
AUDUSD,M5,,,,,,NOT READ via terminal (would disturb session); copy_rates_range worked to 2016 on FX / 2020 on XAUUSD,OBSERVED: requests beyond envelope returned empty (2015 probe) — consistent with a retention/maxbars limit; exact TERMINAL_MAXBARS value not read (recording requires terminal inspection),2016-01-04 00:00:00,2026-01-30 23:55:00,,repeated query — stable (terminal query x2 identical),False,yes,,UNAVAILABLE — tick API returned no ticks (error -2 Invalid arguments),,,,,,0.0,,unix epoch; server offset not decoded; local cache datetimes are UTC-labelled (verify vs broker),"time,open,high,low,close,tick_volume,spread,real_volume",,PARTIAL — recent-window gaps (7 per FX cell) consistent with weekends; XAUUSD daily halt not mapped; holiday calendar unresolved,exploratory,MT5 query portion STOPPED: active terminal64 session running; isolated read-only connection cannot be guaranteed without disturbing it (safeguard #2).,10945.0,7.0,True,0.0
AUDUSD,M15,,,,,,NOT READ via terminal (would disturb session); copy_rates_range worked to 2016 on FX / 2020 on XAUUSD,OBSERVED: requests beyond envelope returned empty (2015 probe) — consistent with a retention/maxbars limit; exact TERMINAL_MAXBARS value not read (recording requires terminal inspection),2016-01-04 00:00:00,2026-01-30 23:45:00,,repeated query — stable (terminal query x2 identical),False,yes,,UNAVAILABLE — tick API returned no ticks (error -2 Invalid arguments),,,,,,0.0,,unix epoch; server offset not decoded; local cache datetimes are UTC-labelled (verify vs broker),"time,open,high,low,close,tick_volume,spread,real_volume",,PARTIAL — recent-window gaps (7 per FX cell) consistent with weekends; XAUUSD daily halt not mapped; holiday calendar unresolved,exploratory,MT5 query portion STOPPED: active terminal64 session running; isolated read-only connection cannot be guaranteed without disturbing it (safeguard #2).,3649.0,7.0,True,0.0
AUDUSD,M30,,,,,,NOT READ via terminal (would disturb session); copy_rates_range worked to 2016 on FX / 2020 on XAUUSD,OBSERVED: requests beyond envelope returned empty (2015 probe) — consistent with a retention/maxbars limit; exact TERMINAL_MAXBARS value not read (recording requires terminal inspection),2016-01-04 00:00:00,2026-01-30 23:30:00,,repeated query — stable (terminal query x2 identical),False,yes,,UNAVAILABLE — tick API returned no ticks (error -2 Invalid arguments),,,,,,0.0,,unix epoch; server offset not decoded; local cache datetimes are UTC-labelled (verify vs broker),"time,open,high,low,close,tick_volume,spread,real_volume",,PARTIAL — recent-window gaps (7 per FX cell) consistent with weekends; XAUUSD daily halt not mapped; holiday calendar unresolved,exploratory,MT5 query portion STOPPED: active terminal64 session running; isolated read-only connection cannot be guaranteed without disturbing it (safeguard #2).,1825.0,7.0,True,0.0
AUDUSD,H1,,,,,,NOT READ via terminal (would disturb session); copy_rates_range worked to 2016 on FX / 2020 on XAUUSD,OBSERVED: requests beyond envelope returned empty (2015 probe) — consistent with a retention/maxbars limit; exact TERMINAL_MAXBARS value not read (recording requires terminal inspection),2016-01-04 00:00:00,2026-01-30 23:00:00,,repeated query — stable (terminal query x2 identical),False,yes,,UNAVAILABLE — tick API returned no ticks (error -2 Invalid arguments),,,,,,0.0,,unix epoch; server offset not decoded; local cache datetimes are UTC-labelled (verify vs broker),"time,open,high,low,close,tick_volume,spread,real_volume",,PARTIAL — recent-window gaps (7 per FX cell) consistent with weekends; XAUUSD daily halt not mapped; holiday calendar unresolved,exploratory,MT5 query portion STOPPED: active terminal64 session running; isolated read-only connection cannot be guaranteed without disturbing it (safeguard #2).,913.0,7.0,True,0.0
NZDUSD,M5,,,,,,NOT READ via terminal (would disturb session); copy_rates_range worked to 2016 on FX / 2020 on XAUUSD,OBSERVED: requests beyond envelope returned empty (2015 probe) — consistent with a retention/maxbars limit; exact TERMINAL_MAXBARS value not read (recording requires terminal inspection),2016-01-04 01:00:00,2026-01-30 23:55:00,,repeated query — stable (terminal query x2 identical),False,yes,,UNAVAILABLE — tick API returned no ticks (error -2 Invalid arguments),,,,,,0.0,,unix epoch; server offset not decoded; local cache datetimes are UTC-labelled (verify vs broker),"time,open,high,low,close,tick_volume,spread,real_volume",,PARTIAL — recent-window gaps (7 per FX cell) consistent with weekends; XAUUSD daily halt not mapped; holiday calendar unresolved,exploratory,MT5 query portion STOPPED: active terminal64 session running; isolated read-only connection cannot be guaranteed without disturbing it (safeguard #2).,10944.0,7.0,True,0.0
NZDUSD,M15,,,,,,NOT READ via terminal (would disturb session); copy_rates_range worked to 2016 on FX / 2020 on XAUUSD,OBSERVED: requests beyond envelope returned empty (2015 probe) — consistent with a retention/maxbars limit; exact TERMINAL_MAXBARS value not read (recording requires terminal inspection),2016-01-04 01:00:00,2026-01-30 23:45:00,,repeated query — stable (terminal query x2 identical),False,yes,,UNAVAILABLE — tick API returned no ticks (error -2 Invalid arguments),,,,,,0.0,,unix epoch; server offset not decoded; local cache datetimes are UTC-labelled (verify vs broker),"time,open,high,low,close,tick_volume,spread,real_volume",,PARTIAL — recent-window gaps (7 per FX cell) consistent with weekends; XAUUSD daily halt not mapped; holiday calendar unresolved,exploratory,MT5 query portion STOPPED: active terminal64 session running; isolated read-only connection cannot be guaranteed without disturbing it (safeguard #2).,3649.0,7.0,True,0.0
NZDUSD,M30,,,,,,NOT READ via terminal (would disturb session); copy_rates_range worked to 2016 on FX / 2020 on XAUUSD,OBSERVED: requests beyond envelope returned empty (2015 probe) — consistent with a retention/maxbars limit; exact TERMINAL_MAXBARS value not read (recording requires terminal inspection),2016-01-04 01:00:00,2026-01-30 23:30:00,,repeated query — stable (terminal query x2 identical),False,yes,,UNAVAILABLE — tick API returned no ticks (error -2 Invalid arguments),,,,,,0.0,,unix epoch; server offset not decoded; local cache datetimes are UTC-labelled (verify vs broker),"time,open,high,low,close,tick_volume,spread,real_volume",,PARTIAL — recent-window gaps (7 per FX cell) consistent with weekends; XAUUSD daily halt not mapped; holiday calendar unresolved,exploratory,MT5 query portion STOPPED: active terminal64 session running; isolated read-only connection cannot be guaranteed without disturbing it (safeguard #2).,1825.0,7.0,True,0.0
NZDUSD,H1,,,,,,NOT READ via terminal (would disturb session); copy_rates_range worked to 2016 on FX / 2020 on XAUUSD,OBSERVED: requests beyond envelope returned empty (2015 probe) — consistent with a retention/maxbars limit; exact TERMINAL_MAXBARS value not read (recording requires terminal inspection),2016-01-04 01:00:00,2026-01-30 23:00:00,,repeated query — stable (terminal query x2 identical),False,yes,,UNAVAILABLE — tick API returned no ticks (error -2 Invalid arguments),,,,,,0.0,,unix epoch; server offset not decoded; local cache datetimes are UTC-labelled (verify vs broker),"time,open,high,low,close,tick_volume,spread,real_volume",,PARTIAL — recent-window gaps (7 per FX cell) consistent with weekends; XAUUSD daily halt not mapped; holiday calendar unresolved,exploratory,MT5 query portion STOPPED: active terminal64 session running; isolated read-only connection cannot be guaranteed without disturbing it (safeguard #2).,913.0,7.0,True,0.0
USDCAD,M5,,,,,,NOT READ via terminal (would disturb session); copy_rates_range worked to 2016 on FX / 2020 on XAUUSD,OBSERVED: requests beyond envelope returned empty (2015 probe) — consistent with a retention/maxbars limit; exact TERMINAL_MAXBARS value not read (recording requires terminal inspection),2016-01-04 01:00:00,2026-01-30 23:55:00,,repeated query — stable (terminal query x2 identical),False,yes,,UNAVAILABLE — tick API returned no ticks (error -2 Invalid arguments),,,,,,0.0,,unix epoch; server offset not decoded; local cache datetimes are UTC-labelled (verify vs broker),"time,open,high,low,close,tick_volume,spread,real_volume",,PARTIAL — recent-window gaps (7 per FX cell) consistent with weekends; XAUUSD daily halt not mapped; holiday calendar unresolved,exploratory,MT5 query portion STOPPED: active terminal64 session running; isolated read-only connection cannot be guaranteed without disturbing it (safeguard #2).,10945.0,7.0,True,0.0
USDCAD,M15,,,,,,NOT READ via terminal (would disturb session); copy_rates_range worked to 2016 on FX / 2020 on XAUUSD,OBSERVED: requests beyond envelope returned empty (2015 probe) — consistent with a retention/maxbars limit; exact TERMINAL_MAXBARS value not read (recording requires terminal inspection),2016-01-04 01:00:00,2026-01-30 23:45:00,,repeated query — stable (terminal query x2 identical),False,yes,,UNAVAILABLE — tick API returned no ticks (error -2 Invalid arguments),,,,,,0.0,,unix epoch; server offset not decoded; local cache datetimes are UTC-labelled (verify vs broker),"time,open,high,low,close,tick_volume,spread,real_volume",,PARTIAL — recent-window gaps (7 per FX cell) consistent with weekends; XAUUSD daily halt not mapped; holiday calendar unresolved,exploratory,MT5 query portion STOPPED: active terminal64 session running; isolated read-only connection cannot be guaranteed without disturbing it (safeguard #2).,3649.0,7.0,True,0.0
USDCAD,M30,,,,,,NOT READ via terminal (would disturb session); copy_rates_range worked to 2016 on FX / 2020 on XAUUSD,OBSERVED: requests beyond envelope returned empty (2015 probe) — consistent with a retention/maxbars limit; exact TERMINAL_MAXBARS value not read (recording requires terminal inspection),2016-01-04 01:00:00,2026-01-30 23:30:00,,repeated query — stable (terminal query x2 identical),False,yes,,UNAVAILABLE — tick API returned no ticks (error -2 Invalid arguments),,,,,,0.0,,unix epoch; server offset not decoded; local cache datetimes are UTC-labelled (verify vs broker),"time,open,high,low,close,tick_volume,spread,real_volume",,PARTIAL — recent-window gaps (7 per FX cell) consistent with weekends; XAUUSD daily halt not mapped; holiday calendar unresolved,exploratory,MT5 query portion STOPPED: active terminal64 session running; isolated read-only connection cannot be guaranteed without disturbing it (safeguard #2).,1825.0,7.0,True,0.0
USDCAD,H1,ml-signal-service\data\raw\mt5\H1\USDCAD_H1.csv,48083.0,2019-01-02 07:00:00,2026-09-24 14:00:00,,NOT READ via terminal (would disturb session); copy_rates_range worked to 2016 on FX / 2020 on XAUUSD,OBSERVED: requests beyond envelope returned empty (2015 probe) — consistent with a retention/maxbars limit; exact TERMINAL_MAXBARS value not read (recording requires terminal inspection),2016-01-04 01:00:00,2026-01-30 23:00:00,,repeated query — stable (terminal query x2 identical),False,yes,,UNAVAILABLE — tick API returned no ticks (error -2 Invalid arguments),,,,409.0,,0.0,,unix epoch; server offset not decoded; local cache datetimes are UTC-labelled (verify vs broker),"time,open,high,low,close,tick_volume,spread,real_volume",,PARTIAL — recent-window gaps (7 per FX cell) consistent with weekends; XAUUSD daily halt not mapped; holiday calendar unresolved,exploratory,"LOCAL ONLY: 48083 H1 rows over 2822d, 0 dups, 409 gaps>2h. MT5 envelope NOT queried.",913.0,7.0,True,0.0
USDCHF,M5,,,,,,NOT READ via terminal (would disturb session); copy_rates_range worked to 2016 on FX / 2020 on XAUUSD,OBSERVED: requests beyond envelope returned empty (2015 probe) — consistent with a retention/maxbars limit; exact TERMINAL_MAXBARS value not read (recording requires terminal inspection),2016-01-04 01:00:00,2026-01-30 23:55:00,,repeated query — stable (terminal query x2 identical),False,yes,,UNAVAILABLE — tick API returned no ticks (error -2 Invalid arguments),,,,,,0.0,,unix epoch; server offset not decoded; local cache datetimes are UTC-labelled (verify vs broker),"time,open,high,low,close,tick_volume,spread,real_volume",,PARTIAL — recent-window gaps (7 per FX cell) consistent with weekends; XAUUSD daily halt not mapped; holiday calendar unresolved,exploratory,MT5 query portion STOPPED: active terminal64 session running; isolated read-only connection cannot be guaranteed without disturbing it (safeguard #2).,10945.0,7.0,True,0.0
USDCHF,M15,,,,,,NOT READ via terminal (would disturb session); copy_rates_range worked to 2016 on FX / 2020 on XAUUSD,OBSERVED: requests beyond envelope returned empty (2015 probe) — consistent with a retention/maxbars limit; exact TERMINAL_MAXBARS value not read (recording requires terminal inspection),2016-01-04 01:00:00,2026-01-30 23:45:00,,repeated query — stable (terminal query x2 identical),False,yes,,UNAVAILABLE — tick API returned no ticks (error -2 Invalid arguments),,,,,,0.0,,unix epoch; server offset not decoded; local cache datetimes are UTC-labelled (verify vs broker),"time,open,high,low,close,tick_volume,spread,real_volume",,PARTIAL — recent-window gaps (7 per FX cell) consistent with weekends; XAUUSD daily halt not mapped; holiday calendar unresolved,exploratory,MT5 query portion STOPPED: active terminal64 session running; isolated read-only connection cannot be guaranteed without disturbing it (safeguard #2).,3649.0,7.0,True,0.0
USDCHF,M30,,,,,,NOT READ via terminal (would disturb session); copy_rates_range worked to 2016 on FX / 2020 on XAUUSD,OBSERVED: requests beyond envelope returned empty (2015 probe) — consistent with a retention/maxbars limit; exact TERMINAL_MAXBARS value not read (recording requires terminal inspection),2016-01-04 01:00:00,2026-01-30 23:30:00,,repeated query — stable (terminal query x2 identical),False,yes,,UNAVAILABLE — tick API returned no ticks (error -2 Invalid arguments),,,,,,0.0,,unix epoch; server offset not decoded; local cache datetimes are UTC-labelled (verify vs broker),"time,open,high,low,close,tick_volume,spread,real_volume",,PARTIAL — recent-window gaps (7 per FX cell) consistent with weekends; XAUUSD daily halt not mapped; holiday calendar unresolved,exploratory,MT5 query portion STOPPED: active terminal64 session running; isolated read-only connection cannot be guaranteed without disturbing it (safeguard #2).,1825.0,7.0,True,0.0
USDCHF,H1,ml-signal-service\data\raw\mt5\H1\USDCHF_H1.csv,48112.0,2019-01-02 00:00:00,2026-09-24 14:00:00,,NOT READ via terminal (would disturb session); copy_rates_range worked to 2016 on FX / 2020 on XAUUSD,OBSERVED: requests beyond envelope returned empty (2015 probe) — consistent with a retention/maxbars limit; exact TERMINAL_MAXBARS value not read (recording requires terminal inspection),2016-01-04 01:00:00,2026-01-30 23:00:00,,repeated query — stable (terminal query x2 identical),False,yes,,UNAVAILABLE — tick API returned no ticks (error -2 Invalid arguments),,,,409.0,,0.0,,unix epoch; server offset not decoded; local cache datetimes are UTC-labelled (verify vs broker),"time,open,high,low,close,tick_volume,spread,real_volume",,PARTIAL — recent-window gaps (7 per FX cell) consistent with weekends; XAUUSD daily halt not mapped; holiday calendar unresolved,exploratory,"LOCAL ONLY: 48112 H1 rows over 2822d, 0 dups, 409 gaps>2h. MT5 envelope NOT queried.",913.0,7.0,True,0.0
USDJPY,M5,,,,,,NOT READ via terminal (would disturb session); copy_rates_range worked to 2016 on FX / 2020 on XAUUSD,OBSERVED: requests beyond envelope returned empty (2015 probe) — consistent with a retention/maxbars limit; exact TERMINAL_MAXBARS value not read (recording requires terminal inspection),2016-01-04 01:00:00,2026-01-30 23:55:00,,repeated query — stable (terminal query x2 identical),False,yes,,UNAVAILABLE — tick API returned no ticks (error -2 Invalid arguments),,,,,,0.0,,unix epoch; server offset not decoded; local cache datetimes are UTC-labelled (verify vs broker),"time,open,high,low,close,tick_volume,spread,real_volume",,PARTIAL — recent-window gaps (7 per FX cell) consistent with weekends; XAUUSD daily halt not mapped; holiday calendar unresolved,exploratory,MT5 query portion STOPPED: active terminal64 session running; isolated read-only connection cannot be guaranteed without disturbing it (safeguard #2).,10945.0,7.0,True,0.0
USDJPY,M15,,,,,,NOT READ via terminal (would disturb session); copy_rates_range worked to 2016 on FX / 2020 on XAUUSD,OBSERVED: requests beyond envelope returned empty (2015 probe) — consistent with a retention/maxbars limit; exact TERMINAL_MAXBARS value not read (recording requires terminal inspection),2016-01-04 01:00:00,2026-01-30 23:45:00,,repeated query — stable (terminal query x2 identical),False,yes,,UNAVAILABLE — tick API returned no ticks (error -2 Invalid arguments),,,,,,0.0,,unix epoch; server offset not decoded; local cache datetimes are UTC-labelled (verify vs broker),"time,open,high,low,close,tick_volume,spread,real_volume",,PARTIAL — recent-window gaps (7 per FX cell) consistent with weekends; XAUUSD daily halt not mapped; holiday calendar unresolved,exploratory,MT5 query portion STOPPED: active terminal64 session running; isolated read-only connection cannot be guaranteed without disturbing it (safeguard #2).,3649.0,7.0,True,0.0
USDJPY,M30,,,,,,NOT READ via terminal (would disturb session); copy_rates_range worked to 2016 on FX / 2020 on XAUUSD,OBSERVED: requests beyond envelope returned empty (2015 probe) — consistent with a retention/maxbars limit; exact TERMINAL_MAXBARS value not read (recording requires terminal inspection),2016-01-04 01:00:00,2026-01-30 23:30:00,,repeated query — stable (terminal query x2 identical),False,yes,,UNAVAILABLE — tick API returned no ticks (error -2 Invalid arguments),,,,,,0.0,,unix epoch; server offset not decoded; local cache datetimes are UTC-labelled (verify vs broker),"time,open,high,low,close,tick_volume,spread,real_volume",,PARTIAL — recent-window gaps (7 per FX cell) consistent with weekends; XAUUSD daily halt not mapped; holiday calendar unresolved,exploratory,MT5 query portion STOPPED: active terminal64 session running; isolated read-only connection cannot be guaranteed without disturbing it (safeguard #2).,1825.0,7.0,True,0.0
USDJPY,H1,ml-signal-service\data\raw\mt5\H1\USDJPY_H1.csv,47152.0,2019-01-02 00:00:00,2026-07-30 14:00:00,,NOT READ via terminal (would disturb session); copy_rates_range worked to 2016 on FX / 2020 on XAUUSD,OBSERVED: requests beyond envelope returned empty (2015 probe) — consistent with a retention/maxbars limit; exact TERMINAL_MAXBARS value not read (recording requires terminal inspection),2016-01-04 01:00:00,2026-01-30 23:00:00,,repeated query — stable (terminal query x2 identical),False,yes,,UNAVAILABLE — tick API returned no ticks (error -2 Invalid arguments),,,,401.0,,0.0,,unix epoch; server offset not decoded; local cache datetimes are UTC-labelled (verify vs broker),"time,open,high,low,close,tick_volume,spread,real_volume",,PARTIAL — recent-window gaps (7 per FX cell) consistent with weekends; XAUUSD daily halt not mapped; holiday calendar unresolved,exploratory,"LOCAL ONLY: 47152 H1 rows over 2766d, 0 dups, 401 gaps>2h. MT5 envelope NOT queried.",913.0,7.0,True,0.0
EURJPY,M5,,,,,,NOT READ via terminal (would disturb session); copy_rates_range worked to 2016 on FX / 2020 on XAUUSD,OBSERVED: requests beyond envelope returned empty (2015 probe) — consistent with a retention/maxbars limit; exact TERMINAL_MAXBARS value not read (recording requires terminal inspection),2016-01-04 00:00:00,2026-01-30 23:55:00,,repeated query — stable (terminal query x2 identical),False,yes,,UNAVAILABLE — tick API returned no ticks (error -2 Invalid arguments),,,,,,0.0,,unix epoch; server offset not decoded; local cache datetimes are UTC-labelled (verify vs broker),"time,open,high,low,close,tick_volume,spread,real_volume",,PARTIAL — recent-window gaps (7 per FX cell) consistent with weekends; XAUUSD daily halt not mapped; holiday calendar unresolved,exploratory,MT5 query portion STOPPED: active terminal64 session running; isolated read-only connection cannot be guaranteed without disturbing it (safeguard #2).,10380.0,8.0,True,0.0
EURJPY,M15,,,,,,NOT READ via terminal (would disturb session); copy_rates_range worked to 2016 on FX / 2020 on XAUUSD,OBSERVED: requests beyond envelope returned empty (2015 probe) — consistent with a retention/maxbars limit; exact TERMINAL_MAXBARS value not read (recording requires terminal inspection),2016-01-04 00:00:00,2026-01-30 23:45:00,,repeated query — stable (terminal query x2 identical),False,yes,,UNAVAILABLE — tick API returned no ticks (error -2 Invalid arguments),,,,,,0.0,,unix epoch; server offset not decoded; local cache datetimes are UTC-labelled (verify vs broker),"time,open,high,low,close,tick_volume,spread,real_volume",,PARTIAL — recent-window gaps (7 per FX cell) consistent with weekends; XAUUSD daily halt not mapped; holiday calendar unresolved,exploratory,MT5 query portion STOPPED: active terminal64 session running; isolated read-only connection cannot be guaranteed without disturbing it (safeguard #2).,3461.0,8.0,True,0.0
EURJPY,M30,,,,,,NOT READ via terminal (would disturb session); copy_rates_range worked to 2016 on FX / 2020 on XAUUSD,OBSERVED: requests beyond envelope returned empty (2015 probe) — consistent with a retention/maxbars limit; exact TERMINAL_MAXBARS value not read (recording requires terminal inspection),2016-01-04 00:00:00,2026-01-30 23:30:00,,repeated query — stable (terminal query x2 identical),False,yes,,UNAVAILABLE — tick API returned no ticks (error -2 Invalid arguments),,,,,,0.0,,unix epoch; server offset not decoded; local cache datetimes are UTC-labelled (verify vs broker),"time,open,high,low,close,tick_volume,spread,real_volume",,PARTIAL — recent-window gaps (7 per FX cell) consistent with weekends; XAUUSD daily halt not mapped; holiday calendar unresolved,exploratory,MT5 query portion STOPPED: active terminal64 session running; isolated read-only connection cannot be guaranteed without disturbing it (safeguard #2).,1731.0,8.0,True,0.0
EURJPY,H1,ml-signal-service\data\raw\mt5\H1\EURJPY_H1.csv,48021.0,2019-01-02 06:00:00,2026-09-21 21:00:00,,NOT READ via terminal (would disturb session); copy_rates_range worked to 2016 on FX / 2020 on XAUUSD,OBSERVED: requests beyond envelope returned empty (2015 probe) — consistent with a retention/maxbars limit; exact TERMINAL_MAXBARS value not read (recording requires terminal inspection),2016-01-04 00:00:00,2026-01-30 23:00:00,,repeated query — stable (terminal query x2 identical),False,yes,,UNAVAILABLE — tick API returned no ticks (error -2 Invalid arguments),,,,409.0,,0.0,,unix epoch; server offset not decoded; local cache datetimes are UTC-labelled (verify vs broker),"time,open,high,low,close,tick_volume,spread,real_volume",,PARTIAL — recent-window gaps (7 per FX cell) consistent with weekends; XAUUSD daily halt not mapped; holiday calendar unresolved,exploratory,"LOCAL ONLY: 48021 H1 rows over 2819d, 0 dups, 409 gaps>2h. MT5 envelope NOT queried.",866.0,8.0,True,0.0
