date,txn_cost,hold_cost
2015-01-01,,0.0
2015-01-02,,0.0
2015-01-05,,0.0
2015-01-06,,0.0
2015-01-07,,0.0
2015-01-08,,0.0
2015-01-09,,0.0
2015-01-12,,0.0
2015-01-13,,0.0
2015-01-14,,0.0
2015-01-15,,0.0
2015-01-16,,0.0
2015-01-19,,0.0
2015-01-20,,0.0
2015-01-21,,0.0
2015-01-22,,0.0
2015-01-23,,0.0
2015-01-26,,0.0
2015-01-27,,0.0
2015-01-28,,0.0
2015-01-29,,0.0
2015-01-30,,0.0
2015-02-02,,0.0
2015-02-03,,0.0
2015-02-04,,0.0
2015-02-05,,0.0
2015-02-06,,0.0
2015-02-09,,0.0
2015-02-10,,0.0
2015-02-11,,0.0
2015-02-12,,0.0
2015-02-13,,0.0
2015-02-16,,0.0
2015-02-17,,0.0
2015-02-18,,0.0
2015-02-19,,0.0
2015-02-20,,0.0
2015-02-23,,0.0
2015-02-24,,0.0
2015-02-25,,0.0
2015-02-26,,0.0
2015-02-27,,0.0
2015-03-02,,0.0
2015-03-03,,0.0
2015-03-04,,0.0
2015-03-05,,0.0
2015-03-06,,0.0
2015-03-09,,0.0
2015-03-10,,0.0
2015-03-11,,0.0
2015-03-12,,0.0
2015-03-13,,0.0
2015-03-16,,0.0
2015-03-17,,0.0
2015-03-18,,0.0
2015-03-19,,0.0
2015-03-20,,0.0
2015-03-23,,0.0
2015-03-24,,0.0
2015-03-25,,0.0
2015-03-26,,0.0
2015-03-27,,0.0
2015-03-30,,0.0
2015-03-31,,0.0
2015-04-01,,0.0
2015-04-02,,0.0
2015-04-03,,0.0
2015-04-06,,0.0
2015-04-07,,0.0
2015-04-08,,0.0
2015-04-09,,0.0
2015-04-10,,0.0
2015-04-13,,0.0
2015-04-14,,0.0
2015-04-15,,0.0
2015-04-16,,0.0
2015-04-17,,0.0
2015-04-20,,0.0
2015-04-21,,0.0
2015-04-22,,0.0
2015-04-23,,0.0
2015-04-24,,0.0
2015-04-27,,0.0
2015-04-28,,0.0
2015-04-29,,0.0
2015-04-30,,0.0
2015-05-01,,0.0
2015-05-04,,0.0
2015-05-05,,0.0
2015-05-06,,0.0
2015-05-07,,0.0
2015-05-08,,0.0
2015-05-11,,0.0
2015-05-12,,0.0
2015-05-13,,0.0
2015-05-14,,0.0
2015-05-15,,0.0
2015-05-18,,0.0
2015-05-19,,0.0
2015-05-20,,0.0
2015-05-21,,0.0
2015-05-22,,0.0
2015-05-25,,0.0
2015-05-26,,0.0
2015-05-27,,0.0
2015-05-28,,0.0
2015-05-29,,0.0
2015-06-01,,0.0
2015-06-02,,0.0
2015-06-03,,0.0
2015-06-04,,0.0
2015-06-05,,0.0
2015-06-08,,0.0
2015-06-09,,0.0
2015-06-10,,0.0
2015-06-11,,0.0
2015-06-12,,0.0
2015-06-15,,0.0
2015-06-16,,0.0
2015-06-17,,0.0
2015-06-18,,0.0
2015-06-19,,0.0
2015-06-22,,0.0
2015-06-23,,0.0
2015-06-24,,0.0
2015-06-25,,0.0
2015-06-26,,0.0
2015-06-29,,0.0
2015-06-30,,0.0
2015-07-01,,0.0
2015-07-02,,0.0
2015-07-03,,0.0
2015-07-06,,0.0
2015-07-07,,0.0
2015-07-08,,0.0
2015-07-09,,0.0
2015-07-10,,0.0
2015-07-13,,0.0
2015-07-14,,0.0
2015-07-15,,0.0
2015-07-16,,0.0
2015-07-17,,0.0
2015-07-20,,0.0
2015-07-21,,0.0
2015-07-22,,0.0
2015-07-23,,0.0
2015-07-24,,0.0
2015-07-27,,0.0
2015-07-28,,0.0
2015-07-29,,0.0
2015-07-30,,0.0
2015-07-31,,0.0
2015-08-03,,0.0
2015-08-04,,0.0
2015-08-05,,0.0
2015-08-06,,0.0
2015-08-07,,0.0
2015-08-10,,0.0
2015-08-11,,0.0
2015-08-12,,0.0
2015-08-13,,0.0
2015-08-14,,0.0
2015-08-17,,0.0
2015-08-18,,0.0
2015-08-19,,0.0
2015-08-20,,0.0
2015-08-21,,0.0
2015-08-24,,0.0
2015-08-25,,0.0
2015-08-26,,0.0
2015-08-27,,0.0
2015-08-28,,0.0
2015-08-31,,0.0
2015-09-01,,0.0
2015-09-02,,0.0
2015-09-03,,0.0
2015-09-04,,0.0
2015-09-07,,0.0
2015-09-08,,0.0
2015-09-09,,0.0
2015-09-10,,0.0
2015-09-11,,0.0
2015-09-14,,0.0
2015-09-15,,0.0
2015-09-16,,0.0
2015-09-17,,0.0
2015-09-18,,0.0
2015-09-21,,0.0
2015-09-22,,0.0
2015-09-23,,0.0
2015-09-24,,0.0
2015-09-25,,0.0
2015-09-28,,0.0
2015-09-29,,0.0
2015-09-30,,0.0
2015-10-01,,0.0
2015-10-02,,0.0
2015-10-05,,0.0
2015-10-06,,0.0
2015-10-07,,0.0
2015-10-08,,0.0
2015-10-09,,0.0
2015-10-12,,0.0
2015-10-13,,0.0
2015-10-14,,0.0
2015-10-15,,0.0
2015-10-16,,0.0
2015-10-19,,0.0
2015-10-20,,0.0
2015-10-21,,0.0
2015-10-22,,0.0
2015-10-23,,0.0
2015-10-26,,0.0
2015-10-27,,0.0
2015-10-28,,0.0
2015-10-29,,0.0
2015-10-30,,0.0
2015-11-02,,0.0
2015-11-03,,0.0
2015-11-04,,0.0
2015-11-05,,0.0
2015-11-06,,0.0
2015-11-09,,0.0
2015-11-10,,0.0
2015-11-11,,0.0
2015-11-12,,0.0
2015-11-13,,0.0
2015-11-16,,0.0
2015-11-17,,0.0
2015-11-18,,0.0
2015-11-19,,0.0
2015-11-20,,0.0
2015-11-23,,0.0
2015-11-24,,0.0
2015-11-25,,0.0
2015-11-26,,0.0
2015-11-27,,0.0
2015-11-30,,0.0
2015-12-01,,0.0
2015-12-02,,0.0
2015-12-03,,0.0
2015-12-04,,0.0
2015-12-07,,0.0
2015-12-08,,0.0
2015-12-09,,0.0
2015-12-10,,0.0
2015-12-11,,0.0
2015-12-14,,0.0
2015-12-15,,0.0
2015-12-16,,0.0
2015-12-17,,0.0
2015-12-18,,0.0
2015-12-21,,0.0
2015-12-22,,0.0
2015-12-23,,0.0
2015-12-24,,0.0
2015-12-25,,0.0
2015-12-28,,0.0
2015-12-29,,0.0
2015-12-30,,0.0
2015-12-31,,0.0
2016-01-01,,0.0
2016-01-04,,0.0
2016-01-05,,0.0
2016-01-06,,0.0
2016-01-07,,0.0
2016-01-08,,0.0
2016-01-11,,0.0
2016-01-12,,0.0
2016-01-13,,0.0
2016-01-14,,0.0
2016-01-15,,0.0
2016-01-18,,0.0
2016-01-19,,0.0
2016-01-20,,0.0
2016-01-21,,0.0
2016-01-22,,0.0
2016-01-25,,0.0
2016-01-26,,0.0
2016-01-27,,0.0
2016-01-28,,0.0
2016-01-29,,0.0
2016-02-01,,0.0
2016-02-02,,0.0
2016-02-03,,0.0
2016-02-04,,0.0
2016-02-05,,0.0
2016-02-08,,0.0
2016-02-09,,0.0
2016-02-10,,0.0
2016-02-11,,0.0
2016-02-12,,0.0
2016-02-15,,0.0
2016-02-16,,0.0
2016-02-17,,0.0
2016-02-18,,0.0
2016-02-19,,0.0
2016-02-22,,0.0
2016-02-23,,0.0
2016-02-24,,0.0
2016-02-25,,0.0
2016-02-26,,0.0
2016-02-29,,0.0
2016-03-01,,0.0
2016-03-02,,0.0
2016-03-03,,0.0
2016-03-04,,0.0
2016-03-07,,0.0
2016-03-08,,0.0
2016-03-09,,0.0
2016-03-10,,0.0
2016-03-11,,0.0
2016-03-14,,0.0
2016-03-15,,0.0
2016-03-16,,0.0
2016-03-17,,0.0
2016-03-18,,0.0
2016-03-21,,0.0
2016-03-22,,0.0
2016-03-23,,0.0
2016-03-24,,0.0
2016-03-25,,0.0
2016-03-28,,0.0
2016-03-29,,0.0
2016-03-30,,0.0
2016-03-31,,0.0
2016-04-01,,0.0
2016-04-04,,0.0
2016-04-05,,0.0
2016-04-06,,0.0
2016-04-07,,0.0
2016-04-08,,0.0
2016-04-11,,0.0
2016-04-12,,0.0
2016-04-13,,0.0
2016-04-14,,0.0
2016-04-15,,0.0
2016-04-18,,0.0
2016-04-19,,0.0
2016-04-20,,0.0
2016-04-21,,0.0
2016-04-22,,0.0
2016-04-25,,0.0
2016-04-26,,0.0
2016-04-27,,0.0
2016-04-28,,0.0
2016-04-29,,0.0
2016-05-02,,0.0
2016-05-03,,0.0
2016-05-04,,0.0
2016-05-05,,0.0
2016-05-06,,0.0
2016-05-09,,0.0
2016-05-10,,0.0
2016-05-11,,0.0
2016-05-12,,0.0
2016-05-13,,0.0
2016-05-16,,0.0
2016-05-17,,0.0
2016-05-18,,0.0
2016-05-19,,0.0
2016-05-20,,0.0
2016-05-23,,0.0
2016-05-24,,0.0
2016-05-25,,0.0
2016-05-26,,0.0
2016-05-27,,0.0
2016-05-30,,0.0
2016-05-31,,0.0
2016-06-01,,0.0
2016-06-02,,0.0
2016-06-03,,0.0
2016-06-06,,0.0
2016-06-07,,0.0
2016-06-08,,0.0
2016-06-09,,0.0
2016-06-10,,0.0
2016-06-13,,0.0
2016-06-14,,0.0
2016-06-15,,0.0
2016-06-16,,0.0
2016-06-17,,0.0
2016-06-20,,0.0
2016-06-21,,0.0
2016-06-22,,0.0
2016-06-23,,0.0
2016-06-24,,0.0
2016-06-27,,0.0
2016-06-28,,0.0
2016-06-29,,0.0
2016-06-30,,0.0
2016-07-01,,0.0
2016-07-04,,0.0
2016-07-05,,0.0
2016-07-06,,0.0
2016-07-07,,0.0
2016-07-08,,0.0
2016-07-11,,0.0
2016-07-12,,0.0
2016-07-13,,0.0
2016-07-14,,0.0
2016-07-15,,0.0
2016-07-18,,0.0
2016-07-19,,0.0
2016-07-20,,0.0
2016-07-21,,0.0
2016-07-22,,0.0
2016-07-25,,0.0
2016-07-26,,0.0
2016-07-27,,0.0
2016-07-28,,0.0
2016-07-29,,0.0
2016-08-01,,0.0
2016-08-02,,0.0
2016-08-03,,0.0
2016-08-04,,0.0
2016-08-05,,0.0
2016-08-08,,0.0
2016-08-09,,0.0
2016-08-10,,0.0
2016-08-11,,0.0
2016-08-12,,0.0
2016-08-15,,0.0
2016-08-16,,0.0
2016-08-17,,0.0
2016-08-18,,0.0
2016-08-19,,0.0
2016-08-22,,0.0
2016-08-23,,0.0
2016-08-24,,0.0
2016-08-25,,0.0
2016-08-26,,0.0
2016-08-29,,0.0
2016-08-30,,0.0
2016-08-31,,0.0
2016-09-01,,0.0
2016-09-02,,0.0
2016-09-05,,0.0
2016-09-06,,0.0
2016-09-07,,0.0
2016-09-08,,0.0
2016-09-09,,0.0
2016-09-12,,0.0
2016-09-13,,0.0
2016-09-14,,0.0
2016-09-15,,0.0
2016-09-16,,0.0
2016-09-19,,0.0
2016-09-20,,0.0
2016-09-21,,0.0
2016-09-22,,0.0
2016-09-23,,0.0
2016-09-26,,0.0
2016-09-27,,0.0
2016-09-28,,0.0
2016-09-29,,0.0
2016-09-30,,0.0
2016-10-03,,0.0
2016-10-04,,0.0
2016-10-05,,0.0
2016-10-06,,0.0
2016-10-07,,0.0
2016-10-10,,0.0
2016-10-11,,0.0
2016-10-12,,0.0
2016-10-13,,0.0
2016-10-14,,0.0
2016-10-17,,0.0
2016-10-18,,0.0
2016-10-19,,0.0
2016-10-20,,0.0
2016-10-21,,0.0
2016-10-24,,0.0
2016-10-25,,0.0
2016-10-26,,0.0
2016-10-27,,0.0
2016-10-28,,0.0
2016-10-31,,0.0
2016-11-01,,0.0
2016-11-02,,0.0
2016-11-03,,0.0
2016-11-04,,0.0
2016-11-07,,0.0
2016-11-08,,0.0
2016-11-09,,0.0
2016-11-10,,0.0
2016-11-11,,0.0
2016-11-14,,0.0
2016-11-15,,0.0
2016-11-16,,0.0
2016-11-17,,0.0
2016-11-18,,0.0
2016-11-21,,0.0
2016-11-22,,0.0
2016-11-23,,0.0
2016-11-24,,0.0
2016-11-25,,0.0
2016-11-28,,0.0
2016-11-29,,0.0
2016-11-30,,0.0
2016-12-01,,0.0
2016-12-02,,0.0
2016-12-05,,0.0
2016-12-06,,0.0
2016-12-07,,0.0
2016-12-08,,0.0
2016-12-09,,0.0
2016-12-12,,0.0
2016-12-13,,0.0
2016-12-14,,0.0
2016-12-15,,0.0
2016-12-16,,0.0
2016-12-19,,0.0
2016-12-20,,0.0
2016-12-21,,0.0
2016-12-22,,0.0
2016-12-23,,0.0
2016-12-26,,0.0
2016-12-27,,0.0
2016-12-28,,0.0
2016-12-29,,0.0
2016-12-30,,0.0
2017-01-02,,0.0
2017-01-03,,0.0
2017-01-04,,0.0
2017-01-05,,0.0
2017-01-06,,0.0
2017-01-09,,0.0
2017-01-10,,0.0
2017-01-11,,0.0
2017-01-12,,0.0
2017-01-13,,0.0
2017-01-16,,0.0
2017-01-17,,0.0
2017-01-18,,0.0
2017-01-19,,0.0
2017-01-20,,0.0
2017-01-23,,0.0
2017-01-24,,0.0
2017-01-25,,0.0
2017-01-26,,0.0
2017-01-27,,0.0
2017-01-30,,0.0
2017-01-31,,0.0
2017-02-01,,0.0
2017-02-02,,0.0
2017-02-03,,0.0
2017-02-06,,0.0
2017-02-07,,0.0
2017-02-08,,0.0
2017-02-09,,0.0
2017-02-10,,0.0
2017-02-13,,0.0
2017-02-14,,0.0
2017-02-15,,0.0
2017-02-16,,0.0
2017-02-17,,0.0
2017-02-20,,0.0
2017-02-21,,0.0
2017-02-22,,0.0
2017-02-23,,0.0
2017-02-24,,0.0
2017-02-27,,0.0
2017-02-28,,0.0
2017-03-01,,0.0
2017-03-02,,0.0
2017-03-03,,0.0
2017-03-06,,0.0
2017-03-07,,0.0
2017-03-08,,0.0
2017-03-09,,0.0
2017-03-10,,0.0
2017-03-13,,0.0
2017-03-14,,0.0
2017-03-15,,0.0
2017-03-16,,0.0
2017-03-17,,0.0
2017-03-20,,0.0
2017-03-21,,0.0
2017-03-22,,0.0
2017-03-23,,0.0
2017-03-24,,0.0
2017-03-27,,0.0
2017-03-28,,0.0
2017-03-29,,0.0
2017-03-30,,0.0
2017-03-31,,0.0
2017-04-03,,0.0
2017-04-04,,0.0
2017-04-05,,0.0
2017-04-06,,0.0
2017-04-07,,0.0
2017-04-10,,0.0
2017-04-11,,0.0
2017-04-12,,0.0
2017-04-13,,0.0
2017-04-14,,0.0
2017-04-17,,0.0
2017-04-18,,0.0
2017-04-19,,0.0
2017-04-20,,0.0
2017-04-21,,0.0
2017-04-24,,0.0
2017-04-25,,0.0
2017-04-26,,0.0
2017-04-27,,0.0
2017-04-28,,0.0
2017-05-01,,0.0
2017-05-02,,0.0
2017-05-03,,0.0
2017-05-04,,0.0
2017-05-05,,0.0
2017-05-08,,0.0
2017-05-09,,0.0
2017-05-10,,0.0
2017-05-11,,0.0
2017-05-12,,0.0
2017-05-15,,0.0
2017-05-16,,0.0
2017-05-17,,0.0
2017-05-18,,0.0
2017-05-19,,0.0
2017-05-22,,0.0
2017-05-23,,0.0
2017-05-24,,0.0
2017-05-25,,0.0
2017-05-26,,0.0
2017-05-29,,0.0
2017-05-30,,0.0
2017-05-31,,0.0
2017-06-01,,0.0
2017-06-02,,0.0
2017-06-05,,0.0
2017-06-06,,0.0
2017-06-07,,0.0
2017-06-08,,0.0
2017-06-09,,0.0
2017-06-12,,0.0
2017-06-13,,0.0
2017-06-14,,0.0
2017-06-15,,0.0
2017-06-16,,0.0
2017-06-19,,0.0
2017-06-20,,0.0
2017-06-21,,0.0
2017-06-22,,0.0
2017-06-23,,0.0
2017-06-26,,0.0
2017-06-27,,0.0
2017-06-28,,0.0
2017-06-29,,0.0
2017-06-30,,0.0
2017-07-03,,0.0
2017-07-04,,0.0
2017-07-05,,0.0
2017-07-06,,0.0
2017-07-07,,0.0
2017-07-10,,0.0
2017-07-11,,0.0
2017-07-12,,0.0
2017-07-13,,0.0
2017-07-14,,0.0
2017-07-17,,0.0
2017-07-18,,0.0
2017-07-19,,0.0
2017-07-20,,0.0
2017-07-21,,0.0
2017-07-24,,0.0
2017-07-25,,0.0
2017-07-26,,0.0
2017-07-27,,0.0
2017-07-28,,0.0
2017-07-31,,0.0
2017-08-01,,0.0
2017-08-02,,0.0
2017-08-03,,0.0
2017-08-04,,0.0
2017-08-07,,0.0
2017-08-08,,0.0
2017-08-09,,0.0
2017-08-10,,0.0
2017-08-11,,0.0
2017-08-14,,0.0
2017-08-15,,0.0
2017-08-16,,0.0
2017-08-17,,0.0
2017-08-18,,0.0
2017-08-21,,0.0
2017-08-22,,0.0
2017-08-23,,0.0
2017-08-24,,0.0
2017-08-25,,0.0
2017-08-28,,0.0
2017-08-29,,0.0
2017-08-30,,0.0
2017-08-31,,0.0
2017-09-01,,0.0
2017-09-04,,0.0
2017-09-05,,0.0
2017-09-06,,0.0
2017-09-07,,0.0
2017-09-08,,0.0
2017-09-11,,0.0
2017-09-12,,0.0
2017-09-13,,0.0
2017-09-14,,0.0
2017-09-15,,0.0
2017-09-18,,0.0
2017-09-19,,0.0
2017-09-20,,0.0
2017-09-21,,0.0
2017-09-22,,0.0
2017-09-25,,0.0
2017-09-26,,0.0
2017-09-27,,0.0
2017-09-28,,0.0
2017-09-29,,0.0
2017-10-02,,0.0
2017-10-03,,0.0
2017-10-04,,0.0
2017-10-05,,0.0
2017-10-06,,0.0
2017-10-09,,0.0
2017-10-10,,0.0
2017-10-11,,0.0
2017-10-12,,0.0
2017-10-13,,0.0
2017-10-16,,0.0
2017-10-17,,0.0
2017-10-18,,0.0
2017-10-19,,0.0
2017-10-20,,0.0
2017-10-23,,0.0
2017-10-24,,0.0
2017-10-25,,0.0
2017-10-26,,0.0
2017-10-27,,0.0
2017-10-30,,0.0
2017-10-31,,0.0
2017-11-01,,0.0
2017-11-02,,0.0
2017-11-03,,0.0
2017-11-06,,0.0
2017-11-07,,0.0
2017-11-08,,0.0
2017-11-09,,0.0
2017-11-10,,0.0
2017-11-13,,0.0
2017-11-14,,0.0
2017-11-15,,0.0
2017-11-16,,0.0
2017-11-17,,0.0
2017-11-20,,0.0
2017-11-21,,0.0
2017-11-22,,0.0
2017-11-23,,0.0
2017-11-24,,0.0
2017-11-27,,0.0
2017-11-28,,0.0
2017-11-29,,0.0
2017-11-30,,0.0
2017-12-01,,0.0
2017-12-04,,0.0
2017-12-05,,0.0
2017-12-06,,0.0
2017-12-07,,0.0
2017-12-08,,0.0
2017-12-11,,0.0
2017-12-12,,0.0
2017-12-13,,0.0
2017-12-14,,0.0
2017-12-15,,0.0
2017-12-18,,0.0
2017-12-19,,0.0
2017-12-20,,0.0
2017-12-21,,0.0
2017-12-22,,0.0
2017-12-25,,0.0
2017-12-26,,0.0
2017-12-27,,0.0
2017-12-28,,0.0
2017-12-29,,0.0
2018-01-01,,0.0
2018-01-02,,0.0
2018-01-03,,0.0
2018-01-04,,0.0
2018-01-05,,0.0
2018-01-08,,0.0
2018-01-09,,0.0
2018-01-10,,0.0
2018-01-11,,0.0
2018-01-12,,0.0
2018-01-15,,0.0
2018-01-16,,0.0
2018-01-17,,0.0
2018-01-18,,0.0
2018-01-19,,0.0
2018-01-22,,0.0
2018-01-23,,0.0
2018-01-24,,0.0
2018-01-25,,0.0
2018-01-26,,0.0
2018-01-29,,0.0
2018-01-30,,0.0
2018-01-31,,0.0
2018-02-01,,0.0
2018-02-02,,0.0
2018-02-05,,0.0
2018-02-06,,0.0
2018-02-07,,0.0
2018-02-08,,0.0
2018-02-09,,0.0
2018-02-12,,0.0
2018-02-13,,0.0
2018-02-14,,0.0
2018-02-15,,0.0
2018-02-16,,0.0
2018-02-19,,0.0
2018-02-20,,0.0
2018-02-21,,0.0
2018-02-22,,0.0
2018-02-23,,0.0
2018-02-26,,0.0
2018-02-27,,0.0
2018-02-28,,0.0
2018-03-01,,0.0
2018-03-02,,0.0
2018-03-05,,0.0
2018-03-06,,0.0
2018-03-07,,0.0
2018-03-08,,0.0
2018-03-09,,0.0
2018-03-12,,0.0
2018-03-13,,0.0
2018-03-14,,0.0
2018-03-15,,0.0
2018-03-16,,0.0
2018-03-19,,0.0
2018-03-20,,0.0
2018-03-21,,0.0
2018-03-22,,0.0
2018-03-23,,0.0
2018-03-26,,0.0
2018-03-27,,0.0
2018-03-28,,0.0
2018-03-29,,0.0
2018-03-30,,0.0
2018-04-02,,0.0
2018-04-03,,0.0
2018-04-04,,0.0
2018-04-05,,0.0
2018-04-06,,0.0
2018-04-09,,0.0
2018-04-10,,0.0
2018-04-11,,0.0
2018-04-12,,0.0
2018-04-13,,0.0
2018-04-16,,0.0
2018-04-17,,0.0
2018-04-18,,0.0
2018-04-19,,0.0
2018-04-20,,0.0
2018-04-23,,0.0
2018-04-24,,0.0
2018-04-25,,0.0
2018-04-26,,0.0
2018-04-27,,0.0
2018-04-30,,0.0
2018-05-01,,0.0
2018-05-02,,0.0
2018-05-03,,0.0
2018-05-04,,0.0
2018-05-07,,0.0
2018-05-08,,0.0
2018-05-09,,0.0
2018-05-10,,0.0
2018-05-11,,0.0
2018-05-14,,0.0
2018-05-15,,0.0
2018-05-16,,0.0
2018-05-17,,0.0
2018-05-18,,0.0
2018-05-21,,0.0
2018-05-22,,0.0
2018-05-23,,0.0
2018-05-24,,0.0
2018-05-25,,0.0
2018-05-28,,0.0
2018-05-29,,0.0
2018-05-30,,0.0
2018-05-31,,0.0
2018-06-01,,0.0
2018-06-04,,0.0
2018-06-05,,0.0
2018-06-06,,0.0
2018-06-07,,0.0
2018-06-08,,0.0
2018-06-11,,0.0
2018-06-12,,0.0
2018-06-13,,0.0
2018-06-14,,0.0
2018-06-15,,0.0
2018-06-18,,0.0
2018-06-19,,0.0
2018-06-20,,0.0
2018-06-21,,0.0
2018-06-22,,0.0
2018-06-25,,0.0
2018-06-26,,0.0
2018-06-27,,0.0
2018-06-28,,0.0
2018-06-29,,0.0
2018-07-02,,0.0
2018-07-03,,0.0
2018-07-04,,0.0
2018-07-05,,0.0
2018-07-06,,0.0
2018-07-09,,0.0
2018-07-10,,0.0
2018-07-11,,0.0
2018-07-12,,0.0
2018-07-13,,0.0
2018-07-16,,0.0
2018-07-17,,0.0
2018-07-18,,0.0
2018-07-19,,0.0
2018-07-20,,0.0
2018-07-23,,0.0
2018-07-24,,0.0
2018-07-25,,0.0
2018-07-26,,0.0
2018-07-27,,0.0
2018-07-30,,0.0
2018-07-31,,0.0
2018-08-01,,0.0
2018-08-02,,0.0
2018-08-03,,0.0
2018-08-06,,0.0
2018-08-07,,0.0
2018-08-08,,0.0
2018-08-09,,0.0
2018-08-10,,0.0
2018-08-13,,0.0
2018-08-14,,0.0
2018-08-15,,0.0
2018-08-16,,0.0
2018-08-17,,0.0
2018-08-20,,0.0
2018-08-21,,0.0
2018-08-22,,0.0
2018-08-23,,0.0
2018-08-24,,0.0
2018-08-27,,0.0
2018-08-28,,0.0
2018-08-29,,0.0
2018-08-30,,0.0
2018-08-31,,0.0
2018-09-03,,0.0
2018-09-04,,0.0
2018-09-05,,0.0
2018-09-06,,0.0
2018-09-07,,0.0
2018-09-10,,0.0
2018-09-11,,0.0
2018-09-12,,0.0
2018-09-13,,0.0
2018-09-14,,0.0
2018-09-17,,0.0
2018-09-18,,0.0
2018-09-19,,0.0
2018-09-20,,0.0
2018-09-21,,0.0
2018-09-24,,0.0
2018-09-25,,0.0
2018-09-26,,0.0
2018-09-27,,0.0
2018-09-28,,0.0
2018-10-01,,0.0
2018-10-02,,0.0
2018-10-03,,0.0
2018-10-04,,0.0
2018-10-05,,0.0
2018-10-08,,0.0
2018-10-09,,0.0
2018-10-10,,0.0
2018-10-11,,0.0
2018-10-12,,0.0
2018-10-15,,0.0
2018-10-16,,0.0
2018-10-17,,0.0
2018-10-18,,0.0
2018-10-19,,0.0
2018-10-22,,0.0
2018-10-23,,0.0
2018-10-24,,0.0
2018-10-25,,0.0
2018-10-26,,0.0
2018-10-29,,0.0
2018-10-30,,0.0
2018-10-31,,0.0
2018-11-01,,0.0
2018-11-02,,0.0
2018-11-05,,0.0
2018-11-06,,0.0
2018-11-07,,0.0
2018-11-08,,0.0
2018-11-09,,0.0
2018-11-12,,0.0
2018-11-13,,0.0
2018-11-14,,0.0
2018-11-15,,0.0
2018-11-16,,0.0
2018-11-19,,0.0
2018-11-20,,0.0
2018-11-21,,0.0
2018-11-22,,0.0
2018-11-23,,0.0
2018-11-26,,0.0
2018-11-27,,0.0
2018-11-28,,0.0
2018-11-29,,0.0
2018-11-30,,0.0
2018-12-03,,0.0
2018-12-04,,0.0
2018-12-05,,0.0
2018-12-06,,0.0
2018-12-07,,0.0
2018-12-10,,0.0
2018-12-11,,0.0
2018-12-12,,0.0
2018-12-13,,0.0
2018-12-14,,0.0
2018-12-17,,0.0
2018-12-18,,0.0
2018-12-19,,0.0
2018-12-20,,0.0
2018-12-21,,0.0
2018-12-24,,0.0
2018-12-25,,0.0
2018-12-26,,0.0
2018-12-27,,0.0
2018-12-28,,0.0
2018-12-31,,0.0
2019-01-01,,0.0
2019-01-02,,0.0
2019-01-03,,0.0
2019-01-04,,0.0
2019-01-07,,0.0
2019-01-08,,0.0
2019-01-09,,0.0
2019-01-10,,0.0
2019-01-11,,0.0
2019-01-14,,0.0
2019-01-15,,0.0
2019-01-16,,0.0
2019-01-17,,0.0
2019-01-18,,0.0
2019-01-21,,0.0
2019-01-22,,0.0
2019-01-23,,0.0
2019-01-24,,0.0
2019-01-25,,0.0
2019-01-28,,0.0
2019-01-29,,0.0
2019-01-30,,0.0
2019-01-31,,0.0
2019-02-01,,0.0
2019-02-04,,0.0
2019-02-05,,0.0
2019-02-06,,0.0
2019-02-07,,0.0
2019-02-08,,0.0
2019-02-11,,0.0
2019-02-12,,0.0
2019-02-13,,0.0
2019-02-14,,0.0
2019-02-15,,0.0
2019-02-18,,0.0
2019-02-19,,0.0
2019-02-20,,0.0
2019-02-21,,0.0
2019-02-22,,0.0
2019-02-25,,0.0
2019-02-26,,0.0
2019-02-27,,0.0
2019-02-28,,0.0
2019-03-01,,0.0
2019-03-04,,0.0
2019-03-05,,0.0
2019-03-06,,0.0
2019-03-07,,0.0
2019-03-08,,0.0
2019-03-11,,0.0
2019-03-12,,0.0
2019-03-13,,0.0
2019-03-14,,0.0
2019-03-15,,0.0
2019-03-18,,0.0
2019-03-19,,0.0
2019-03-20,,0.0
2019-03-21,,0.0
2019-03-22,,0.0
2019-03-25,,0.0
2019-03-26,,0.0
2019-03-27,,0.0
2019-03-28,,0.0
2019-03-29,,0.0
2019-04-01,,0.0
2019-04-02,,0.0
2019-04-03,,0.0
2019-04-04,,0.0
2019-04-05,,0.0
2019-04-08,,0.0
2019-04-09,,0.0
2019-04-10,,0.0
2019-04-11,,0.0
2019-04-12,,0.0
2019-04-15,,0.0
2019-04-16,,0.0
2019-04-17,,0.0
2019-04-18,,0.0
2019-04-19,,0.0
2019-04-22,,0.0
2019-04-23,,0.0
2019-04-24,,0.0
2019-04-25,,0.0
2019-04-26,,0.0
2019-04-29,,0.0
2019-04-30,,0.0
2019-05-01,,0.0
2019-05-02,,0.0
2019-05-03,,0.0
2019-05-06,,0.0
2019-05-07,,0.0
2019-05-08,,0.0
2019-05-09,,0.0
2019-05-10,,0.0
2019-05-13,,0.0
2019-05-14,,0.0
2019-05-15,,0.0
2019-05-16,,0.0
2019-05-17,,0.0
2019-05-20,,0.0
2019-05-21,,0.0
2019-05-22,,0.0
2019-05-23,,0.0
2019-05-24,,0.0
2019-05-27,,0.0
2019-05-28,,0.0
2019-05-29,,0.0
2019-05-30,,0.0
2019-05-31,,0.0
2019-06-03,,0.0
2019-06-04,,0.0
2019-06-05,,0.0
2019-06-06,,0.0
2019-06-07,,0.0
2019-06-10,,0.0
2019-06-11,,0.0
2019-06-12,,0.0
2019-06-13,,0.0
2019-06-14,,0.0
2019-06-17,,0.0
2019-06-18,,0.0
2019-06-19,,0.0
2019-06-20,,0.0
2019-06-21,,0.0
2019-06-24,,0.0
2019-06-25,,0.0
2019-06-26,,0.0
2019-06-27,,0.0
2019-06-28,,0.0
2019-07-01,,0.0
2019-07-02,,0.0
2019-07-03,,0.0
2019-07-04,,0.0
2019-07-05,,0.0
2019-07-08,,0.0
2019-07-09,,0.0
2019-07-10,,0.0
2019-07-11,,0.0
2019-07-12,,0.0
2019-07-15,,0.0
2019-07-16,,0.0
2019-07-17,,0.0
2019-07-18,,0.0
2019-07-19,,0.0
2019-07-22,,0.0
2019-07-23,,0.0
2019-07-24,,0.0
2019-07-25,,0.0
2019-07-26,,0.0
2019-07-29,,0.0
2019-07-30,,0.0
2019-07-31,,0.0
2019-08-01,,0.0
2019-08-02,,0.0
2019-08-05,,0.0
2019-08-06,,0.0
2019-08-07,,0.0
2019-08-08,,0.0
2019-08-09,,0.0
2019-08-12,,0.0
2019-08-13,,0.0
2019-08-14,,0.0
2019-08-15,,0.0
2019-08-16,,0.0
2019-08-19,,0.0
2019-08-20,,0.0
2019-08-21,,0.0
2019-08-22,,0.0
2019-08-23,,0.0
2019-08-26,,0.0
2019-08-27,,0.0
2019-08-28,,0.0
2019-08-29,,0.0
2019-08-30,,0.0
2019-09-02,,0.0
2019-09-03,,0.0
2019-09-04,,0.0
2019-09-05,,0.0
2019-09-06,,0.0
2019-09-09,,0.0
2019-09-10,,0.0
2019-09-11,,0.0
2019-09-12,,0.0
2019-09-13,,0.0
2019-09-16,,0.0
2019-09-17,,0.0
2019-09-18,,0.0
2019-09-19,,0.0
2019-09-20,,0.0
2019-09-23,,0.0
2019-09-24,,0.0
2019-09-25,,0.0
2019-09-26,,0.0
2019-09-27,,0.0
2019-09-30,,0.0
2019-10-01,,0.0
2019-10-02,,0.0
2019-10-03,,0.0
2019-10-04,,0.0
2019-10-07,,0.0
2019-10-08,,0.0
2019-10-09,,0.0
2019-10-10,,0.0
2019-10-11,,0.0
2019-10-14,,0.0
2019-10-15,,0.0
2019-10-16,,0.0
2019-10-17,,0.0
2019-10-18,,0.0
2019-10-21,,0.0
2019-10-22,,0.0
2019-10-23,,0.0
2019-10-24,,0.0
2019-10-25,,0.0
2019-10-28,,0.0
2019-10-29,,0.0
2019-10-30,,0.0
2019-10-31,,0.0
2019-11-01,,0.0
2019-11-04,,0.0
2019-11-05,,0.0
2019-11-06,,0.0
2019-11-07,,0.0
2019-11-08,,0.0
2019-11-11,,0.0
2019-11-12,,0.0
2019-11-13,,0.0
2019-11-14,,0.0
2019-11-15,,0.0
2019-11-18,,0.0
2019-11-19,,0.0
2019-11-20,,0.0
2019-11-21,,0.0
2019-11-22,,0.0
2019-11-25,,0.0
2019-11-26,,0.0
2019-11-27,,0.0
2019-11-28,,0.0
2019-11-29,,0.0
2019-12-02,,0.0
2019-12-03,,0.0
2019-12-04,,0.0
2019-12-05,,0.0
2019-12-06,,0.0
2019-12-09,,0.0
2019-12-10,,0.0
2019-12-11,,0.0
2019-12-12,,0.0
2019-12-13,,0.0
2019-12-16,,0.0
2019-12-17,,0.0
2019-12-18,,0.0
2019-12-19,,0.0
2019-12-20,,0.0
2019-12-23,,0.0
2019-12-24,,0.0
2019-12-25,,0.0
2019-12-26,,0.0
2019-12-27,,0.0
2019-12-30,,0.0
2019-12-31,,0.0
2020-01-01,,0.0
2020-01-02,,0.0
2020-01-03,,0.0
2020-01-06,,0.0
2020-01-07,,0.0
2020-01-08,,0.0
2020-01-09,,0.0
2020-01-10,,0.0
2020-01-13,,0.0
2020-01-14,,0.0
2020-01-15,,0.0
2020-01-16,,0.0
2020-01-17,,0.0
2020-01-20,,0.0
2020-01-21,,0.0
2020-01-22,,0.0
2020-01-23,,0.0
2020-01-24,,0.0
2020-01-27,,0.0
2020-01-28,,0.0
2020-01-29,,0.0
2020-01-30,,0.0
2020-01-31,,0.0
2020-02-03,,0.0
2020-02-04,,0.0
2020-02-05,,0.0
2020-02-06,,0.0
2020-02-07,,0.0
2020-02-10,,0.0
2020-02-11,,0.0
2020-02-12,,0.0
2020-02-13,,0.0
2020-02-14,,0.0
2020-02-17,,0.0
2020-02-18,,0.0
2020-02-19,,0.0
2020-02-20,,0.0
2020-02-21,,0.0
2020-02-24,,0.0
2020-02-25,,0.0
2020-02-26,,0.0
2020-02-27,,0.0
2020-02-28,,0.0
2020-03-02,,0.0
2020-03-03,,0.0
2020-03-04,,0.0
2020-03-05,,0.0
2020-03-06,,0.0
2020-03-09,,0.0
2020-03-10,,0.0
2020-03-11,,0.0
2020-03-12,,0.0
2020-03-13,,0.0
2020-03-16,,0.0
2020-03-17,,0.0
2020-03-18,,0.0
2020-03-19,,0.0
2020-03-20,,0.0
2020-03-23,,0.0
2020-03-24,,0.0
2020-03-25,,0.0
2020-03-26,,0.0
2020-03-27,,0.0
2020-03-30,,0.0
2020-03-31,,0.0
2020-04-01,,0.0
2020-04-02,,0.0
2020-04-03,,0.0
2020-04-06,,0.0
2020-04-07,,0.0
2020-04-08,,0.0
2020-04-09,,0.0
2020-04-10,,0.0
2020-04-13,,0.0
2020-04-14,,0.0
2020-04-15,,0.0
2020-04-16,,0.0
2020-04-17,,0.0
2020-04-20,,0.0
2020-04-21,,0.0
2020-04-22,,0.0
2020-04-23,,0.0
2020-04-24,,0.0
2020-04-27,,0.0
2020-04-28,,0.0
2020-04-29,,0.0
2020-04-30,,0.0
2020-05-01,,0.0
2020-05-04,,0.0
2020-05-05,,0.0
2020-05-06,,0.0
2020-05-07,,0.0
2020-05-08,,0.0
2020-05-11,,0.0
2020-05-12,,0.0
2020-05-13,,0.0
2020-05-14,,0.0
2020-05-15,,0.0
2020-05-18,,0.0
2020-05-19,,0.0
2020-05-20,,0.0
2020-05-21,,0.0
2020-05-22,,0.0
2020-05-25,,0.0
2020-05-26,,0.0
2020-05-27,,0.0
2020-05-28,,0.0
2020-05-29,,0.0
2020-06-01,,0.0
2020-06-02,,0.0
2020-06-03,,0.0
2020-06-04,,0.0
2020-06-05,,0.0
2020-06-08,,0.0
2020-06-09,,0.0
2020-06-10,,0.0
2020-06-11,,0.0
2020-06-12,,0.0
2020-06-15,,0.0
2020-06-16,,0.0
2020-06-17,,0.0
2020-06-18,,0.0
2020-06-19,,0.0
2020-06-22,,0.0
2020-06-23,,0.0
2020-06-24,,0.0
2020-06-25,,0.0
2020-06-26,,0.0
2020-06-29,,0.0
2020-06-30,,0.0
2020-07-01,,0.0
2020-07-02,,0.0
2020-07-03,,0.0
2020-07-06,,0.0
2020-07-07,,0.0
2020-07-08,,0.0
2020-07-09,,0.0
2020-07-10,,0.0
2020-07-13,,0.0
2020-07-14,,0.0
2020-07-15,,0.0
2020-07-16,,0.0
2020-07-17,,0.0
2020-07-20,,0.0
2020-07-21,,0.0
2020-07-22,,0.0
2020-07-23,,0.0
2020-07-24,,0.0
2020-07-27,,0.0
2020-07-28,,0.0
2020-07-29,,0.0
2020-07-30,,0.0
2020-07-31,,0.0
2020-08-03,,0.0
2020-08-04,,0.0
2020-08-05,,0.0
2020-08-06,,0.0
2020-08-07,,0.0
2020-08-10,,0.0
2020-08-11,,0.0
2020-08-12,,0.0
2020-08-13,,0.0
2020-08-14,,0.0
2020-08-17,,0.0
2020-08-18,,0.0
2020-08-19,,0.0
2020-08-20,,0.0
2020-08-21,,0.0
2020-08-24,,0.0
2020-08-25,,0.0
2020-08-26,,0.0
2020-08-27,,0.0
2020-08-28,,0.0
2020-08-31,,0.0
2020-09-01,,0.0
2020-09-02,,0.0
2020-09-03,,0.0
2020-09-04,,0.0
2020-09-07,,0.0
2020-09-08,,0.0
2020-09-09,,0.0
2020-09-10,,0.0
2020-09-11,,0.0
2020-09-14,,0.0
2020-09-15,,0.0
2020-09-16,,0.0
2020-09-17,,0.0
2020-09-18,,0.0
2020-09-21,,0.0
2020-09-22,,0.0
2020-09-23,,0.0
2020-09-24,,0.0
2020-09-25,,0.0
2020-09-28,,0.0
2020-09-29,,0.0
2020-09-30,,0.0
2020-10-01,,0.0
2020-10-02,,0.0
2020-10-05,,0.0
2020-10-06,,0.0
2020-10-07,,0.0
2020-10-08,,0.0
2020-10-09,,0.0
2020-10-12,,0.0
2020-10-13,,0.0
2020-10-14,,0.0
2020-10-15,,0.0
2020-10-16,,0.0
2020-10-19,,0.0
2020-10-20,,0.0
2020-10-21,,0.0
2020-10-22,,0.0
2020-10-23,,0.0
2020-10-26,,0.0
2020-10-27,,0.0
2020-10-28,,0.0
2020-10-29,,0.0
2020-10-30,,0.0
2020-11-02,,0.0
2020-11-03,,0.0
2020-11-04,,0.0
2020-11-05,,0.0
2020-11-06,,0.0
2020-11-09,,0.0
2020-11-10,,0.0
2020-11-11,,0.0
2020-11-12,,0.0
2020-11-13,,0.0
2020-11-16,,0.0
2020-11-17,,0.0
2020-11-18,,0.0
2020-11-19,,0.0
2020-11-20,,0.0
2020-11-23,,0.0
2020-11-24,,0.0
2020-11-25,,0.0
2020-11-26,,0.0
2020-11-27,,0.0
2020-11-30,,0.0
2020-12-01,,0.0
2020-12-02,,0.0
2020-12-03,,0.0
2020-12-04,,0.0
2020-12-07,,0.0
2020-12-08,,0.0
2020-12-09,,0.0
2020-12-10,,0.0
2020-12-11,,0.0
2020-12-14,,0.0
2020-12-15,,0.0
2020-12-16,,0.0
2020-12-17,,0.0
2020-12-18,,0.0
2020-12-21,,0.0
2020-12-22,,0.0
2020-12-23,,0.0
2020-12-24,,0.0
2020-12-25,,0.0
2020-12-28,,0.0
2020-12-29,,0.0
2020-12-30,,0.0
2020-12-31,,0.0
2021-01-01,,0.0
2021-01-04,,0.0
2021-01-05,,0.0
2021-01-06,,0.0
2021-01-07,,0.0
2021-01-08,,0.0
2021-01-11,,0.0
2021-01-12,,0.0
2021-01-13,,0.0
2021-01-14,,0.0
2021-01-15,,0.0
2021-01-18,,0.0
2021-01-19,,0.0
2021-01-20,,0.0
2021-01-21,,0.0
2021-01-22,,0.0
2021-01-25,,0.0
2021-01-26,,0.0
2021-01-27,,0.0
2021-01-28,,0.0
2021-01-29,,0.0
2021-02-01,,0.0
2021-02-02,,0.0
2021-02-03,,0.0
2021-02-04,,0.0
2021-02-05,,0.0
2021-02-08,,0.0
2021-02-09,,0.0
2021-02-10,,0.0
2021-02-11,,0.0
2021-02-12,,0.0
2021-02-15,,0.0
2021-02-16,,0.0
2021-02-17,,0.0
2021-02-18,,0.0
2021-02-19,,0.0
2021-02-22,,0.0
2021-02-23,,0.0
2021-02-24,,0.0
2021-02-25,,0.0
2021-02-26,,0.0
2021-03-01,,0.0
2021-03-02,,0.0
2021-03-03,,0.0
2021-03-04,,0.0
2021-03-05,,0.0
2021-03-08,,0.0
2021-03-09,,0.0
2021-03-10,,0.0
2021-03-11,,0.0
2021-03-12,,0.0
2021-03-15,,0.0
2021-03-16,,0.0
2021-03-17,,0.0
2021-03-18,,0.0
2021-03-19,,0.0
2021-03-22,,0.0
2021-03-23,,0.0
2021-03-24,,0.0
2021-03-25,,0.0
2021-03-26,,0.0
2021-03-29,,0.0
2021-03-30,,0.0
2021-03-31,,0.0
2021-04-01,,0.0
2021-04-02,,0.0
2021-04-05,,0.0
2021-04-06,,0.0
2021-04-07,,0.0
2021-04-08,,0.0
2021-04-09,,0.0
2021-04-12,,0.0
2021-04-13,,0.0
2021-04-14,,0.0
2021-04-15,,0.0
2021-04-16,,0.0
2021-04-19,,0.0
2021-04-20,,0.0
2021-04-21,,0.0
2021-04-22,,0.0
2021-04-23,,0.0
2021-04-26,,0.0
2021-04-27,,0.0
2021-04-28,,0.0
2021-04-29,,0.0
2021-04-30,,0.0
2021-05-03,,0.0
2021-05-04,,0.0
2021-05-05,,0.0
2021-05-06,,0.0
2021-05-07,,0.0
2021-05-10,,0.0
2021-05-11,,0.0
2021-05-12,,0.0
2021-05-13,,0.0
2021-05-14,,0.0
2021-05-17,,0.0
2021-05-18,,0.0
2021-05-19,,0.0
2021-05-20,,0.0
2021-05-21,,0.0
2021-05-24,,0.0
2021-05-25,,0.0
2021-05-26,,0.0
2021-05-27,,0.0
2021-05-28,,0.0
2021-05-31,,0.0
2021-06-01,,0.0
2021-06-02,,0.0
2021-06-03,,0.0
2021-06-04,,0.0
2021-06-07,,0.0
2021-06-08,,0.0
2021-06-09,,0.0
2021-06-10,,0.0
2021-06-11,,0.0
2021-06-14,,0.0
2021-06-15,,0.0
2021-06-16,,0.0
2021-06-17,,0.0
2021-06-18,,0.0
2021-06-21,,0.0
2021-06-22,,0.0
2021-06-23,,0.0
2021-06-24,,0.0
2021-06-25,,0.0
2021-06-28,,0.0
2021-06-29,,0.0
2021-06-30,,0.0
2021-07-01,,0.0
2021-07-02,,0.0
2021-07-05,,0.0
2021-07-06,,0.0
2021-07-07,,0.0
2021-07-08,,0.0
2021-07-09,,0.0
2021-07-12,,0.0
2021-07-13,,0.0
2021-07-14,,0.0
2021-07-15,,0.0
2021-07-16,,0.0
2021-07-19,,0.0
2021-07-20,,0.0
2021-07-21,,0.0
2021-07-22,,0.0
2021-07-23,,0.0
2021-07-26,,0.0
2021-07-27,,0.0
2021-07-28,,0.0
2021-07-29,,0.0
2021-07-30,,0.0
2021-08-02,,0.0
2021-08-03,,0.0
2021-08-04,,0.0
2021-08-05,,0.0
2021-08-06,,0.0
2021-08-09,,0.0
2021-08-10,,0.0
2021-08-11,,0.0
2021-08-12,,0.0
2021-08-13,,0.0
2021-08-16,,0.0
2021-08-17,,0.0
2021-08-18,,0.0
2021-08-19,,0.0
2021-08-20,,0.0
2021-08-23,,0.0
2021-08-24,,0.0
2021-08-25,,0.0
2021-08-26,,0.0
2021-08-27,,0.0
2021-08-30,,0.0
2021-08-31,,0.0
2021-09-01,,0.0
2021-09-02,,0.0
2021-09-03,,0.0
2021-09-06,,0.0
2021-09-07,,0.0
2021-09-08,,0.0
2021-09-09,,0.0
2021-09-10,,0.0
2021-09-13,,0.0
2021-09-14,,0.0
2021-09-15,,0.0
2021-09-16,,0.0
2021-09-17,,0.0
2021-09-20,,0.0
2021-09-21,,0.0
2021-09-22,,0.0
2021-09-23,,0.0
2021-09-24,,0.0
2021-09-27,0.0,0.0
2021-09-28,0.0,0.0
2021-09-29,0.0,0.0
2021-09-30,0.0,0.0
2021-10-01,0.0,0.0
2021-10-04,0.0,0.0
2021-10-05,0.0,0.0
2021-10-06,0.0,0.0
2021-10-07,0.0,0.0
2021-10-08,0.0,0.0
2021-10-11,0.0,0.0
2021-10-12,0.0,0.0
2021-10-13,0.0,0.0
2021-10-14,0.0,0.0
2021-10-15,0.0,0.0
2021-10-18,0.0,0.0
2021-10-19,0.0,0.0
2021-10-20,0.0,0.0
2021-10-21,0.0,0.0
2021-10-22,0.0,0.0
2021-10-25,0.0,0.0
2021-10-26,0.0,0.0
2021-10-27,0.0,0.0
2021-10-28,0.0,0.0
2021-10-29,0.0,0.0
2021-11-01,0.0,0.0
2021-11-02,0.0,0.0
2021-11-03,,0.0
2021-11-04,,0.0
2021-11-05,0.0,0.0
2021-11-08,0.0,0.0
2021-11-09,0.0,0.0
2021-11-10,0.0,0.0
2021-11-11,0.0,0.0
2021-11-12,0.0,0.0
2021-11-15,0.0,0.0
2021-11-16,0.0,0.0
2021-11-17,0.0,0.0
2021-11-18,0.0,0.0
2021-11-19,0.0,0.0
2021-11-22,0.0,0.0
2021-11-23,,0.0
2021-11-24,,0.0
2021-11-25,,0.0
2021-11-26,,0.0
2021-11-29,0.0,0.0
2021-11-30,0.0,0.0
2021-12-01,0.0,0.0
2021-12-02,0.0,0.0
2021-12-03,0.0,0.0
2021-12-06,0.0,0.0
2021-12-07,0.0,0.0
2021-12-08,0.0,0.0
2021-12-09,0.0,0.0
2021-12-10,0.0,0.0
2021-12-13,0.0,0.0
2021-12-14,0.0,0.0
2021-12-15,0.0,0.0
2021-12-16,0.0,0.0
2021-12-17,0.0,0.0
2021-12-20,0.0,0.0
2021-12-21,0.0,0.0
2021-12-22,0.0,0.0
2021-12-23,0.0,0.0
2021-12-24,,0.0
2021-12-27,,0.0
2021-12-28,,0.0
2021-12-29,,0.0
2021-12-30,0.0,0.0
2021-12-31,,0.0
2022-01-03,,0.0
2022-01-04,,0.0
2022-01-05,0.0,0.0
2022-01-06,0.0,0.0
2022-01-07,0.0,0.0
2022-01-10,,0.0
2022-01-11,,0.0
2022-01-12,0.0,0.0
2022-01-13,0.0,0.0
2022-01-14,0.0,0.0
2022-01-17,,0.0
2022-01-18,,0.0
2022-01-19,0.0,0.0
2022-01-20,0.0,0.0
2022-01-21,0.0,0.0
2022-01-24,0.0,0.0
2022-01-25,0.0,0.0
2022-01-26,0.0,0.0
2022-01-27,0.0,0.0
2022-01-28,0.0,0.0
2022-01-31,0.0,0.0
2022-02-01,0.0,0.0
2022-02-02,0.004365396021577344,0.0
2022-02-03,1.0446328546455407e-18,1.8400474957244148e-05
2022-02-04,0.0001081812488023004,1.840047495724414e-05
2022-02-07,0.00010073734882351144,1.884219604410842e-05
2022-02-08,0.00032228514456999547,1.84323453902167e-05
2022-02-09,0.0001555520672335242,1.721320485265767e-05
2022-02-10,0.00021034415046944705,1.6624782351463827e-05
2022-02-11,,1.5780774365448162e-05
2022-02-14,,0.0
2022-02-15,0.0,1.4713471002585566e-05
2022-02-16,7.605948640569702e-05,1.4713471002585566e-05
2022-02-17,1.0538615835377373e-18,1.5016814117688248e-05
2022-02-18,7.847811946883869e-05,1.5016814117688252e-05
2022-02-21,,1.4703824925254067e-05
2022-02-22,,0.0
2022-02-23,,0.0
2022-02-24,,0.0
2022-02-25,0.0,1.3227513227513226e-05
2022-02-28,0.0,1.3227513227513226e-05
2022-03-01,0.00010749912385737667,1.3227513227513226e-05
2022-03-02,0.00023331083556944428,1.588853494707023e-05
2022-03-03,0.0,2.193674348194179e-05
2022-03-04,0.0,2.193674348194179e-05
2022-03-07,0.0,2.193674348194179e-05
2022-03-08,0.0,2.193674348194179e-05
2022-03-09,0.0,2.193674348194179e-05
2022-03-10,0.0,2.193674348194179e-05
2022-03-11,8.914001614417616e-05,2.193674348194179e-05
2022-03-14,0.0,1.8836322220427753e-05
2022-03-15,0.0,1.8836322220427753e-05
2022-03-16,0.0,1.8836322220427753e-05
2022-03-17,0.0,1.8836322220427753e-05
2022-03-18,0.0,1.8836322220427753e-05
2022-03-21,,1.8836322220427753e-05
2022-03-22,,0.0
2022-03-23,0.00026222288698953146,2.0845965743455862e-05
2022-03-24,0.00019284742318364777,2.4747559650763095e-05
2022-03-25,5.545988051519007e-19,3.761177149078097e-05
2022-03-28,0.00012439635923394623,3.7611771490780985e-05
2022-03-29,5.7034458725511625e-19,3.767863101957853e-05
2022-03-30,8.938726351004265e-05,3.767863101957854e-05
2022-03-31,9.011512755087404e-05,4.090498215971903e-05
2022-04-01,6.480462898544513e-05,4.0874979142594636e-05
2022-04-04,5.557112309999874e-19,4.324430169233842e-05
2022-04-05,5.72772098709753e-19,4.3244301692338424e-05
2022-04-06,5.557112309999874e-19,4.324430169233842e-05
2022-04-07,5.965307883155839e-05,4.324430169233842e-05
2022-04-08,0.0,4.416994571302417e-05
2022-04-11,0.0,4.416994571302417e-05
2022-04-12,0.0,4.416994571302417e-05
2022-04-13,0.0,4.416994571302417e-05
2022-04-14,0.0,4.416994571302417e-05
2022-04-15,,4.416994571302417e-05
2022-04-18,,0.0
2022-04-19,,0.0
2022-04-20,0.00011065894264098022,4.3572072001458814e-05
2022-04-21,0.0,4.875546423431061e-05
2022-04-22,0.0,4.875546423431061e-05
2022-04-25,0.0,4.875546423431061e-05
2022-04-26,7.13463948182207e-05,4.875546423431061e-05
2022-04-27,0.0,4.9875113875594304e-05
2022-04-28,0.0,4.9875113875594304e-05
2022-04-29,,4.9875113875594304e-05
2022-05-02,,0.0
2022-05-03,,0.0
2022-05-04,,0.0
2022-05-05,,0.0
2022-05-06,,0.0
2022-05-09,0.0002813703880684315,4.833443049216807e-05
2022-05-10,0.0,4.7941147777527676e-05
2022-05-11,0.0,4.7941147777527676e-05
2022-05-12,7.140284323551358e-05,4.7941147777527676e-05
2022-05-13,6.131860878451523e-05,4.46806991201426e-05
2022-05-16,7.437643179986646e-05,4.559696206704029e-05
2022-05-17,0.0,4.672599144308621e-05
2022-05-18,0.0,4.672599144308621e-05
2022-05-19,0.0,4.672599144308621e-05
2022-05-20,6.533237459375223e-05,4.672599144308621e-05
2022-05-23,7.594061901695814e-05,4.3388072649663356e-05
2022-05-24,8.461657892486011e-05,3.999137110870151e-05
2022-05-25,7.461783791053263e-05,4.164085402906688e-05
2022-05-26,,4.255920339994134e-05
2022-05-27,,0.0
2022-05-30,,4.261556042785718e-05
2022-05-31,,0.0
2022-06-01,0.0014856967810501405,2.0148562700769956e-05
2022-06-02,,3.920286785959306e-05
2022-06-03,,0.0
2022-06-06,,0.0
2022-06-07,,0.0
2022-06-08,8.235747089171174e-05,3.920286785959306e-05
2022-06-09,7.908881375139758e-05,4.17862277391852e-05
2022-06-10,5.607142561105843e-19,4.087678248960466e-05
2022-06-13,0.0,4.0876782489604666e-05
2022-06-14,8.569704069345264e-05,4.0876782489604666e-05
2022-06-15,7.561561482505758e-05,3.9228111527760874e-05
2022-06-16,0.0,4.005213657931028e-05
2022-06-17,0.0,4.005213657931028e-05
2022-06-20,,4.005213657931028e-05
2022-06-21,,0.0
2022-06-22,0.0009738733220566866,1.988986598538882e-05
2022-06-23,0.0,3.020779827252748e-05
2022-06-24,0.0,3.020779827252748e-05
2022-06-27,0.0,3.020779827252748e-05
2022-06-28,0.0,3.020779827252748e-05
2022-06-29,0.0,3.020779827252748e-05
2022-06-30,7.123972032642485e-05,3.020779827252748e-05
2022-07-01,0.0,3.08298309401992e-05
2022-07-04,,3.08298309401992e-05
2022-07-05,,0.0
2022-07-06,0.0008705074476935662,2.0444228287743536e-05
2022-07-07,0.0,3.175877229796271e-05
2022-07-08,9.378467229571554e-05,3.175877229796271e-05
2022-07-11,0.0,3.249530215235923e-05
2022-07-12,6.845373208407429e-05,3.249530215235923e-05
2022-07-13,9.57907076234103e-05,3.5829991031050056e-05
2022-07-14,8.091008166535246e-05,3.585490490038135e-05
2022-07-15,1.068711642550897e-18,3.811422061695487e-05
2022-07-18,,3.811422061695486e-05
2022-07-19,,0.0
2022-07-20,0.0010534026530587236,3.188345792150794e-05
2022-07-21,0.00011281140770326002,4.216428547971187e-05
2022-07-22,0.0,3.948875779014282e-05
2022-07-25,0.00011932603467762784,3.948875779014282e-05
2022-07-26,0.0,4.256272166497076e-05
2022-07-27,8.62214065113899e-05,4.256272166497076e-05
2022-07-28,2.4110229771150695e-05,4.3443022544755746e-05
2022-07-29,0.00012321136739982795,4.7670627552975e-05
2022-08-01,,5.5065205492735663e-05
2022-08-02,,0.0
2022-08-03,0.00044469579211730247,5.310846782214332e-05
2022-08-04,0.0,6.705245643481758e-05
2022-08-05,0.00015645020180718162,6.705245643481758e-05
2022-08-08,5.673448924063398e-19,7.111538069600013e-05
2022-08-09,0.00019981710183125494,7.111538069600013e-05
2022-08-10,7.966328968161488e-05,6.874625713567e-05
2022-08-11,,6.728626238656235e-05
2022-08-12,,0.0
2022-08-15,0.0006236098258606238,5.984091408640004e-05
2022-08-16,0.0,5.869675131244607e-05
2022-08-17,9.938334891171353e-05,5.869675131244607e-05
2022-08-18,5.732082577551414e-19,5.6924596622916645e-05
2022-08-19,0.0,5.6924596622916665e-05
2022-08-22,0.0,5.6924596622916665e-05
2022-08-23,0.0,5.6924596622916665e-05
2022-08-24,7.348422623391076e-05,5.6924596622916665e-05
2022-08-25,5.749429812311182e-19,5.574309398600451e-05
2022-08-26,0.0,5.57430939860045e-05
2022-08-29,,5.57430939860045e-05
2022-08-30,,0.0
2022-08-31,0.00024139305876734078,5.0721036487232836e-05
2022-09-01,0.0,5.3072584634808e-05
2022-09-02,0.0,5.3072584634808e-05
2022-09-05,,5.3072584634808e-05
2022-09-06,,0.0
2022-09-07,0.00043073183079679383,3.537428448191691e-05
2022-09-08,0.0,5.728903499458915e-05
2022-09-09,0.0,5.728903499458915e-05
2022-09-12,0.0,5.728903499458915e-05
2022-09-13,6.415301265296587e-05,5.728903499458915e-05
2022-09-14,0.0,5.84948408285466e-05
2022-09-15,0.0,5.84948408285466e-05
2022-09-16,0.0,5.84948408285466e-05
2022-09-19,,5.84948408285466e-05
2022-09-20,,0.0
2022-09-21,0.0013113927579544407,5.588941605258997e-05
2022-09-22,0.0,6.0944562675661955e-05
2022-09-23,,6.0944562675661955e-05
2022-09-26,,0.0
2022-09-27,0.0003291840920026653,6.348765941552962e-05
2022-09-28,5.574451284171662e-19,6.666818539147151e-05
2022-09-29,5.70172491672182e-19,6.666818539147152e-05
2022-09-30,0.00010890205487081255,6.66681853914715e-05
2022-10-03,5.611899283018145e-19,6.900874463530303e-05
2022-10-04,5.611899283018145e-19,6.900874463530303e-05
2022-10-05,9.009519047434162e-05,6.900874463530304e-05
2022-10-06,0.0,6.792417384571886e-05
2022-10-07,0.00014454825554537873,6.792417384571886e-05
2022-10-10,,7.082103778013084e-05
2022-10-11,,0.0
2022-10-12,0.0011770317006070128,6.858669220486379e-05
2022-10-13,0.0,6.998641279014843e-05
2022-10-14,0.0,6.998641279014843e-05
2022-10-17,8.056446293984524e-05,6.998641279014843e-05
2022-10-18,0.0,6.735069967195209e-05
2022-10-19,3.995449108465867e-05,6.735069967195209e-05
2022-10-20,0.0,6.673727609602086e-05
2022-10-21,0.0,6.673727609602086e-05
2022-10-24,0.0001015998165403696,6.673727609602086e-05
2022-10-25,5.123215386581654e-05,6.334679314559656e-05
2022-10-26,0.00025169943760686576,6.121654992111142e-05
2022-10-27,0.00012837319950665977,5.7209985760946334e-05
2022-10-28,5.506563018615776e-19,5.5092310041485846e-05
2022-10-31,0.0,5.509231004148585e-05
2022-11-01,0.0,5.509231004148585e-05
2022-11-02,7.610609764199462e-05,5.509231004148585e-05
2022-11-03,,5.216732633124582e-05
2022-11-04,,0.0
2022-11-07,0.0006949020809778086,4.298226662254759e-05
2022-11-08,0.0,4.314420831697174e-05
2022-11-09,0.0002831133378556394,4.314420831697174e-05
2022-11-10,0.00011003357382756734,4.243581039127796e-05
2022-11-11,7.299778316113512e-05,4.4347371348826405e-05
2022-11-14,9.889917058207904e-05,4.34312828432286e-05
2022-11-15,0.0001622051350098694,4.229780322500729e-05
2022-11-16,0.00018204614303342465,4.4595726833211804e-05
2022-11-17,0.0,4.2204216302453994e-05
2022-11-18,7.922324637140679e-05,4.2204216302453994e-05
2022-11-21,0.0,4.5732379951765676e-05
2022-11-22,0.0,4.5732379951765676e-05
2022-11-23,,4.5732379951765676e-05
2022-11-24,,0.0
2022-11-25,,0.0
2022-11-28,0.0004077361618093198,3.501849521565723e-05
2022-11-29,0.0,4.6215573998897516e-05
2022-11-30,0.0,4.6215573998897516e-05
2022-12-01,0.0,4.6215573998897516e-05
2022-12-02,0.0,4.6215573998897516e-05
2022-12-05,0.0,4.6215573998897516e-05
2022-12-06,0.0,4.6215573998897516e-05
2022-12-07,0.0,4.6215573998897516e-05
2022-12-08,0.0,4.6215573998897516e-05
2022-12-09,0.0,4.6215573998897516e-05
2022-12-12,0.0,4.6215573998897516e-05
2022-12-13,0.0,4.6215573998897516e-05
2022-12-14,0.0,4.6215573998897516e-05
2022-12-15,0.0,4.6215573998897516e-05
2022-12-16,0.00036649998920580706,4.6215573998897516e-05
2022-12-19,0.0,4.7290798683997075e-05
2022-12-20,0.0,4.7290798683997075e-05
2022-12-21,0.0,4.7290798683997075e-05
2022-12-22,0.0,4.7290798683997075e-05
2022-12-23,0.0,4.7290798683997075e-05
2022-12-26,,4.7290798683997075e-05
2022-12-27,,0.0
2022-12-28,,0.0
2022-12-29,0.0005263451112665418,4.2744149119572406e-05
2022-12-30,3.873557669505729e-19,4.853013683134479e-05
2023-01-02,,4.853013683134479e-05
2023-01-03,,0.0
2023-01-04,,0.0
2023-01-05,0.0009112545311539657,4.700536522604273e-05
2023-01-06,0.0,5.1474824625355666e-05
2023-01-09,,5.1474824625355666e-05
2023-01-10,,0.0
2023-01-11,0.00029005583704185933,5.0318582718657305e-05
2023-01-12,2.8311485651446306e-19,5.344757481713209e-05
2023-01-13,8.111032788978121e-19,5.3447574817132097e-05
2023-01-16,,5.3447574817132076e-05
2023-01-17,,0.0
2023-01-18,0.0003426413002907425,3.8154479564708746e-05
2023-01-19,0.0,5.322865487297616e-05
2023-01-20,0.0,5.322865487297616e-05
2023-01-23,0.0,5.322865487297616e-05
2023-01-24,0.0004285235884831228,5.322865487297616e-05
2023-01-25,0.0,5.5538216989558506e-05
2023-01-26,0.0,5.5538216989558506e-05
2023-01-27,0.0,5.5538216989558506e-05
2023-01-30,0.0,5.5538216989558506e-05
2023-01-31,0.00032135996707055906,5.5538216989558506e-05
2023-02-01,0.0,5.6684408746651124e-05
2023-02-02,0.0,5.6684408746651124e-05
2023-02-03,0.0,5.6684408746651124e-05
2023-02-06,0.0,5.6684408746651124e-05
2023-02-07,0.0,5.6684408746651124e-05
2023-02-08,0.0,5.6684408746651124e-05
2023-02-09,0.0,5.6684408746651124e-05
2023-02-10,0.0,5.6684408746651124e-05
2023-02-13,0.0,5.6684408746651124e-05
2023-02-14,0.0,5.6684408746651124e-05
2023-02-15,0.0,5.6684408746651124e-05
2023-02-16,0.0,5.6684408746651124e-05
2023-02-17,2.7144343600271587e-05,5.6684408746651124e-05
2023-02-20,,5.785734597635904e-05
2023-02-21,,0.0
2023-02-22,0.0007060634268236826,4.1843756242229475e-05
2023-02-23,,5.9196892186094596e-05
2023-02-24,,0.0
2023-02-27,0.00021866548680633192,5.9139573298238395e-05
2023-02-28,0.0,5.9190118674767707e-05
2023-03-01,0.0,5.9190118674767707e-05
2023-03-02,0.0004145574054459942,5.9190118674767707e-05
2023-03-03,0.0,5.7991524461840535e-05
2023-03-06,0.0,5.7991524461840535e-05
2023-03-07,0.0,5.7991524461840535e-05
2023-03-08,0.00040335314394499667,5.7991524461840535e-05
2023-03-09,5.12761198690631e-19,5.6825324708206055e-05
2023-03-10,0.0,5.6825324708206075e-05
2023-03-13,0.0,5.6825324708206075e-05
2023-03-14,0.0,5.6825324708206075e-05
2023-03-15,0.0,5.6825324708206075e-05
2023-03-16,0.0,5.6825324708206075e-05
2023-03-17,0.0,5.6825324708206075e-05
2023-03-20,0.0,5.6825324708206075e-05
2023-03-21,,5.6825324708206075e-05
2023-03-22,,0.0
2023-03-23,0.0003277675401744684,5.6435266419842755e-05
2023-03-24,0.0,5.683330076111831e-05
2023-03-27,0.0,5.683330076111831e-05
2023-03-28,0.0,5.683330076111831e-05
2023-03-29,0.0,5.683330076111831e-05
2023-03-30,0.00042228836738969255,5.683330076111831e-05
2023-03-31,0.0,5.805418437705694e-05
2023-04-03,0.0,5.805418437705694e-05
2023-04-04,0.0,5.805418437705694e-05
2023-04-05,0.0,5.805418437705694e-05
2023-04-06,0.0,5.805418437705694e-05
2023-04-07,,5.805418437705694e-05
2023-04-10,,0.0
2023-04-11,,0.0
2023-04-12,0.0002571945190274166,4.4709922594873594e-05
2023-04-13,0.0005204936306600329,5.673052094793405e-05
2023-04-14,3.954468752013412e-19,5.52592060104765e-05
2023-04-17,3.954468752013412e-19,5.5259206010476514e-05
2023-04-18,3.954468752013412e-19,5.52592060104765e-05
2023-04-19,3.954468752013412e-19,5.5259206010476514e-05
2023-04-20,3.954468752013412e-19,5.52592060104765e-05
2023-04-21,3.954468752013412e-19,5.5259206010476514e-05
2023-04-24,3.954468752013412e-19,5.52592060104765e-05
2023-04-25,3.954468752013412e-19,5.5259206010476514e-05
2023-04-26,3.954468752013412e-19,5.52592060104765e-05
2023-04-27,3.954468752013412e-19,5.5259206010476514e-05
2023-04-28,3.954468752013412e-19,5.52592060104765e-05
2023-05-01,,5.5259206010476514e-05
2023-05-02,,0.0
2023-05-03,,4.1134181662197305e-05
2023-05-04,,0.0
2023-05-05,,0.0
2023-05-08,,0.0
2023-05-09,,0.0
2023-05-10,0.0002207393537978336,4.953008205039026e-05
2023-05-11,3.954468752013412e-19,5.4162742380816246e-05
2023-05-12,0.0,5.416274238081624e-05
2023-05-15,0.0,5.416274238081624e-05
2023-05-16,0.0,5.416274238081624e-05
2023-05-17,0.0,5.416274238081624e-05
2023-05-18,,5.416274238081624e-05
2023-05-19,,0.0
2023-05-22,0.00015394332494878432,4.6697046036827776e-05
2023-05-23,3.954468752013412e-19,5.543532723233526e-05
2023-05-24,0.0,5.543532723233525e-05
2023-05-25,0.0,5.543532723233525e-05
2023-05-26,0.0,5.543532723233525e-05
2023-05-29,,5.543532723233525e-05
2023-05-30,,0.0
2023-05-31,0.0015429365055934909,1.5197652576372557e-05
2023-06-01,0.0,5.701194567885691e-05
2023-06-02,0.0,5.701194567885691e-05
2023-06-05,0.0,5.701194567885691e-05
2023-06-06,0.0,5.701194567885691e-05
2023-06-07,0.0,5.701194567885691e-05
2023-06-08,0.0,5.701194567885691e-05
2023-06-09,0.0,5.701194567885691e-05
2023-06-12,0.0,5.701194567885691e-05
2023-06-13,0.0,5.701194567885691e-05
2023-06-14,4.616499199952838e-05,5.701194567885691e-05
2023-06-15,3.9315270340436192e-19,5.8221238803960734e-05
2023-06-16,0.0,5.822123880396075e-05
2023-06-19,,5.822123880396075e-05
2023-06-20,,0.0
2023-06-21,0.0009516335970189576,4.2085897459171514e-05
2023-06-22,0.0,5.8346514899320745e-05
2023-06-23,0.0,5.8346514899320745e-05
2023-06-26,0.0,5.8346514899320745e-05
2023-06-27,0.0,5.8346514899320745e-05
2023-06-28,0.0,5.8346514899320745e-05
2023-06-29,0.0,5.8346514899320745e-05
2023-06-30,0.0,5.8346514899320745e-05
2023-07-03,0.0,5.8346514899320745e-05
2023-07-04,,5.8346514899320745e-05
2023-07-05,,0.0
2023-07-06,0.0009542175688250337,4.219538597688851e-05
2023-07-07,3.9329581809113e-19,5.8504120056846945e-05
2023-07-10,0.0,5.850412005684693e-05
2023-07-11,0.0,5.850412005684693e-05
2023-07-12,0.0,5.850412005684693e-05
2023-07-13,0.0,5.850412005684693e-05
2023-07-14,0.0,5.850412005684693e-05
2023-07-17,,5.850412005684693e-05
2023-07-18,,0.0
2023-07-19,0.0003848096444987835,5.8327790517168895e-05
2023-07-20,3.933001548998199e-19,5.953160337634982e-05
2023-07-21,5.661716470653176e-05,5.9531603376349816e-05
2023-07-24,0.0,5.8241833449700355e-05
2023-07-25,0.0,5.8241833449700355e-05
2023-07-26,6.629817911385318e-05,5.8241833449700355e-05
2023-07-27,0.0,5.6731524728733943e-05
2023-07-28,0.0,5.6731524728733943e-05
2023-07-31,0.0,5.6731524728733943e-05
2023-08-01,,5.6731524728733943e-05
2023-08-02,,0.0
2023-08-03,0.00017928619183983974,4.747747412948555e-05
2023-08-04,3.9937168706573874e-19,5.487626475423478e-05
2023-08-07,3.9937168706573874e-19,5.487626475423477e-05
2023-08-08,3.9937168706573874e-19,5.487626475423478e-05
2023-08-09,3.9937168706573874e-19,5.487626475423477e-05
2023-08-10,3.9937168706573874e-19,5.487626475423478e-05
2023-08-11,,5.487626475423477e-05
2023-08-14,,0.0
2023-08-15,0.0003866186962233863,5.421877507697342e-05
2023-08-16,0.0,5.4880940525266585e-05
2023-08-17,0.0,5.4880940525266585e-05
2023-08-18,0.0,5.4880940525266585e-05
2023-08-21,0.0,5.4880940525266585e-05
2023-08-22,0.0,5.4880940525266585e-05
2023-08-23,0.0,5.4880940525266585e-05
2023-08-24,0.0,5.4880940525266585e-05
2023-08-25,0.0,5.4880940525266585e-05
2023-08-28,,5.4880940525266585e-05
2023-08-29,,0.0
2023-08-30,0.0002086012155670324,4.993673540502804e-05
2023-08-31,3.9937168706573874e-19,5.4518997180712876e-05
2023-09-01,3.9937168706573874e-19,5.451899718071286e-05
2023-09-04,,5.4518997180712876e-05
2023-09-05,,0.0
2023-09-06,0.0011318254794002757,4.329642499712275e-05
2023-09-07,0.0,5.567442212305581e-05
2023-09-08,0.0,5.567442212305581e-05
2023-09-11,0.0,5.567442212305581e-05
2023-09-12,0.0,5.567442212305581e-05
2023-09-13,0.0,5.567442212305581e-05
2023-09-14,0.0,5.567442212305581e-05
2023-09-15,0.0,5.567442212305581e-05
2023-09-18,,5.567442212305581e-05
2023-09-19,,0.0
2023-09-20,0.00041239278775405185,5.352310831522292e-05
2023-09-21,4.9964624790653626e-05,5.4240229377473195e-05
2023-09-22,5.048737768840784e-05,5.3153470446905984e-05
2023-09-25,0.0,5.205534134429218e-05
2023-09-26,0.0,5.205534134429218e-05
2023-09-27,0.0,5.205534134429218e-05
2023-09-28,6.479241314865065e-05,5.205534134429218e-05
2023-09-29,0.0,4.953769507362761e-05
2023-10-02,0.00037451657899998655,4.953769507362761e-05
2023-10-03,0.0,4.840354226222912e-05
2023-10-04,8.191547033830903e-05,4.840354226222912e-05
2023-10-05,0.0,5.08772336842574e-05
2023-10-06,5.6350551446643415e-05,5.08772336842574e-05
2023-10-09,,5.194543307487584e-05
2023-10-10,,0.0
2023-10-11,0.0003864900401240725,4.936928396622317e-05
2023-10-12,0.0,4.8301932362724783e-05
2023-10-13,0.0,4.8301932362724783e-05
2023-10-16,0.0,4.8301932362724783e-05
2023-10-17,0.0,4.8301932362724783e-05
2023-10-18,0.0,4.8301932362724783e-05
2023-10-19,7.070570818527573e-05,4.8301932362724783e-05
2023-10-20,0.0,5.0479315739171335e-05
2023-10-23,0.0,5.0479315739171335e-05
2023-10-24,6.304984230582784e-05,5.0479315739171335e-05
2023-10-25,5.676777438075056e-05,5.1554028013044956e-05
2023-10-26,4.628073580234846e-19,5.263022429551802e-05
2023-10-27,5.803662637552403e-19,5.263022429551803e-05
2023-10-30,4.628073580234846e-19,5.263022429551802e-05
2023-10-31,5.803662637552403e-19,5.263022429551803e-05
2023-11-01,8.096038622318342e-05,5.263022429551801e-05
2023-11-02,4.638091608308612e-19,5.109926223711085e-05
2023-11-03,,5.109926223711086e-05
2023-11-06,,0.0
2023-11-07,0.0003564248778244298,4.653302550070349e-05
2023-11-08,5.669037770081627e-19,4.995281941882401e-05
2023-11-09,0.0,4.9952819418824025e-05
2023-11-10,0.0,4.9952819418824025e-05
2023-11-13,0.0,4.9952819418824025e-05
2023-11-14,0.0,4.9952819418824025e-05
2023-11-15,0.0,4.9952819418824025e-05
2023-11-16,6.50891525854622e-05,4.9952819418824025e-05
2023-11-17,0.0,4.884834274236936e-05
2023-11-20,7.776326299018111e-05,4.884834274236936e-05
2023-11-21,7.768571694262907e-05,4.767353239846283e-05
2023-11-22,5.822376311240669e-19,4.53399902941238e-05
2023-11-23,,4.5339990294123804e-05
2023-11-24,,0.0
2023-11-27,0.0013521594765478306,2.1025185348496923e-05
2023-11-28,0.0,4.833784351203974e-05
2023-11-29,5.586401167757301e-05,4.833784351203974e-05
2023-11-30,2.9572010074382884e-19,4.933207593322131e-05
2023-12-01,0.0,4.9332075933221314e-05
2023-12-04,0.0,4.9332075933221314e-05
2023-12-05,0.0,4.9332075933221314e-05
2023-12-06,0.0,4.9332075933221314e-05
2023-12-07,0.0,4.9332075933221314e-05
2023-12-08,0.0,4.9332075933221314e-05
2023-12-11,0.0,4.9332075933221314e-05
2023-12-12,0.0,4.9332075933221314e-05
2023-12-13,6.352487186521404e-05,4.9332075933221314e-05
2023-12-14,5.7991957246017635e-19,5.0360185843253336e-05
2023-12-15,0.0,5.036018584325334e-05
2023-12-18,0.0003370832452003678,5.036018584325334e-05
2023-12-19,0.0,5.1437250836643396e-05
2023-12-20,0.0,5.1437250836643396e-05
2023-12-21,0.0,5.1437250836643396e-05
2023-12-22,0.0,5.1437250836643396e-05
2023-12-25,,5.1437250836643396e-05
2023-12-26,,0.0
2023-12-27,,0.0
2023-12-28,0.00033664122019855334,4.081652243995496e-05
2023-12-29,4.656045996284972e-19,5.4608008230259955e-05
2024-01-01,,5.460800823025996e-05
2024-01-02,,0.0
2024-01-03,,0.0
2024-01-04,,0.0
2024-01-05,0.000755043780697897,5.385623072940503e-05
2024-01-08,,5.5890996090591535e-05
2024-01-09,,0.0
2024-01-10,0.0003885560746126226,5.537175140079621e-05
2024-01-11,0.0,5.402633881696782e-05
2024-01-12,0.0,5.402633881696782e-05
2024-01-15,,5.402633881696782e-05
2024-01-16,,0.0
2024-01-17,0.0010729838477712024,3.6195261657911085e-05
2024-01-18,4.268624419983485e-19,5.425142602320778e-05
2024-01-19,0.0004732406622501474,5.425142602320779e-05
2024-01-22,0.0,5.0259516718090815e-05
2024-01-23,0.0,5.0259516718090815e-05
2024-01-24,0.0,5.0259516718090815e-05
2024-01-25,0.0,5.0259516718090815e-05
2024-01-26,0.0,5.0259516718090815e-05
2024-01-29,9.182951848678246e-05,5.0259516718090815e-05
2024-01-30,6.561405338686302e-05,4.8573998702297616e-05
2024-01-31,4.7141454650835595e-19,5.095621984078074e-05
2024-02-01,0.0,5.095621984078074e-05
2024-02-02,0.0,5.095621984078074e-05
2024-02-05,0.0,5.095621984078074e-05
2024-02-06,0.0,5.095621984078074e-05
2024-02-07,0.0,5.095621984078074e-05
2024-02-08,0.0,5.095621984078074e-05
2024-02-09,0.0,5.095621984078074e-05
2024-02-12,,5.095621984078074e-05
2024-02-13,,0.0
2024-02-14,0.00035642189316491876,4.688591405382977e-05
2024-02-15,0.0,5.0234849587048235e-05
2024-02-16,0.0,5.0234849587048235e-05
2024-02-19,,5.0234849587048235e-05
2024-02-20,,0.0
2024-02-21,0.0013367712117592055,3.783194466538576e-05
2024-02-22,5.831610271838588e-19,5.152150413402635e-05
2024-02-23,,5.152150413402634e-05
2024-02-26,,0.0
2024-02-27,0.0004592014945472983,5.0337279884863816e-05
2024-02-28,5.831610271838588e-19,5.142136317600565e-05
2024-02-29,5.633190948538765e-19,5.1421363176005634e-05
2024-03-01,5.831610271838588e-19,5.1421363176005634e-05
2024-03-04,5.633190948538765e-19,5.1421363176005634e-05
2024-03-05,6.0643459128630346e-05,5.1421363176005634e-05
2024-03-06,7.089297832795047e-05,5.251571838870825e-05
2024-03-07,5.616537603169387e-19,5.3788957004232825e-05
2024-03-08,0.0,5.3788957004232825e-05
2024-03-11,0.0,5.3788957004232825e-05
2024-03-12,6.315218232909358e-05,5.3788957004232825e-05
2024-03-13,0.0,5.26547431639836e-05
2024-03-14,0.0,5.26547431639836e-05
2024-03-15,0.0,5.26547431639836e-05
2024-03-18,0.0,5.26547431639836e-05
2024-03-19,0.0,5.26547431639836e-05
2024-03-20,,5.26547431639836e-05
2024-03-21,,0.0
2024-03-22,0.0004527853871725064,5.0446452760171725e-05
2024-03-25,0.0,5.149867497072794e-05
2024-03-26,0.0,5.149867497072794e-05
2024-03-27,0.0,5.149867497072794e-05
2024-03-28,0.0,5.149867497072794e-05
2024-03-29,,5.149867497072794e-05
2024-04-01,,0.0
2024-04-02,,0.0
2024-04-03,0.00044624150402308146,3.74478295024592e-05
2024-04-04,0.0,4.938780704060715e-05
2024-04-05,0.0,4.938780704060715e-05
2024-04-08,0.0,4.938780704060715e-05
2024-04-09,6.144943900538828e-05,4.938780704060715e-05
2024-04-10,0.0001148575146292079,5.0446279406801824e-05
2024-04-11,0.0,4.847199736512658e-05
2024-04-12,0.0,4.847199736512658e-05
2024-04-15,0.0,4.847199736512658e-05
2024-04-16,9.669157872621867e-05,4.847199736512658e-05
2024-04-17,0.0,5.131842235462519e-05
2024-04-18,0.0,5.131842235462519e-05
2024-04-19,0.0,5.131842235462519e-05
2024-04-22,0.0,5.131842235462519e-05
2024-04-23,0.0,5.131842235462519e-05
2024-04-24,2.7883534339894357e-05,5.131842235462519e-05
2024-04-25,0.0,5.463521135612913e-05
2024-04-26,0.0,5.463521135612913e-05
2024-04-29,,5.463521135612913e-05
2024-04-30,,0.0
2024-05-01,,5.4871850226437225e-05
2024-05-02,,0.0
2024-05-03,,5.1739245819252514e-05
2024-05-06,,0.0
2024-05-07,,0.0
2024-05-08,0.0005266120868796645,5.582793307376527e-05
2024-05-09,,5.1369965716517214e-05
2024-05-10,,0.0
2024-05-13,0.00021518535291993702,4.46826115542737e-05
2024-05-14,5.840210920691309e-19,5.177740629446079e-05
2024-05-15,0.0,5.1777406294460806e-05
2024-05-16,0.0,5.1777406294460806e-05
2024-05-17,6.631753332542444e-05,5.1777406294460806e-05
2024-05-20,,5.060131768204665e-05
2024-05-21,,0.0
2024-05-22,0.00020718221971618203,4.360197813279355e-05
2024-05-23,5.8534815552825305e-19,5.0629290424173235e-05
2024-05-24,6.555865184386076e-05,5.062929042417323e-05
2024-05-27,,5.3627306291337996e-05
2024-05-28,,0.0
2024-05-29,0.0019806850109283093,3.0201594388974866e-05
2024-05-30,5.857611849272952e-19,5.417896707290023e-05
2024-05-31,0.0,5.417896707290023e-05
2024-06-03,0.0,5.417896707290023e-05
2024-06-04,9.813093731304414e-05,5.417896707290023e-05
2024-06-05,0.0,5.232046842043378e-05
2024-06-06,0.0,5.232046842043378e-05
2024-06-07,0.0,5.232046842043378e-05
2024-06-10,0.0,5.232046842043378e-05
2024-06-11,7.838950000113208e-05,5.232046842043378e-05
2024-06-12,0.0,5.260313831713339e-05
2024-06-13,0.0,5.260313831713339e-05
2024-06-14,0.0,5.260313831713339e-05
2024-06-17,0.0,5.260313831713339e-05
2024-06-18,0.0,5.260313831713339e-05
2024-06-19,,5.260313831713339e-05
2024-06-20,,0.0
2024-06-21,0.0015501842071702005,3.7100666427016315e-05
2024-06-24,5.767092326178886e-19,5.01037442607546e-05
2024-06-25,6.344752113839277e-05,5.010374426075461e-05
2024-06-26,5.691133466165718e-19,5.121333428232942e-05
2024-06-27,0.0,5.121333428232942e-05
2024-06-28,7.906361420125523e-05,5.121333428232942e-05
2024-07-01,0.0,5.145929368714457e-05
2024-07-02,0.0,5.145929368714457e-05
2024-07-03,0.0,5.145929368714457e-05
2024-07-04,,5.145929368714457e-05
2024-07-05,,0.0
2024-07-08,0.0016504182664324673,3.7411996995605036e-05
2024-07-09,0.0,5.105487353684673e-05
2024-07-10,0.0,5.105487353684673e-05
2024-07-11,0.0,5.105487353684673e-05
2024-07-12,0.0,5.105487353684673e-05
2024-07-15,,5.105487353684673e-05
2024-07-16,,0.0
2024-07-17,0.0001898730012687147,4.74423621177698e-05
2024-07-18,0.0,4.713683394042297e-05
2024-07-19,0.0,4.713683394042297e-05
2024-07-22,0.0,4.713683394042297e-05
2024-07-23,0.0,4.713683394042297e-05
2024-07-24,0.0,4.713683394042297e-05
2024-07-25,0.0,4.713683394042297e-05
2024-07-26,0.0,4.713683394042297e-05
2024-07-29,0.0,4.713683394042297e-05
2024-07-30,0.0,4.713683394042297e-05
2024-07-31,0.0,4.713683394042297e-05
2024-08-01,,4.713683394042297e-05
2024-08-02,,0.0
2024-08-05,7.04344957063471e-05,4.249736446459196e-05
2024-08-06,5.9557485493129835e-05,3.943145483372775e-05
2024-08-07,0.0,3.863229011905044e-05
2024-08-08,0.0,3.863229011905044e-05
2024-08-09,0.0,3.863229011905044e-05
2024-08-12,,3.863229011905044e-05
2024-08-13,,0.0
2024-08-14,0.00011038645574386139,3.720348159198579e-05
2024-08-15,0.0,3.5020750804404014e-05
2024-08-16,0.0,3.5020750804404014e-05
2024-08-19,0.0,3.5020750804404014e-05
2024-08-20,0.0,3.5020750804404014e-05
2024-08-21,0.0,3.5020750804404014e-05
2024-08-22,0.0,3.5020750804404014e-05
2024-08-23,0.0,3.5020750804404014e-05
2024-08-26,,3.5020750804404014e-05
2024-08-27,,0.0
2024-08-28,0.00014901754010022064,2.8472249446473972e-05
2024-08-29,0.0,3.184686545123748e-05
2024-08-30,0.0,3.184686545123748e-05
2024-09-02,,3.184686545123748e-05
2024-09-03,,0.0
2024-09-04,0.0012634215953124775,1.4996623085356024e-05
2024-09-05,5.400456110193025e-19,3.19432563904548e-05
2024-09-06,5.464282919991665e-19,3.194325639045481e-05
2024-09-09,5.400456110193025e-19,3.1943256390454795e-05
2024-09-10,5.464282919991665e-19,3.194325639045481e-05
2024-09-11,5.400456110193025e-19,3.1943256390454795e-05
2024-09-12,0.0003330816887002108,3.194325639045481e-05
2024-09-13,0.0004732996935249013,3.263169446063751e-05
2024-09-16,,3.340844231474211e-05
2024-09-17,,0.0
2024-09-18,0.0,3.2227531257239685e-05
2024-09-19,0.0,3.2227531257239685e-05
2024-09-20,0.0003309445662970585,3.2227531257239685e-05
2024-09-23,,3.2246437358405835e-05
2024-09-24,,0.0
2024-09-25,0.0,3.2246437358405835e-05
2024-09-26,0.0,3.2246437358405835e-05
2024-09-27,0.00046284059610273744,3.2246437358405835e-05
2024-09-30,2.303616746761922e-19,3.6602840304372844e-05
2024-10-01,3.019818329480065e-19,3.660284030437285e-05
2024-10-02,2.303616746761922e-19,3.6602840304372844e-05
2024-10-03,3.4543556894563603e-05,3.660284030437285e-05
2024-10-04,0.00032406308342012777,3.7371653947365136e-05
2024-10-07,0.0,3.8166846631847e-05
2024-10-08,0.0,3.8166846631847e-05
2024-10-09,0.0,3.8166846631847e-05
2024-10-10,0.0,3.8166846631847e-05
2024-10-11,3.260292251069607e-05,3.8166846631847e-05
2024-10-14,,3.9060652305231107e-05
2024-10-15,,0.0
2024-10-16,3.804668666535814e-05,3.9060652305231107e-05
2024-10-17,3.64484208274216e-05,3.57748419792801e-05
2024-10-18,1.7632490072304834e-19,3.65138861935928e-05
2024-10-21,3.407373451953909e-19,3.651388619359281e-05
2024-10-22,3.407373451953909e-19,3.65138861935928e-05
2024-10-23,3.407373451953909e-19,3.651388619359281e-05
2024-10-24,0.0004470609281428059,3.65138861935928e-05
2024-10-25,0.0,3.4690552670078696e-05
2024-10-28,3.595048043399932e-05,3.4690552670078696e-05
2024-10-29,2.3464386022811097e-19,3.352283562206719e-05
2024-10-30,1.3976023408464962e-19,3.352283562206718e-05
2024-10-31,1.3976023408464962e-19,3.352283562206718e-05
2024-11-01,2.3464386022811097e-19,3.352283562206719e-05
2024-11-04,,3.352283562206718e-05
2024-11-05,,0.0
2024-11-06,0.0,3.352283562206718e-05
2024-11-07,4.212069625401869e-05,3.352283562206718e-05
2024-11-08,3.238235232803606e-05,3.8189555568826224e-05
2024-11-11,1.260510999481107e-19,4.177732554824121e-05
2024-11-12,4.189514242480644e-05,4.1777325548241214e-05
2024-11-13,1.4777730681563967e-19,4.641905548658482e-05
2024-11-14,1.3020892923180114e-19,4.641905548658481e-05
2024-11-15,1.4777730681563967e-19,4.641905548658482e-05
2024-11-18,1.3020892923180114e-19,4.641905548658481e-05
2024-11-19,1.4777730681563967e-19,4.641905548658482e-05
2024-11-20,1.3020892923180114e-19,4.641905548658481e-05
2024-11-21,1.4777730681563967e-19,4.641905548658482e-05
2024-11-22,5.507695384456655e-05,4.641905548658481e-05
2024-11-25,0.0,4.4086908230578294e-05
2024-11-26,0.0,4.4086908230578294e-05
2024-11-27,0.0,4.4086908230578294e-05
2024-11-28,,4.4086908230578294e-05
2024-11-29,,0.0
2024-12-02,0.0002460492361240602,1.8015969530223614e-05
2024-12-03,0.0,4.125421435448885e-05
2024-12-04,0.0,4.125421435448885e-05
2024-12-05,0.0,4.125421435448885e-05
2024-12-06,0.0,4.125421435448885e-05
2024-12-09,2.1834771689007042e-05,4.125421435448885e-05
2024-12-10,0.0,4.218311556656271e-05
2024-12-11,1.881682392132229e-05,4.218311556656271e-05
2024-12-12,2.3553669211237363e-19,4.66557381524775e-05
2024-12-13,0.0,4.6655738152477516e-05
2024-12-16,5.451672964041572e-05,4.6655738152477516e-05
2024-12-17,0.0,5.452813524682821e-05
2024-12-18,3.5340649204368016e-05,5.452813524682821e-05
2024-12-19,4.7230622974739015e-05,5.827100992408156e-05
2024-12-20,1.3762473441513561e-19,6.077301726822309e-05
2024-12-23,4.969216186430339e-05,6.077301726822309e-05
2024-12-24,,6.53202133625904e-05
2024-12-25,,0.0
2024-12-26,,0.0
2024-12-27,,0.0
2024-12-30,0.00022026223086952818,5.623442542493697e-05
2024-12-31,,6.357298480039796e-05
2025-01-02,,0.0
2025-01-03,,0.0
2025-01-06,,0.0
2025-01-07,4.868960703068246e-05,6.116079630840701e-05
2025-01-08,5.2056813384996974e-05,5.9958658492522104e-05
2025-01-09,,5.703572423196249e-05
2025-01-10,,0.0
2025-01-13,,1.8025097144136364e-05
2025-01-14,,0.0
2025-01-15,8.683735698139375e-05,5.551579492520383e-05
2025-01-16,3.0303612490817805e-19,5.354965723701351e-05
2025-01-17,2.9377270154646183e-19,5.354965723701351e-05
2025-01-20,,5.354965723701351e-05
2025-01-21,,0.0
2025-01-22,0.0018787677763925294,2.481004048961667e-05
2025-01-23,0.0,5.5385422890151864e-05
2025-01-24,0.0,5.5385422890151864e-05
2025-01-27,4.795533832102599e-05,5.5385422890151864e-05
2025-01-28,5.121591381495765e-05,5.6552722296038135e-05
2025-01-29,5.572160691962806e-19,5.7823994796835706e-05
2025-01-30,2.891963358050755e-19,5.782399479683569e-05
2025-01-31,7.858277525350056e-05,5.782399479683569e-05
2025-02-03,5.60231183809288e-19,6.0713626014035856e-05
2025-02-04,2.917772188432232e-19,6.071362601403584e-05
2025-02-05,9.399613290062715e-05,6.0713626014035856e-05
2025-02-06,6.941922445341044e-05,6.417003435606173e-05
2025-02-07,5.41769817519877e-05,6.934390990944312e-05
2025-02-10,7.365909962984981e-05,6.786063485749514e-05
2025-02-11,,6.584397203692563e-05
2025-02-12,,0.0
2025-02-13,3.128728330757647e-19,6.116265627141495e-05
2025-02-14,0.0003586277867661587,6.116265627141495e-05
2025-02-17,,6.270765544194286e-05
2025-02-18,,0.0
2025-02-19,0.0013964120517418821,5.554142027159191e-05
2025-02-20,3.5697143130562395e-19,6.390280680141562e-05
2025-02-21,3.5697143130562395e-19,6.39028068014156e-05
2025-02-24,,6.390280680141562e-05
2025-02-25,,0.0
2025-02-26,3.5697143130562395e-19,6.39028068014156e-05
2025-02-27,3.5697143130562395e-19,6.390280680141562e-05
2025-02-28,3.5697143130562395e-19,6.39028068014156e-05
2025-03-03,3.5697143130562395e-19,6.390280680141562e-05
2025-03-04,7.665362050669239e-05,6.39028068014156e-05
2025-03-05,0.00038226281898102153,6.222531709891068e-05
2025-03-06,0.00012195832935191878,6.192480023271177e-05
2025-03-07,5.4737764177952973e-05,5.665250878439289e-05
2025-03-10,1.322786023408428e-19,5.394405587457757e-05
2025-03-11,1.9740660963248872e-19,5.3944055874577586e-05
2025-03-12,1.322786023408428e-19,5.394405587457757e-05
2025-03-13,3.224871833070716e-05,5.3944055874577586e-05
2025-03-14,0.0,5.094919578177922e-05
2025-03-17,3.9701794565635467e-05,5.094919578177922e-05
2025-03-18,3.1954910877860354e-05,4.949515854820942e-05
2025-03-19,0.0,4.644083062479768e-05
2025-03-20,,4.644083062479768e-05
2025-03-21,,0.0
2025-03-24,0.0,4.644083062479768e-05
2025-03-25,4.09672937079759e-05,4.644083062479768e-05
2025-03-26,2.3815473159574396e-05,4.487861331077456e-05
2025-03-27,0.00032409457480820427,4.579514391669609e-05
2025-03-28,0.0,4.678320580544288e-05
2025-03-31,0.0,4.678320580544288e-05
2025-04-01,0.0,4.678320580544288e-05
2025-04-02,4.0210055806859794e-05,4.678320580544288e-05
2025-04-03,3.641227196504068e-05,4.389568596757326e-05
2025-04-04,5.352986604161077e-05,4.121834057523193e-05
2025-04-07,1.1096790304875018e-19,4.369821996211219e-05
2025-04-08,0.0,4.369821996211219e-05
2025-04-09,0.0,4.369821996211219e-05
2025-04-10,5.759258836521029e-05,4.369821996211219e-05
2025-04-11,4.513334459919397e-05,4.300045768628415e-05
2025-04-14,0.0,4.625561911735885e-05
2025-04-15,0.0,4.625561911735885e-05
2025-04-16,0.0,4.625561911735885e-05
2025-04-17,3.359233676317206e-05,4.625561911735885e-05
2025-04-18,,4.455843175252927e-05
2025-04-21,,0.0
2025-04-22,,0.0
2025-04-23,0.0005934940770695507,5.34817634034889e-05
2025-04-24,4.522766714939586e-05,3.6350322847084606e-05
2025-04-25,4.844016586055077e-05,3.861530472933993e-05
2025-04-28,3.562734860209744e-05,4.104116714857941e-05
2025-04-29,,4.282536925721333e-05
2025-04-30,,0.0
2025-05-01,,4.282536925721333e-05
2025-05-02,,0.0
2025-05-05,,3.478555847729114e-05
2025-05-06,,0.0
2025-05-07,,0.0
2025-05-08,0.0,3.781454507040883e-05
2025-05-09,0.0,3.781454507040883e-05
2025-05-12,4.048583541136172e-05,3.781454507040883e-05
2025-05-13,2.4803185237719054e-05,4.0909934545167196e-05
2025-05-14,3.463322746752608e-05,4.184578034110311e-05
2025-05-15,2.7624538721776253e-05,4.048737701737168e-05
2025-05-16,1.0215471615110648e-19,4.321791337979337e-05
2025-05-19,3.4653378000000436e-05,4.321791337979338e-05
2025-05-20,0.0,4.770638406077049e-05
2025-05-21,0.0,4.770638406077049e-05
2025-05-22,1.6065350970646188e-05,4.770638406077049e-05
2025-05-23,0.0,4.675586115296014e-05
2025-05-26,,4.675586115296014e-05
2025-05-27,,0.0
2025-05-28,0.0003367642712214208,2.8409419692566696e-05
2025-05-29,,4.451783498530143e-05
2025-05-30,,0.0
2025-06-02,0.00010982906030072834,3.177071560967447e-05
2025-06-03,9.81128104520805e-20,4.499833348982757e-05
2025-06-04,0.0,4.4998333489827576e-05
2025-06-05,0.0,4.4998333489827576e-05
2025-06-06,3.4262736697940876e-05,4.4998333489827576e-05
2025-06-09,,4.334271843501548e-05
2025-06-10,,0.0
2025-06-11,0.0004039593186781771,2.837572700300638e-05
2025-06-12,0.00011702977828210862,3.855589447975779e-05
2025-06-13,0.00011284261082216707,4.15714622831678e-05
2025-06-16,9.816389674590525e-05,3.977707177802119e-05
2025-06-17,0.0,3.819469656023085e-05
2025-06-18,4.847946378333243e-05,3.819469656023085e-05
2025-06-19,,3.906407736301862e-05
2025-06-20,,0.0
2025-06-23,0.001138877555028782,3.177365587376037e-05
2025-06-24,0.0,3.9277940522952966e-05
2025-06-25,0.0,3.9277940522952966e-05
2025-06-26,5.9945200196936736e-05,3.9277940522952966e-05
2025-06-27,8.650192797030265e-05,3.6648992473258774e-05
2025-06-30,6.48671908052139e-05,3.783982921152348e-05
2025-07-01,3.858589484084443e-19,3.532884815253552e-05
2025-07-02,7.954110829412786e-05,3.5328848152535514e-05
2025-07-03,5.964347682619589e-05,3.862121049721102e-05
2025-07-04,,3.942912041124678e-05
2025-07-07,,0.0
2025-07-08,0.0002691292582257318,2.6910951608676903e-05
2025-07-09,0.0,3.7991525491094414e-05
2025-07-10,0.0,3.7991525491094414e-05
2025-07-11,0.0,3.7991525491094414e-05
2025-07-14,0.00011740159238455985,3.7991525491094414e-05
2025-07-15,0.0,4.226370171183337e-05
2025-07-16,0.0,4.226370171183337e-05
2025-07-17,0.0,4.226370171183337e-05
2025-07-18,0.00011867115563731132,4.226370171183337e-05
2025-07-21,,4.78204980064708e-05
2025-07-22,,0.0
2025-07-23,0.0003314165490260606,5.423971309042719e-05
2025-07-24,0.0,5.5899095564745666e-05
2025-07-25,0.0,5.5899095564745666e-05
2025-07-28,0.0,5.5899095564745666e-05
2025-07-29,0.0,5.5899095564745666e-05
2025-07-30,0.0,5.5899095564745666e-05
2025-07-31,0.0,5.5899095564745666e-05
2025-08-01,,5.5899095564745666e-05
2025-08-04,,0.0
2025-08-05,0.000166131833752127,5.073507175721451e-05
2025-08-06,4.1478023066463635e-19,5.7461868557863175e-05
2025-08-07,0.0,5.7461868557863155e-05
2025-08-08,0.0,5.7461868557863155e-05
2025-08-11,,5.7461868557863155e-05
2025-08-12,,0.0
2025-08-13,0.0003644504813431027,5.8398331563985346e-05
2025-08-14,4.0742830736168703e-19,5.853493488810544e-05
2025-08-15,0.0,5.853493488810544e-05
2025-08-18,0.0,5.853493488810544e-05
2025-08-19,0.0,5.853493488810544e-05
2025-08-20,6.565175113533112e-05,5.853493488810544e-05
2025-08-21,6.058368916144247e-05,5.6228060496312865e-05
2025-08-22,3.7507433777005617e-19,5.492187492753156e-05
2025-08-25,,5.4921874927531566e-05
2025-08-26,,0.0
2025-08-27,6.910683248427722e-05,5.4317327373223665e-05
2025-08-28,0.0,5.5764464609313326e-05
2025-08-29,5.234273546493251e-05,5.5764464609313326e-05
2025-09-01,,5.3622154561372547e-05
2025-09-02,,0.0
2025-09-03,0.0012630702997346254,2.50347330643077e-05
2025-09-04,0.0,4.5846679213654105e-05
2025-09-05,0.0,4.5846679213654105e-05
2025-09-08,0.0,4.5846679213654105e-05
2025-09-09,0.0,4.5846679213654105e-05
2025-09-10,0.0,4.5846679213654105e-05
2025-09-11,0.0,4.5846679213654105e-05
2025-09-12,5.364753811943434e-05,4.5846679213654105e-05
2025-09-15,,4.678809220849708e-05
2025-09-16,,0.0
2025-09-17,0.00046336005360798536,5.3026371922517954e-05
2025-09-18,9.227123584599005e-19,4.8397413096381e-05
2025-09-19,4.613561792299502e-19,4.839741309638103e-05
2025-09-22,4.613561792299502e-19,4.8397413096381013e-05
2025-09-23,,4.839741309638103e-05
2025-09-24,,0.0
2025-09-25,0.00048695760878625653,5.2813921744828485e-05
2025-09-26,0.0,4.868571662751767e-05
2025-09-29,7.214289451775409e-05,4.868571662751767e-05
2025-09-30,0.0,5.094434424399397e-05
2025-10-01,0.0,5.094434424399397e-05
2025-10-02,0.0,5.094434424399397e-05
2025-10-03,0.0,5.094434424399397e-05
2025-10-06,0.0,5.094434424399397e-05
2025-10-07,0.0,5.094434424399397e-05
2025-10-08,0.0,5.094434424399397e-05
2025-10-09,0.0,5.094434424399397e-05
2025-10-10,0.0,5.094434424399397e-05
2025-10-13,,5.094434424399397e-05
2025-10-14,,0.0
2025-10-15,0.0004594026923530231,4.701353090248384e-05
2025-10-16,0.0001819215297095315,4.9582312789034474e-05
2025-10-17,5.628151989870453e-19,5.281650714820909e-05
2025-10-20,5.794739137386101e-19,5.28165071482091e-05
2025-10-21,5.628151989870453e-19,5.2816507148209086e-05
2025-10-22,6.78873652159472e-05,5.28165071482091e-05
2025-10-23,0.0,5.3921439716196134e-05
2025-10-24,,5.3921439716196134e-05
2025-10-27,,0.0
2025-10-28,0.0005030594481901901,4.992733561076932e-05
2025-10-29,7.325327500249843e-05,5.348648560199316e-05
2025-10-30,0.0,5.2309512123072285e-05
2025-10-31,0.0,5.2309512123072285e-05
2025-11-03,,5.2309512123072285e-05
2025-11-04,,0.0
2025-11-05,0.00043831668343349524,5.2789279101040685e-05
2025-11-06,0.0,5.233972389129447e-05
2025-11-07,8.12882946311489e-05,5.233972389129447e-05
2025-11-10,0.0,5.0907251720047515e-05
2025-11-11,0.0,5.0907251720047515e-05
2025-11-12,0.0,5.0907251720047515e-05
2025-11-13,0.0,5.0907251720047515e-05
2025-11-14,0.0,5.0907251720047515e-05
2025-11-17,0.0,5.0907251720047515e-05
2025-11-18,0.0,5.0907251720047515e-05
2025-11-19,6.473046220875955e-05,5.0907251720047515e-05
2025-11-20,5.794739137386101e-19,5.204793976334754e-05
2025-11-21,6.385961835880986e-05,5.204793976334755e-05
2025-11-24,,5.316599183401507e-05
2025-11-25,,0.0
2025-11-26,0.000405286681957941,5.384795253888024e-05
2025-11-27,,5.478382955399125e-05
2025-11-28,,0.0
2025-12-01,0.001355361439507051,4.1173078592918496e-05
2025-12-02,0.0,5.6067477781868584e-05
2025-12-03,0.0,5.6067477781868584e-05
2025-12-04,0.0,5.6067477781868584e-05
2025-12-05,7.375596149084706e-05,5.6067477781868584e-05
2025-12-08,5.777391902626333e-19,5.469267378653847e-05
2025-12-09,6.142602365990919e-05,5.469267378653846e-05
2025-12-10,0.0,5.58354335730826e-05
2025-12-11,0.0,5.58354335730826e-05
2025-12-12,0.0,5.58354335730826e-05
2025-12-15,0.0,5.58354335730826e-05
2025-12-16,0.0,5.58354335730826e-05
2025-12-17,0.0,5.58354335730826e-05
2025-12-18,0.0,5.58354335730826e-05
2025-12-19,0.0,5.58354335730826e-05
2025-12-22,0.0,5.58354335730826e-05
2025-12-23,0.0,5.58354335730826e-05
2025-12-24,,5.58354335730826e-05
2025-12-25,,0.0
2025-12-26,,0.0
2025-12-29,,0.0
2025-12-30,0.0004910090072896877,4.27011390787377e-05
2025-12-31,,5.45653617293453e-05
2026-01-02,,0.0
2026-01-05,,0.0
2026-01-06,0.0005895097415046549,4.696673326756552e-05
2026-01-07,5.771667315155609e-19,5.464997459692069e-05
2026-01-08,5.514257756319931e-19,5.464997459692069e-05
2026-01-09,0.0,5.46499745969207e-05
2026-01-12,,5.46499745969207e-05
2026-01-13,,0.0
2026-01-14,0.000546989838483815,5.643972921628774e-05
2026-01-15,0.0,5.5684930399833034e-05
2026-01-16,0.0,5.5684930399833034e-05
2026-01-19,,5.5684930399833034e-05
2026-01-20,,0.0
2026-01-21,0.0012743567069898518,3.897938900783171e-05
2026-01-22,5.800637197204422e-19,5.376718959131263e-05
2026-01-23,5.806361784675145e-19,5.376718959131265e-05
2026-01-26,5.800637197204422e-19,5.376718959131263e-05
2026-01-27,7.527209164821568e-05,5.376718959131265e-05
2026-01-28,0.0,5.2509919799065196e-05
2026-01-29,0.0,5.2509919799065196e-05
2026-01-30,0.0,5.2509919799065196e-05
2026-02-02,0.0,5.2509919799065196e-05
2026-02-03,0.0,5.2509919799065196e-05
2026-02-04,0.0,5.2509919799065196e-05
2026-02-05,0.0,5.2509919799065196e-05
2026-02-06,0.0,5.2509919799065196e-05
2026-02-09,0.0,5.2509919799065196e-05
2026-02-10,0.0,5.2509919799065196e-05
2026-02-11,,5.2509919799065196e-05
2026-02-12,,0.0
2026-02-13,0.0004523421831929446,5.147425578090733e-05
2026-02-16,,5.2407899690723683e-05
2026-02-17,,0.0
2026-02-18,0.0014325070129053133,3.972846580787584e-05
2026-02-19,0.0,5.2503916317682005e-05
2026-02-20,0.0,5.2503916317682005e-05
2026-02-23,,5.2503916317682005e-05
2026-02-24,,0.0
2026-02-25,0.00045475742382217123,5.146621044597525e-05
2026-02-26,0.0,5.240507680415101e-05
2026-02-27,0.0,5.240507680415101e-05
2026-03-02,0.0,5.240507680415101e-05
2026-03-03,0.0,5.240507680415101e-05
2026-03-04,0.0,5.240507680415101e-05
2026-03-05,7.084020927365906e-05,5.240507680415101e-05
2026-03-06,0.0,5.112320869853624e-05
2026-03-09,7.488189536522966e-05,5.112320869853624e-05
2026-03-10,0.0,4.76711535883682e-05
2026-03-11,0.0,4.76711535883682e-05
2026-03-12,0.0,4.76711535883682e-05
2026-03-13,0.0,4.76711535883682e-05
2026-03-16,7.582751455218186e-05,4.76711535883682e-05
2026-03-17,5.816651723769947e-19,4.64131981678024e-05
2026-03-18,0.0,4.641319816780239e-05
2026-03-19,9.792415850721748e-05,4.641319816780239e-05
2026-03-20,,4.9374654740815545e-05
2026-03-23,,0.0
2026-03-24,0.0003671413575938886,5.067450365613772e-05
2026-03-25,0.0,4.8454651847264324e-05
2026-03-26,0.0,4.8454651847264324e-05
2026-03-27,6.854002160798517e-05,4.8454651847264324e-05
2026-03-30,5.7511455363483166e-05,4.726059205878421e-05
2026-03-31,6.62274414895893e-05,4.625866479620945e-05
2026-04-01,0.0,4.2941647941749185e-05
2026-04-02,0.0,4.2941647941749185e-05
2026-04-03,,4.2941647941749185e-05
2026-04-06,,0.0
2026-04-07,,0.0
2026-04-08,0.0003887142736110755,2.979995800785467e-05
2026-04-09,0.0,4.1554177122102015e-05
2026-04-10,0.0,4.1554177122102015e-05
2026-04-13,0.0,4.1554177122102015e-05
2026-04-14,0.0,4.1554177122102015e-05
2026-04-15,5.8183618756972744e-05,4.1554177122102015e-05
2026-04-16,5.892811591423983e-19,4.245000926882975e-05
2026-04-17,5.1272163137956736e-05,4.245000926882974e-05
2026-04-20,5.943382911042698e-19,4.821382098295645e-05
2026-04-21,0.0,4.8213820982956437e-05
2026-04-22,0.0,4.8213820982956437e-05
2026-04-23,0.0,4.8213820982956437e-05
2026-04-24,6.26399151937156e-05,4.8213820982956437e-05
2026-04-27,5.9849612038796025e-19,5.118488277069361e-05
2026-04-28,0.0,5.1184882770693624e-05
2026-04-29,,5.1184882770693624e-05
2026-04-30,,0.0
2026-05-01,,5.3633849827394104e-05
2026-05-04,,0.0
2026-05-05,,0.0
2026-05-06,,0.0
2026-05-07,,0.0
2026-05-08,0.00036451284206860625,5.477887546857624e-05
2026-05-11,5.974205918328545e-19,5.6421919495457883e-05
2026-05-12,0.0,5.642191949545787e-05
2026-05-13,6.421794373191663e-05,5.642191949545787e-05
2026-05-14,,5.760431528531882e-05
2026-05-15,,0.0
2026-05-18,0.00010258929766257791,5.167588034167128e-05
2026-05-19,0.0,5.4932503625875766e-05
2026-05-20,0.0,5.4932503625875766e-05
2026-05-21,0.0,5.4932503625875766e-05
2026-05-22,0.0,5.4932503625875766e-05
2026-05-25,,5.4932503625875766e-05
2026-05-26,,0.0
2026-05-27,0.0023569684774735,1.4229385283118478e-05
2026-05-28,5.865992215779516e-19,5.690993866782246e-05
2026-05-29,0.0,5.6909938667822466e-05
2026-06-01,0.0,5.6909938667822466e-05
2026-06-02,0.0,5.6909938667822466e-05
2026-06-03,0.0,5.6909938667822466e-05
2026-06-04,0.0,5.6909938667822466e-05
2026-06-05,0.0,5.6909938667822466e-05
2026-06-08,0.0,5.6909938667822466e-05
2026-06-09,0.0,5.6909938667822466e-05
2026-06-10,0.0,5.6909938667822466e-05
2026-06-11,0.0,5.6909938667822466e-05
2026-06-12,0.0,5.6909938667822466e-05
2026-06-15,0.0,5.6909938667822466e-05
2026-06-16,0.0,5.6909938667822466e-05
2026-06-17,0.0,5.6909938667822466e-05
2026-06-18,0.00011051662181317625,5.6909938667822466e-05
2026-06-19,,5.87594045534688e-05
2026-06-22,,0.0
2026-06-23,0.001529640972380411,3.811491473657185e-05
2026-06-24,0.0,6.129339199927749e-05
2026-06-25,0.0,6.129339199927749e-05
2026-06-26,0.0,6.129339199927749e-05
2026-06-29,0.0,6.129339199927749e-05
2026-06-30,0.0,6.129339199927749e-05
2026-07-01,0.0,6.129339199927749e-05
2026-07-02,0.0004240971231376351,6.129339199927749e-05
2026-07-03,,6.257663291489705e-05
2026-07-06,,0.0
2026-07-07,0.0009443688391985622,4.0817698064329416e-05
2026-07-08,0.0,6.33226862734247e-05
2026-07-09,0.0,6.33226862734247e-05
2026-07-10,0.0,6.33226862734247e-05
2026-07-13,0.0,6.33226862734247e-05
2026-07-14,0.0,6.33226862734247e-05
2026-07-15,0.0,6.33226862734247e-05
2026-07-16,0.0,6.33226862734247e-05
2026-07-17,5.4314647630191264e-05,6.33226862734247e-05
2026-07-20,,6.473513343880528e-05
2026-07-21,,0.0
2026-07-22,0.0007979704617592102,6.5555041978026e-05
2026-07-23,3.7991879401053747e-19,6.89420632790531e-05
2026-07-24,3.798851837431904e-19,6.894206327905309e-05
2026-07-27,3.7991879401053747e-19,6.89420632790531e-05
2026-07-28,3.798851837431904e-19,6.894206327905309e-05
2026-07-29,3.7991879401053747e-19,6.89420632790531e-05
2026-07-30,3.798851837431904e-19,6.894206327905309e-05
2026-07-31,6.069727885571274e-05,6.89420632790531e-05
2026-08-03,3.813065727913189e-19,6.70037988644777e-05
2026-08-04,0.0,6.700379886447771e-05
2026-08-05,0.0,6.700379886447771e-05
2026-08-06,0.0,6.700379886447771e-05
2026-08-07,0.0,6.700379886447771e-05
2026-08-10,0.0,6.700379886447771e-05
2026-08-11,,6.700379886447771e-05
2026-08-12,,0.0
2026-08-13,0.00028877203245568215,6.814038092116728e-05
2026-08-14,0.0,6.820617089102555e-05
2026-08-17,0.0,6.820617089102555e-05
2026-08-18,0.0,6.820617089102555e-05
2026-08-19,0.0,6.820617089102555e-05
2026-08-20,0.0,6.820617089102555e-05
2026-08-21,0.0,6.820617089102555e-05
2026-08-24,8.51573021765581e-05,6.820617089102555e-05
2026-08-25,5.686228233497983e-05,6.555077192929129e-05
2026-08-26,4.621009531417635e-05,6.377767623914022e-05
2026-08-27,4.933393589248098e-05,6.233920219334796e-05
2026-08-28,0.00012033940221129587,5.9511937804462504e-05
2026-08-31,,5.870547226549085e-05
2026-09-01,,0.0
2026-09-02,4.8153770240168275e-05,5.6953134994244036e-05
2026-09-03,0.0,5.795812092761977e-05
2026-09-04,0.0,5.795812092761977e-05
2026-09-07,,5.795812092761977e-05
2026-09-08,,0.0
2026-09-09,0.0009833946857669671,2.7855633477870566e-05
2026-09-10,0.0,5.3022536899346543e-05
2026-09-11,0.0,5.3022536899346543e-05
2026-09-14,0.0,5.3022536899346543e-05
2026-09-15,0.0,5.3022536899346543e-05
2026-09-16,0.0,5.3022536899346543e-05
2026-09-17,0.0,5.3022536899346543e-05
2026-09-18,5.1762117156241444e-05,5.3022536899346543e-05
2026-09-21,,5.000705173429555e-05
2026-09-22,,0.0
