date,gross_return,net_return
2020-05-29,0.0,0.0
2020-06-01,0.0,0.0
2020-06-02,0.0,0.0
2020-06-03,0.0,0.0
2020-06-04,0.0,0.0
2020-06-05,0.0,0.0
2020-06-08,0.0,0.0
2020-06-09,0.0,0.0
2020-06-10,0.0,0.0
2020-06-11,0.0,0.0
2020-06-12,0.0,0.0
2020-06-15,0.0,0.0
2020-06-16,0.0,0.0
2020-06-17,0.0,0.0
2020-06-18,0.0,0.0
2020-06-19,0.0,0.0
2020-06-22,0.0,0.0
2020-06-23,0.0,0.0
2020-06-24,0.0,0.0
2020-06-25,0.0,0.0
2020-06-26,0.0,0.0
2020-06-29,0.0,0.0
2020-06-30,0.0,0.0
2020-07-01,0.0,0.0
2020-07-02,0.0,0.0
2020-07-03,0.0,0.0
2020-07-06,0.0,0.0
2020-07-07,0.0,0.0
2020-07-08,0.0,0.0
2020-07-09,0.0,0.0
2020-07-10,0.0,0.0
2020-07-13,0.0,0.0
2020-07-14,0.0,0.0
2020-07-15,0.0,0.0
2020-07-16,0.0,0.0
2020-07-17,0.0,0.0
2020-07-20,0.0,0.0
2020-07-21,0.0,0.0
2020-07-22,0.0,0.0
2020-07-23,0.0,0.0
2020-07-24,0.0,0.0
2020-07-27,0.0,0.0
2020-07-28,0.0,0.0
2020-07-29,0.0,0.0
2020-07-30,0.0,0.0
2020-07-31,0.0,0.0
2020-08-03,0.0,0.0
2020-08-04,0.0,0.0
2020-08-05,0.0,0.0
2020-08-06,0.0,0.0
2020-08-07,0.0,0.0
2020-08-10,0.0,0.0
2020-08-11,0.0,0.0
2020-08-12,0.0,0.0
2020-08-13,0.0,0.0
2020-08-14,0.0,0.0
2020-08-17,0.0,0.0
2020-08-18,0.0,0.0
2020-08-19,0.0,0.0
2020-08-20,0.0,0.0
2020-08-21,0.0,0.0
2020-08-24,0.0,0.0
2020-08-25,0.0,0.0
2020-08-26,0.0,0.0
2020-08-27,0.0,0.0
2020-08-28,0.0,0.0
2020-08-31,0.0,-0.00026187175579401223
2020-09-01,0.0009595099134334379,0.0009353674923448943
2020-09-02,0.001450825476296887,0.0014265318214327018
2020-09-03,-0.006182683996888401,-0.006207258442690188
2020-09-04,-0.003297580465822702,-0.0033215447231390873
2020-09-07,0.0006615500963121316,0.0006377713411367748
2020-09-08,-0.0007188847378316789,-0.000742711054242696
2020-09-09,0.0007081288335452839,0.0006843433833123101
2020-09-10,-0.0011917974595257988,-0.0012159853126385229
2020-09-11,-0.0009124060077638643,-0.0009363364376673212
2020-09-14,0.0027260143294481893,0.0027020602832308147
2020-09-15,0.001955528114872566,0.0019313836466973702
2020-09-16,0.0003028168073273593,0.000278539470945307
2020-09-17,-0.0014928847360896219,-0.0015170084817787927
2020-09-18,0.0004883455706768563,0.0004644278054426824
2020-09-21,-0.004694455812554816,-0.004718160476616076
2020-09-22,-0.0008037093281865487,-0.0008272485046391667
2020-09-23,-0.004969613560396584,-0.004993357530105754
2020-09-24,-0.0019731488987703733,-0.0019965885003983184
2020-09-25,0.0018772961358774925,0.001853845689798687
2020-09-28,0.0030972383149410034,0.0030735592188193277
2020-09-29,0.0005620559836055993,0.0005380219425395728
2020-09-30,0.0026292746458884022,0.002587851259833432
2020-10-01,-0.0019724530429939325,-0.001994414700271608
2020-10-02,-0.0006692113660290593,-0.0006913322802854524
2020-10-05,0.0028400749572654775,0.0028181766665699207
2020-10-06,0.0014672460538459537,0.0014450679542408814
2020-10-07,-0.0012947547630559864,-0.001316747774778869
2020-10-08,0.002428412281636771,0.002406176716299001
2020-10-09,0.0017878572072132063,0.0017655180650585414
2020-10-12,0.0022186172241850594,0.0021961395612784427
2020-10-13,-0.0015245549923074704,-0.0015473591760241834
2020-10-14,-0.0013979691246471298,-0.0014207394389037838
2020-10-15,-0.0010481989525283127,-0.0010708549302589116
2020-10-16,-0.0017346634369846162,-0.0017571489517182897
2020-10-19,-0.00011874948309511747,-0.00014130027519359593
2020-10-20,0.0012135722036722867,0.0011912227675511156
2020-10-21,-0.000286317696052178,-0.0003086817389814329
2020-10-22,0.001487299629649303,0.0014649933905404098
2020-10-23,-0.0005382395288171124,-0.0005605485206379642
2020-10-26,-0.0030482281761121197,-0.003070616942744798
2020-10-27,0.00012277833013628786,0.00010069839488887613
2020-10-28,-0.006410879931311963,-0.006432900853818478
2020-10-29,-0.001347170391297073,-0.0013686377345982295
2020-10-30,-0.0034021694732681348,-0.0034347244280779304
2020-11-02,0.0020814836513056234,0.0020605016610674497
2020-11-03,0.002839265847861804,0.0028180889639691014
2020-11-04,0.007152494215768895,0.007131024659018458
2020-11-05,0.0018901096768455467,0.0018682428230124065
2020-11-06,0.0024345471459128014,0.0024122935647199785
2020-11-09,0.003444149346438007,0.0034218639854557906
2020-11-10,0.002456161203550815,0.0024335197998347816
2020-11-11,0.0024814251196507084,0.0024589788319309335
2020-11-12,-0.0001432654129842061,-0.00016593741350263896
2020-11-13,-0.00038699454222254165,-0.00040949933116986206
2020-11-16,0.004539783081497114,0.004517108133859192
2020-11-17,0.00027298423731988064,0.0002501195341673134
2020-11-18,-0.0013389364473022315,-0.0013617738359635407
2020-11-19,-0.0006213510319437482,-0.0006440886494874028
2020-11-20,0.0005292056050459748,0.0005064446044560389
2020-11-23,0.0006600444333993632,0.0006373614282245725
2020-11-24,0.002345080506735103,0.002322378927601629
2020-11-25,0.0026274536061089418,0.002604541217761867
2020-11-26,0.0008546899883594397,0.0008317614768897798
2020-11-27,-0.0001422572595901601,-0.000165213607670908
2020-11-30,0.00018573102216733986,0.00014710476888171666
2020-12-01,0.0021134634173128174,0.0020922772275158816
2020-12-02,0.003250788364289207,0.0032294089839727575
2020-12-03,0.00068215638292793,0.000660783500223267
2020-12-04,0.001148852195123401,0.0011274877170005583
2020-12-07,-0.0015139012098759571,-0.0015353904735451772
2020-12-08,-0.0007386950487287126,-0.0007601713445835459
2020-12-09,-0.0011291710319927643,-0.0011506891945447075
2020-12-10,0.0005412291386361315,0.00051982511141214
2020-12-11,0.0004546594867085244,0.00043329459837770923
2020-12-14,0.000628984978428146,0.0006076857974652168
2020-12-15,0.001785513485983644,0.0017641823459871792
2020-12-16,0.0008802119187738618,0.0008587411068148114
2020-12-17,0.003817749492170942,0.003796198905274327
2020-12-18,0.0022868431648037472,0.0022652402821994834
2020-12-21,-0.00406948574992226,-0.004091016737597622
2020-12-22,-0.0003921530518653247,-0.00041355324948091904
2020-12-23,5.282033840860271e-05,3.137408077244197e-05
2020-12-24,0.0017589381900391043,0.0017374747917513313
2020-12-25,0.0011927188487144526,0.0011712225150475296
2020-12-28,0.0003556021688613357,0.00033413645066253454
2020-12-29,0.0006190448041821885,0.0005975568477575863
2020-12-30,0.0007257306044678947,0.0007041678165241192
2020-12-31,0.001808288752971827,0.0017781003298748736
2021-01-01,-0.0027151563085845805,-0.002737470213187675
2021-01-04,0.0021173873855277812,0.0020950145193172434
2021-01-05,0.0011185677286108542,0.0010962435503648294
2021-01-06,0.0009937550456396637,0.0009713805940693143
2021-01-07,0.004641637561706489,0.004619216967987642
2021-01-08,-0.00035064020297770424,-0.0003732994127415644
2021-01-11,-0.0038393531996950064,-0.0038622003357303707
2021-01-12,0.0003897559157968754,0.0003670383357677145
2021-01-13,0.002653437617593076,0.0026307522654616003
2021-01-14,-0.0006657900560752628,-0.0006885468929503613
2021-01-15,-0.0024411601390325155,-0.0024639086967658246
2021-01-18,-0.002941378060728417,-0.002963995071785772
2021-01-19,0.0002682203320109091,0.000245604493084967
2021-01-20,0.0035129485021672957,0.003490287813865389
2021-01-21,0.0003770987402191771,0.000354223987197847
2021-01-22,6.731677117763492e-05,4.4373394881970564e-05
2021-01-25,0.0004450101634859161,0.00042212654657554203
2021-01-26,-0.0003242335752173231,-0.00034713990606882267
2021-01-27,-0.0021290457171795505,-0.0021519601063430434
2021-01-28,-0.0019713260753714693,-0.0019938496616219224
2021-01-29,-0.001638789395473355,-0.0016826126088695312
2021-02-01,0.003201307023019086,0.003177453981034827
2021-02-02,0.0015344069043517386,0.0015102161398759303
2021-02-03,0.0005855028720627529,0.0005610337524915118
2021-02-04,0.0003965193752882138,0.000372035256959696
2021-02-05,0.00147350774861728,0.0014488477498920361
2021-02-08,0.005180248134078904,0.005155548419995155
2021-02-09,0.0011263246549269663,0.0011015084507419715
2021-02-10,0.0014847812402045174,0.0014599898588098543
2021-02-11,-0.0004493494591123562,-0.00047412606464211784
2021-02-12,0.001821445569663809,0.0017965686069394055
2021-02-15,0.0017469668606613703,0.0017220167953197895
2021-02-16,0.0010950393245379852,0.0010700188695756565
2021-02-17,-0.0015596657048812788,-0.001584687785372937
2021-02-18,-0.0005719091548063774,-0.0005968242850078467
2021-02-19,0.002303375335890706,0.002278563352829669
2021-02-22,0.0036632142414203504,0.0036384545646297073
2021-02-23,0.0010525854166951686,0.0010281400963423706
2021-02-24,0.0037217584270218037,0.0036973396712679206
2021-02-25,7.40031507322212e-05,4.95069782703293e-05
2021-02-26,-0.007991624747622678,-0.008033360422705846
2021-03-01,0.00039273114214765487,0.00036878550213821973
2021-03-02,-0.0006706250130055855,-0.0006950989436822901
2021-03-03,-0.0002454980907060403,-0.0002697511186593903
2021-03-04,-0.004019089336522171,-0.0040430905266882295
2021-03-05,0.0012289606713230374,0.0012051967833162055
2021-03-08,-0.0021525915891092095,-0.002176465263543347
2021-03-09,0.0007025961019746778,0.0006788018008370856
2021-03-10,0.002120580979920686,0.0020964215824613402
2021-03-11,0.004082771381519775,0.0040585443632491095
2021-03-12,0.0016312032382130482,0.0016067589492024044
2021-03-15,-0.000363777242957952,-0.0003881948456226514
2021-03-16,-0.0009800666719853577,-0.0010045877784936933
2021-03-17,-0.0007868983307379481,-0.0008114998580545097
2021-03-18,-8.514232808831611e-05,-0.00010980206381675046
2021-03-19,-0.0018631364733070553,-0.0018875638519026267
2021-03-22,-0.0011824809020612496,-0.001206859858717275
2021-03-23,-0.0024797534616621732,-0.002504245178865617
2021-03-24,-0.0044659647406786645,-0.004490411302333784
2021-03-25,-0.0020615721349301164,-0.0020858741375616024
2021-03-26,0.004314119092157579,0.0042897162561718605
2021-03-29,0.001388561230031033,0.0013639458411847177
2021-03-30,-0.0015972114747435278,-0.0016218134041551815
2021-03-31,-0.00024318960044944135,-0.00027904644250669873
2021-04-01,0.0029863703919824473,0.002962299947612499
2021-04-02,0.002134915380242227,0.002110652255347756
2021-04-05,0.0002946660704327326,0.0002704018440014794
2021-04-06,0.0007243984861910449,0.0007001184055423209
2021-04-07,2.823186984777925e-05,4.014539256635594e-06
2021-04-08,-0.00017803134403627434,-0.0002023001719443068
2021-04-09,0.00035284722366376534,0.00032844621962553584
2021-04-12,-0.001686886241348437,-0.001711430115686607
2021-04-13,0.0015979008491122553,0.0015733989610408911
2021-04-14,0.0013983718869590002,0.0013737598499350952
2021-04-15,0.005025971799643833,0.00500147548074763
2021-04-16,0.0007457364993052,0.0007211212958169965
2021-04-19,-0.001231598109698535,-0.0012563000917194182
2021-04-20,0.00041562292293266523,0.00039101930682259976
2021-04-21,0.0001527218498154663,0.00012836470710965014
2021-04-22,0.00026008456279240664,0.000235607913986945
2021-04-23,-0.0008737131241903209,-0.000898165934869044
2021-04-26,0.0032717811314854624,0.003247163574338562
2021-04-27,0.0025143247947821646,0.002489669007389247
2021-04-28,-0.0011932839297402133,-0.0012178034442849356
2021-04-29,0.0010205959688347687,0.000996080134178035
2021-04-30,-0.0017596532211159675,-0.001793781229059794
2021-05-03,-0.0019815941684202297,-0.0020066267224455336
2021-05-04,-0.00026064036951594754,-0.0002857083455887691
2021-05-05,-0.0002634388180964875,-0.0002882313443084982
2021-05-06,0.001954306019648333,0.0019294136215686146
2021-05-07,0.002397139365118124,0.0023721822487137636
2021-05-10,0.001813215694587584,0.0017881053767112162
2021-05-11,-0.002581599166258808,-0.002606478437307217
2021-05-12,-0.0022939396396678105,-0.0023185487498067607
2021-05-13,-0.0032558122503850455,-0.00328008720651869
2021-05-14,0.0026238731825184987,0.0025994628329905783
2021-05-17,0.0025340588526922515,0.002509383102866984
2021-05-18,-9.835576938072737e-05,-0.00012290861697466406
2021-05-19,-0.0012547463567752777,-0.0012792480949460519
2021-05-20,-0.0002267712182218875,-0.000251178841762589
2021-05-21,0.0010974450967208803,0.001072752312820427
2021-05-24,0.0006095061285067465,0.0005847777948710492
2021-05-25,0.0014099532639295573,0.0013850463424669314
2021-05-26,0.0011383955608145887,0.0011135147707150349
2021-05-27,0.0006497798891423292,0.0006248683450590063
2021-05-28,0.0019802160268166764,0.0019553682864302583
2021-05-31,-0.0011545139214348215,-0.0011858390926712905
2021-06-01,0.0014696702933659923,0.0014447321974321787
2021-06-02,-0.0004289402118121389,-0.00045392589982485627
2021-06-03,-0.0024310488550079445,-0.0024561004043951104
2021-06-04,-2.515133903982286e-05,-5.015224560022294e-05
2021-06-07,0.0013926885508824412,0.0013675526736882005
2021-06-08,0.0006928790927563213,0.0006677136635697105
2021-06-09,-0.0011421734243749649,-0.0011673414394594785
2021-06-10,0.0002241636339972372,0.00019900730793598456
2021-06-11,0.00064090998367382,0.0006156412849378706
2021-06-14,-0.001138729628450089,-0.0011640674283636947
2021-06-15,-0.0002498427736878899,-0.00027527180779954796
2021-06-16,-0.00027630080539043744,-0.0003017161488078675
2021-06-17,-0.005707665662752552,-0.005733017282517619
2021-06-18,-0.003951365524461824,-0.003976828222125318
2021-06-21,-0.0005948382500339152,-0.000620060221798605
2021-06-22,0.0029864230076667208,0.0029610819325313923
2021-06-23,0.0011056143289817936,0.0010801208210071396
2021-06-24,0.0013755416265737667,0.001350157430299814
2021-06-25,0.0004443193482015032,0.00041880822789389663
2021-06-28,-0.0003671157206804355,-0.00039265345369786733
2021-06-29,-0.0007529335879106868,-0.000778540098128012
2021-06-30,-0.0013661257891212318,-0.0013982433346268965
2021-07-01,0.00035415917703721187,0.0003278669493387453
2021-07-02,0.0007676745142952066,0.0007413615904571524
2021-07-05,-9.348191428897425e-06,-3.5791459427066794e-05
2021-07-06,0.00042180953944518816,0.00039536212569286726
2021-07-07,-0.0007409462078672702,-0.0007673374519457623
2021-07-08,-0.002606035495812482,-0.0026324931940887074
2021-07-09,0.0010926617111087673,0.0010664526088356979
2021-07-12,0.0029544077955494866,0.0029279032092928894
2021-07-13,9.727229016352904e-05,7.068047242782743e-05
2021-07-14,-0.002652685272010808,-0.0026792460865102743
2021-07-15,0.000595116480413565,0.000568523668922042
2021-07-16,-0.0022809560227892403,-0.0023073957519146515
2021-07-19,-0.005692278243692984,-0.005718581005574741
2021-07-20,0.00033239003970934894,0.00030637879731275396
2021-07-21,0.0018468868303543593,0.0018206331617901931
2021-07-22,0.002027262745411638,0.0020008026219475077
2021-07-23,0.0021596489542593388,0.002133117906676419
2021-07-26,0.001352332631914811,0.0013256049164732417
2021-07-27,-0.0004129652196503448,-0.00043967649724059083
2021-07-28,-0.00018629398748921215,-0.00021286580174832202
2021-07-29,0.0017836110485128919,0.0017569600016706468
2021-07-30,-0.001209104980451754,-0.0012481237408172186
2021-08-02,-0.001412206892783933,-0.001438845020808281
2021-08-03,9.87254085576339e-05,7.199402728894086e-05
2021-08-04,-0.00012201594986569419,-0.0001488781178343479
2021-08-05,0.0008012792064149788,0.00077441020907718
2021-08-06,-0.0008396293980856679,-0.0008665937542757093
2021-08-09,-0.003185045390354025,-0.0032120379875980524
2021-08-10,0.0010479276942253655,0.0010208916734096452
2021-08-11,0.0011914379400392067,0.00116444837611078
2021-08-12,0.0012319977876888318,0.0012050083165323472
2021-08-13,-8.289935808183219e-05,-0.00010996910621451473
2021-08-16,-0.0003261091158669327,-0.00035321782826797446
2021-08-17,-0.002846849542660522,-0.0028739588145230005
2021-08-18,-0.004859994866614591,-0.004887021572580366
2021-08-19,-0.0018430728663275113,-0.0018700093928221634
2021-08-20,-0.0006611909180247602,-0.0006880814884234622
2021-08-23,0.0041362645913217986,0.004109201625424174
2021-08-24,0.0023787722476654592,0.002351521522962123
2021-08-25,0.0007631958658207951,0.0007359153668268062
2021-08-26,0.000653357719285073,0.000626062370713243
2021-08-27,0.0018637360602583941,0.0018365735444389212
2021-08-30,0.0025419089625489267,0.0025146215336618164
2021-08-31,0.000419053018976249,0.00038194248059655796
2021-09-01,0.0012659928957994815,0.0012372098731720442
2021-09-02,0.00224213391154818,0.0022132735232449495
2021-09-03,0.0023204394467265283,0.0022915810868629712
2021-09-06,0.0020328885192064587,0.00200404130308263
2021-09-07,-0.00032177324208062613,-0.000350704040109736
2021-09-08,-0.0009472146616789855,-0.000976137204248333
2021-09-09,-0.000888257346458304,-0.0009170784440388305
2021-09-10,0.0005245718990075294,0.0004958354824670887
2021-09-13,0.00033480479584702523,0.00030618237286122047
2021-09-14,8.604565226539787e-05,5.738455683394318e-05
2021-09-15,-0.0002934802045410439,-0.0003220766265316179
2021-09-16,-0.0012216266459285372,-0.001250289530969177
2021-09-17,-0.0028491545294484664,-0.002877881171946444
2021-09-20,-0.004204730322689798,-0.004233261017678979
2021-09-21,-0.00039860418139446775,-0.0004267406241376458
2021-09-22,0.0011461204172209067,0.0011178814775851219
2021-09-23,0.0006853153618322104,0.0006568633026349558
2021-09-24,0.003076789820818292,0.0030481049971269
2021-09-27,-0.0012204692688034533,-0.001249057596128726
2021-09-28,-0.004326137754029109,-0.004354656751302295
2021-09-29,-0.0023173864126397386,-0.0023453831542630354
2021-09-30,-0.0038976439582056985,-0.003934732024343254
2021-10-01,9.145548630377467e-05,6.407462658871594e-05
2021-10-04,-0.000129105959362479,-0.00015656399763333366
2021-10-05,0.0010516013943557166,0.0010245069913222024
2021-10-06,-0.0008212030523531617,-0.0008485351494809175
2021-10-07,0.0007342135384415846,0.0007069073574448246
2021-10-08,0.0011514942726254967,0.0011239236936185638
2021-10-11,0.0004803549746410026,0.0004528828500373898
2021-10-12,0.0001208697356418292,9.350723985110959e-05
2021-10-13,0.001961245868623871,0.0019340279112685876
2021-10-14,0.00566720139227528,0.005639926091211066
2021-10-15,0.0024518319091677314,0.0024242060070173675
2021-10-18,0.001726763388995456,0.001698993023038994
2021-10-19,0.0013896961936932088,0.0013619213007562332
2021-10-20,0.0030187576992139736,0.002990833992860265
2021-10-21,-0.0010107225857044011,-0.001038605334424834
2021-10-22,-0.0016021896607840201,-0.001630122089572383
2021-10-25,0.0006574915742342861,0.0006295381167483226
2021-10-26,0.0008698693408811424,0.0008418092370001477
2021-10-27,-0.0008912419626074356,-0.0009194063280567054
2021-10-28,0.000288353955559042,0.0002602225175336535
2021-10-29,0.0020311486411344086,0.0019880882414069372
2021-11-01,-0.0010297043955322235,-0.0010560444558101695
2021-11-02,3.573150435570832e-05,9.28967884176916e-06
2021-11-03,-0.002065102003674523,-0.0020916486387839643
2021-11-04,0.0027544605168843958,0.002727704944631702
2021-11-05,-0.0017998385822829645,-0.001826711785783784
2021-11-08,0.00023608451280967158,0.00020912107678448864
2021-11-09,0.001257563646857603,0.0012306176690569995
2021-11-10,-0.0028340214032666665,-0.002860828295204137
2021-11-11,-0.0015251679480334738,-0.0015518556875067798
2021-11-12,0.0006353721922017435,0.0006086713732315958
2021-11-15,0.0003795798175474256,0.00035271810197251666
2021-11-16,-0.0013791044652919316,-0.0014059854680292117
2021-11-17,-0.0013542543222413309,-0.0013812483406193652
2021-11-18,0.0003405103807745108,0.0003135636134169249
2021-11-19,0.000944384744490059,0.0009173452352832506
2021-11-22,-0.0046949303031897215,-0.004721971151759542
2021-11-23,-0.0007523977518296232,-0.0007793702023382274
2021-11-24,0.0005271213848122023,0.0005002445279171206
2021-11-25,-0.001689008397427564,-0.0017159143621133287
2021-11-26,-0.00332155033925159,-0.0033485152686114302
2021-11-29,0.00196525493700788,0.0019385516860097249
2021-11-30,-0.004355621453602677,-0.004397082696822483
2021-12-01,-0.00013248191975817326,-0.00016018653914977462
2021-12-02,-0.00034922229222129127,-0.0003768888567582281
2021-12-03,-0.0011276454756103406,-0.0011554101314833307
2021-12-06,0.0006996810235813481,0.0006721372640121838
2021-12-07,0.00572106036901417,0.005693273534094817
2021-12-08,0.0007020846684187949,0.0006737599028797903
2021-12-09,-0.0006707034160310494,-0.0006990489968395014
2021-12-10,-0.0001273190937887899,-0.00015546559977312844
2021-12-13,-0.0003695394781523896,-0.0003978180749511507
2021-12-14,-0.0030543759009677737,-0.0030824469911337354
2021-12-15,0.0012649229601038247,0.001237026355342957
2021-12-16,0.003570233296819375,0.0035420011510860602
2021-12-17,-0.00177661342731282,-0.0018045678935988746
2021-12-20,-0.006133152839701615,-0.00616093442246585
2021-12-21,0.004794960416464887,0.004767408980649125
2021-12-22,0.004347364518208769,0.004319402802820627
2021-12-23,0.0036480382292662494,0.003619929540003938
2021-12-24,0.0005863203599420323,0.0005580688457676138
2021-12-27,-0.0004287703615749084,-0.0004569946634663623
2021-12-28,0.0007819181924410602,0.000753689654393191
2021-12-29,-0.0008215910263583042,-0.0008498148581015391
2021-12-30,0.0015189339734907868,0.001490734304865502
2021-12-31,-0.0012333983923203417,-0.0012765393114290199
2022-01-03,0.0006491298559161041,0.0006242372512937711
2022-01-04,-0.0009202729008473636,-0.0009452888839549297
2022-01-05,-0.0011922745022080153,-0.0012172204650995498
2022-01-06,-0.001559700817187129,-0.0015842699410709953
2022-01-07,-0.0019753487170711135,-0.0019997920007552472
2022-01-10,8.156652975656263e-05,5.721449914978996e-05
2022-01-11,0.002956293055600247,0.0029320017154167346
2022-01-12,0.0032271706452962575,0.003202725221199001
2022-01-13,-0.0008655113052218352,-0.0008900429462539033
2022-01-14,-0.0010193328486991049,-0.001043594319561814
2022-01-17,-0.001291405175467116,-0.0013156794110630212
2022-01-18,-0.000864727154197021,-0.0008890646215377781
2022-01-19,-0.002581415400061104,-0.002605704989319836
2022-01-20,0.0008150191311390438,0.0007909367867124062
2022-01-21,-0.004980680582445107,-0.00500463087349037
2022-01-24,-0.002281483906168246,-0.0023050779098223837
2022-01-25,-0.0013386289278576055,-0.0013621427371584426
2022-01-26,0.0005312565535165788,0.0005080176204925292
2022-01-27,-0.004039183604854037,-0.004062495037854276
2022-01-28,-0.0009683184262199842,-0.0009914868443888503
2022-01-31,0.002852181753061971,0.002819306012823914
2022-02-01,0.004018889873753949,0.003996022595695536
2022-02-02,0.0035959141949609163,0.0035729333700007396
2022-02-03,-0.0032997584955325515,-0.0033228607961541218
2022-02-04,0.005663092797302257,0.0056405053663314405
2022-02-07,-0.0005054028740102345,-0.0005279854932946914
2022-02-08,9.709183385994303e-05,7.455441997954445e-05
2022-02-09,0.004018595246235704,0.003995902756204188
2022-02-10,-0.0007584374303323458,-0.0007813930498192881
2022-02-11,-0.0014729357575027843,-0.0014956056622945056
2022-02-14,-0.0016089839532664658,-0.0016312814203132409
2022-02-15,-0.0012823338561508476,-0.0013045033166856658
2022-02-16,0.0032273667855383737,0.003204839208940341
2022-02-17,-0.0012259750258481353,-0.0012485027501050786
2022-02-18,-0.0017112907053841804,-0.0017334467584792235
2022-02-21,-0.0018677955054713872,-0.001889810848441331
2022-02-22,-0.0013156482044534034,-0.0013375482522983567
2022-02-23,0.000690802564774401,0.0006689160192220868
2022-02-24,-0.0005571785534574283,-0.0005787377138186055
2022-02-25,-0.001604899664047848,-0.0016265965525451907
2022-02-28,0.0005984384613266975,0.0005650907119945595
2022-03-01,0.002337032136994854,0.002316232256971114
2022-03-02,0.00029174642296560715,0.0002713353916155438
2022-03-03,4.0931350793837085e-05,2.030668702855804e-05
2022-03-04,-0.00027184882345089427,-0.00029225272094542554
2022-03-07,-0.00689182005840784,-0.0069117877308742404
2022-03-08,0.0003809842996555174,0.0003615028780896913
2022-03-09,-0.0011089349839417772,-0.0011282651206391153
2022-03-10,0.004485360515247298,0.004465339053057844
2022-03-11,-0.0021607993906391457,-0.002180675517109096
2022-03-14,-0.004967417949801432,-0.004987083577363185
2022-03-15,-0.0009724749646585793,-0.0009921004774058832
2022-03-16,0.003960150059906473,0.00394020105417533
2022-03-17,0.008490215283716906,0.008469753503339372
2022-03-18,0.0037548067472690707,0.003734266228211674
2022-03-21,0.0005582786770752211,0.0005375321844599501
2022-03-22,0.0003989524848331736,0.0003782866836823076
2022-03-23,0.004982791109660454,0.0049618994245663175
2022-03-24,-7.325869921479011e-06,-2.7919510760982833e-05
2022-03-25,0.0006031706179555345,0.0005823513456971076
2022-03-28,-0.002219227592354984,-0.002240052204928631
2022-03-29,0.0016085854122643033,0.0015875799759250196
2022-03-30,0.0018964415738959577,0.001875139740347731
2022-03-31,-0.002828488307680839,-0.002869657177376058
2022-04-01,-0.0032253514884983737,-0.0032456882446480367
2022-04-04,0.0023282409164044333,0.0023078297621773234
2022-04-05,-0.0019972003230925408,-0.0020177482723980344
2022-04-06,-0.0038509383020819098,-0.0038712416163906482
2022-04-07,-0.0007530234898172935,-0.0007730199373974699
2022-04-08,-2.9052694677238617e-05,-4.903286077133483e-05
2022-04-11,-0.003494157740114668,-0.0035140902626381158
2022-04-12,0.0011437871741434452,0.0011240785204207065
2022-04-13,0.0020218567098394835,0.0020023019119214604
2022-04-14,0.0008515784140476214,0.0008318449042192281
2022-04-15,-0.0005925510673412754,-0.0006121357405198613
2022-04-18,-0.0007292855905904341,-0.0007488557257888726
2022-04-19,-0.0017520412847311952,-0.0017715860649169608
2022-04-20,0.002851287660948799,0.0028314671057935933
2022-04-21,0.00012579397217326856,0.0001060631522202713
2022-04-22,-0.004743682151044598,-0.004763308349187133
2022-04-25,-0.0059521342560551836,-0.005971352276350293
2022-04-26,-0.005060677902782044,-0.0050799647660043894
2022-04-27,-0.0032336257807128303,-0.0032525549760990024
2022-04-28,0.00169475889852745,0.0016757895806367115
2022-04-29,-0.002233854852533997,-0.0022703348542840907
2022-05-02,-0.0012391533414084187,-0.0012591801653341818
2022-05-03,-0.0005133122914359163,-0.0005334227895257686
2022-05-04,0.0034523406012399436,0.003432155342165004
2022-05-05,0.0007979753414697305,0.0007774948639423784
2022-05-06,-0.004718450790158357,-0.004738370860553871
2022-05-09,-0.006423101045051969,-0.00644289237277862
2022-05-10,-0.0007521729505141622,-0.0007714360989683785
2022-05-11,-0.00014752201179825836,-0.0001669199735711724
2022-05-12,-0.004372088856303681,-0.004391321731067772
2022-05-13,0.0006292281322910933,0.0006100198850533116
2022-05-16,0.0017854793703502916,0.0017657801337481837
2022-05-17,0.0033128031038400815,0.00329324519303482
2022-05-18,-2.3628684644935456e-06,-2.2238320920348394e-05
2022-05-19,-0.004863116546544874,-0.00488243660870702
2022-05-20,0.0035132072698430676,0.0034939792313943632
2022-05-23,0.003206330517714195,0.00318707323787777
2022-05-24,0.000757869851652319,0.000738378498780571
2022-05-25,0.0003647947424385029,0.00034553693408621405
2022-05-26,0.001637485703818514,0.00161802183535013
2022-05-27,0.002961665791978908,0.002941975853768132
2022-05-30,0.00203648588371835,0.0020164909345937285
2022-05-31,0.0008031926818069914,0.0007659363251438127
2022-06-01,-0.0012206920279494923,-0.0012407110566540363
2022-06-02,0.00219261153104999,0.002172717149932017
2022-06-03,0.0012304915698204584,0.0012104106252653643
2022-06-06,-0.0014693397217399996,-0.0014892208465680453
2022-06-07,0.0017271515133241084,0.0017072013386104578
2022-06-08,0.0013612711030491988,0.0013412783724886545
2022-06-09,-0.002082485846043551,-0.002102335203545323
2022-06-10,-0.006138146301031335,-0.0061576267094274415
2022-06-13,-0.01003896838855071,-0.010057943876137085
2022-06-14,-0.004787396399615481,-0.0048058027116841245
2022-06-15,0.0004768456472433061,0.00045846164632407316
2022-06-16,-0.00012152981150731262,-0.00014013748142363788
2022-06-17,-0.0014405211478419977,-0.0014586418454556245
2022-06-20,-0.0014128693441170298,-0.0014311200893800731
2022-06-21,0.0014175913607910487,0.001399382216458768
2022-06-22,-0.0018567119933980052,-0.0018749967390153794
2022-06-23,-0.002655310036803996,-0.0026735429165147323
2022-06-24,0.0024098780950927534,0.0023914877168803223
2022-06-27,0.0012172650295122754,0.0011983972096824703
2022-06-28,-0.0013186760776135813,-0.001337528764216531
2022-06-29,-0.0033853313230227857,-0.003403965168601686
2022-06-30,-0.005519138267458278,-0.005558740112291552
2022-07-01,0.0001853439610610506,0.00016496921181075765
2022-07-04,-0.0021509942296710086,-0.002171443363357742
2022-07-05,0.0005634408908413828,0.0005429196040625194
2022-07-06,-0.005136593750835178,-0.005156978411697664
2022-07-07,0.0029761005812893883,0.002955579285585958
2022-07-08,0.0012938402968338206,0.0012730651621861307
2022-07-11,-0.0020328435724325158,-0.002053615277437408
2022-07-12,-0.008585667828518145,-0.008606256362317597
2022-07-13,2.6961178162357956e-05,6.435027078219382e-06
2022-07-14,-0.0030954046426643024,-0.003115868538786683
2022-07-15,0.004539482777111999,0.0045190447307512285
2022-07-18,0.0032347062281168387,0.0032140318293708134
2022-07-19,0.00310432103075427,0.0030837351644500757
2022-07-20,0.0036888981893081624,0.003667884682703819
2022-07-21,-0.0010105804775182423,-0.0010317672691982245
2022-07-22,0.0005767602536677987,0.0005554017563078353
2022-07-25,-0.001263691755222567,-0.0012849355412351178
2022-07-26,-2.9992120456988283e-05,-5.123640029863315e-05
2022-07-27,0.0009870138973393952,0.0009659964528725965
2022-07-28,0.004772544390444383,0.004751143857257082
2022-07-29,0.0025689430028248985,0.0025388324026865304
2022-08-01,-0.0008325695209907302,-0.0008537203896618497
2022-08-02,0.001249493595140118,0.0012283017040264003
2022-08-03,-0.003938328604857747,-0.003959428122586123
2022-08-04,0.002686621050886259,0.002665198373967922
2022-08-05,0.0016557945227376168,0.0016343707070691595
2022-08-08,-0.00013757193644670887,-0.000158974340622414
2022-08-09,-0.00030479248570396405,-0.0003261210049692076
2022-08-10,0.0024930454343425924,0.0024718733228073263
2022-08-11,0.0026168873777369494,0.00259544080408167
2022-08-12,0.0017572018652556444,0.0017357927517587777
2022-08-15,-0.0017907324482961768,-0.0018123775891043885
2022-08-16,-0.0038762891475550695,-0.003898059371462126
2022-08-17,-0.0006075223454309368,-0.0006293524885259745
2022-08-18,-0.00042917500961584204,-0.00045084301483616364
2022-08-19,-0.0037246445731581434,-0.0037463400773630738
2022-08-22,-0.005336061381754983,-0.0053574950294183145
2022-08-23,-0.0005470258201123407,-0.0005680916011638989
2022-08-24,0.0008107028625606824,0.000789754730975932
2022-08-25,0.0013001612360551088,0.001279155476493319
2022-08-26,-0.0028954983347387487,-0.002916693081601834
2022-08-29,-0.0036841686808377536,-0.0037048837270191536
2022-08-30,-0.0003408971414260304,-0.0003614164963234993
2022-08-31,-0.001473923496998263,-0.0015128959746589842
2022-09-01,-0.0029976532464206663,-0.003020054326983481
2022-09-02,-0.0019023771014143576,-0.0019247096536075185
2022-09-05,-0.001925144072942906,-0.0019474312980729454
2022-09-06,0.0016320888596783052,0.0016098874364572923
2022-09-07,-0.0016312026428707996,-0.0016534115065916762
2022-09-08,0.004573408074605354,0.004551027138066283
2022-09-09,0.0026181311889452567,0.002595647714628336
2022-09-12,0.004801739080071558,0.004778946769045837
2022-09-13,-0.00369243847219493,-0.0037155011244041167
2022-09-14,-0.00681417358586781,-0.00683659838759536
2022-09-15,-0.002944030764295148,-0.0029664231821564875
2022-09-16,-0.001897849946733042,-0.0019201245821769478
2022-09-19,0.0017878456777108917,0.0017657275339145785
2022-09-20,-0.0014594103244194708,-0.0014816010248115052
2022-09-21,-0.0039045022039596597,-0.003926542788488825
2022-09-22,-0.005763834944124417,-0.005785687509155133
2022-09-23,-0.0047038693417574195,-0.004725496261682703
2022-09-26,-0.010031110874326494,-0.010052496675428338
2022-09-27,-0.00016336577413222626,-0.00018476494609934006
2022-09-28,0.0015634112940236164,0.0015420813655997428
2022-09-29,0.0013457170576010337,0.0013242328983526582
2022-09-30,0.004449075171945347,0.0044048052494100095
2022-10-03,0.0034778567056669213,0.00345391351515085
2022-10-04,0.011271606626531571,0.01124734757594851
2022-10-05,0.0015340986570013147,0.0015092713950347416
2022-10-06,-0.0015192627829677902,-0.0015440951680640114
2022-10-07,-0.007878328723338948,-0.007902998878039972
2022-10-10,-0.004540235674575043,-0.004564388608635894
2022-10-11,-0.0014245813608282586,-0.0014486506332915565
2022-10-12,-0.0025927266457700824,-0.0026166547850464
2022-10-13,0.004437789332610942,0.0044138573835680725
2022-10-14,0.0006053421632049674,0.0005811525625940223
2022-10-17,0.0017574134661509332,0.0017334576410745748
2022-10-18,0.0030269785448824244,0.003002621973992316
2022-10-19,0.00019429671738893574,0.00016972017382447597
2022-10-20,-0.0018399701816097906,-0.0018644946806965215
2022-10-21,0.0032071675483930947,0.003182768679885487
2022-10-24,0.0033540504084184374,0.003329437502976455
2022-10-25,0.0025322285439349458,0.0025073180696308863
2022-10-26,0.004813402558565647,0.004788152020958157
2022-10-27,0.0034229601178296684,0.003397904447597423
2022-10-28,-0.004374087980736836,-0.004399008203523984
2022-10-31,-0.0004934986925554619,-0.0005260913626453587
2022-11-01,0.0007557832311177073,0.0007314136380208816
2022-11-02,-0.002341767074267179,-0.002366024707977426
2022-11-03,-0.005140590591920222,-0.005164456455789765
2022-11-04,0.0054583429723779504,0.0054346485609304196
2022-11-07,0.00448532011070465,0.004461438774170995
2022-11-08,0.005958765273222078,0.005934616546873921
2022-11-09,-0.0016854062234513895,-0.0017096638646972983
2022-11-10,0.004268020008023081,0.004243993598765511
2022-11-11,0.009813331491694055,0.009788442347378723
2022-11-14,-0.00015782630110656152,-0.00018303830668861177
2022-11-15,0.0011584306365362488,0.0011332064654530768
2022-11-16,0.0006114517362816092,0.0005860652012639529
2022-11-17,-0.0017110877828193066,-0.0017363055921903999
2022-11-18,-0.001575065606269124,-0.0016002820609419188
2022-11-21,-0.0015887786453696404,-0.0016140987242088806
2022-11-22,-9.357856285884153e-05,-0.00011880255975547986
2022-11-23,0.001229917831227368,0.0012045403311236966
2022-11-24,0.003388171740245416,0.00336264264429228
2022-11-25,0.00026410685045594266,0.00023856489788929007
2022-11-28,-0.003079598324865584,-0.00310513380825726
2022-11-29,-0.00165706778203944,-0.0016823574088979409
2022-11-30,0.005976121181900261,0.005944755716664143
2022-12-01,0.00708159392909752,0.007055956617409301
2022-12-02,0.001664763750132017,0.0016391332282192771
2022-12-05,-0.003208006046164726,-0.0032336175024488397
2022-12-06,-0.003256964732807452,-0.003282397268252959
2022-12-07,-0.0008827300983632717,-0.0009078840177824358
2022-12-08,0.002487730051955243,0.0024626835075480377
2022-12-09,0.0016456988541920087,0.0016205511468711444
2022-12-12,-0.00042518296948127507,-0.0004502995201968578
2022-12-13,0.004270992333179484,0.004245750359596196
2022-12-14,0.0025468552293761945,0.0025214711765937613
2022-12-15,-0.005524604352923939,-0.00554994309917806
2022-12-16,-0.005288859912778061,-0.005313696048827667
2022-12-19,-0.0015111098789404628,-0.0015357107538162933
2022-12-20,0.0001262929286454783,0.00010184470170670791
2022-12-21,0.00023721628659171558,0.0002128677052572181
2022-12-22,-0.004829382663813001,-0.004854178073095099
2022-12-23,0.0006620122114107917,0.0006374598838724909
2022-12-26,0.0018883275847708975,0.0018637852604302643
2022-12-27,0.0003241448550439854,0.0002996368390268645
2022-12-28,-0.003159502071622028,-0.003184008819964766
2022-12-29,0.0027619851625966816,0.002737655438118936
2022-12-30,-0.00020451048420589845,-0.0002446599289606038
2023-01-02,0.0010980605537105198,0.0010716898425057525
2023-01-03,-0.0015344431977563477,-0.0015607845598237054
2023-01-04,-0.002370504646010429,-0.002396886362566505
2023-01-05,0.0005754764976928928,0.0005488542961435987
2023-01-06,0.0021471201366836615,0.00212072019493601
2023-01-09,0.006700468249074327,0.006673704793084741
2023-01-10,0.002408890453052764,0.0023820797858192973
2023-01-11,0.0041770947670998594,0.004150194903315267
2023-01-12,0.0036052629928448815,0.0035781336386475934
2023-01-13,0.0035172583866825763,0.003490085600784924
2023-01-16,-0.001261023118975458,-0.0012883285327564388
2023-01-17,0.0006746108597800573,0.0006472944988485929
2023-01-18,-0.0003833703016026968,-0.0004107411201057105
2023-01-19,-0.001025233396196468,-0.0010524533930373868
2023-01-20,0.002876099132559921,0.002849197990630212
2023-01-23,0.00487156431154788,0.00484428459114955
2023-01-24,0.0011071031213514238,0.001079600038327132
2023-01-25,0.0005077448421849478,0.00048026496513047705
2023-01-26,0.0026073200017704117,0.0025798507992370145
2023-01-27,-0.0009049728154571578,-0.0009327052578894661
2023-01-30,-0.003167139285198032,-0.0031949609680520566
2023-01-31,0.0016000111005210111,0.0015654531650234813
2023-02-01,-0.0022822187473381813,-0.002309180295739431
2023-02-02,0.006165208628636338,0.006137913797162862
2023-02-03,-0.007317803036424278,-0.007345589691865281
2023-02-06,-0.0049383670200460455,-0.004966099868505748
2023-02-07,0.0015377092343636055,0.0015102092667971844
2023-02-08,-0.0014039800370923034,-0.0014316438545338257
2023-02-09,-0.0004980028810477181,-0.000525508264601639
2023-02-10,0.00036819370563623494,0.0003407660117432454
2023-02-13,-0.0014111847870912338,-0.0014385102144174444
2023-02-14,0.002688977792532236,0.0026614038798177054
2023-02-15,-7.343287650238262e-05,-0.00010101442155553293
2023-02-16,-0.0020143706897329276,-0.0020420798004202228
2023-02-17,-0.0029362598437832855,-0.0029637620955540287
2023-02-20,0.0007144026986255047,0.0006869821301353026
2023-02-21,-0.00017634152611727838,-0.00020374536149253629
2023-02-22,-0.0017782182613808044,-0.0018055785959593226
2023-02-23,-0.0018378916863284905,-0.0018651851889059554
2023-02-24,-0.003367870932080324,-0.0033953211391043476
2023-02-27,0.00029229368806985793,0.00026511916024798195
2023-02-28,0.002716042912828599,0.0026807253514845226
2023-03-01,0.000976994638527118,0.0009491507608854694
2023-03-02,0.002549543529633057,0.0025218866860350583
2023-03-03,0.0014696972727734942,0.0014418681360722817
2023-03-06,0.001951086902301636,0.0019229144784845952
2023-03-07,-0.004326495928197715,-0.004354748231100876
2023-03-08,-0.0036117831766490863,-0.0036399130643100176
2023-03-09,-0.0003882166362006226,-0.00041639091832323586
2023-03-10,-0.0008747833946326604,-0.0009026931614861335
2023-03-13,0.0011003227563139346,0.0010727389332587868
2023-03-14,0.0010084748027284344,0.0009810570869777768
2023-03-15,-0.003413115475783294,-0.003440958756498009
2023-03-16,-0.0006482925133218408,-0.0006758936859214363
2023-03-17,0.002146508857967558,0.002118479421282932
2023-03-20,0.004380964555091073,0.004353172897133916
2023-03-21,0.0018308450149860638,0.001802950218695762
2023-03-22,0.00012046700876063487,9.226113179519314e-05
2023-03-23,0.0052358047955363436,0.005207792752503466
2023-03-24,-0.0025107141368256136,-0.002538815499382426
2023-03-27,-0.0012510798431178327,-0.0012791646618345433
2023-03-28,0.0006158825250255246,0.0005877660468986568
2023-03-29,0.004406576730443412,0.004378507048768373
2023-03-30,0.0008474961270287002,0.0008190891051700255
2023-03-31,0.004200178057171745,0.004154516544394418
2023-04-03,-0.0013191169839490797,-0.001347309553784416
2023-04-04,0.0044925564258824074,0.0044643673480955675
2023-04-05,-0.0010846139969805345,-0.0011127197409010455
2023-04-06,-0.0017323905084403839,-0.001760387191818008
2023-04-07,-0.0007704346838530497,-0.0007985134648406082
2023-04-10,0.00027692895328996147,0.0002488452354808673
2023-04-11,0.0007437767585104155,0.0007156969162200418
2023-04-12,0.001107183303004528,0.0010791728686952984
2023-04-13,0.004547632787618449,0.004519704389134622
2023-04-14,0.0010988511080891738,0.0010706524743705943
2023-04-17,-0.004510460089645352,-0.004538741349742545
2023-04-18,0.00017227859246907393,0.00014396204888163117
2023-04-19,0.0005621494917960677,0.0005338174326224499
2023-04-20,-0.0017855028303384937,-0.0018138529824410807
2023-04-21,-0.0003583476349739925,-0.0003865907547844635
2023-04-24,0.0003113177858800187,0.0002829877412551696
2023-04-25,-0.0013694680408187967,-0.0013977885258297886
2023-04-26,-0.003968200417582332,-0.003996276476290299
2023-04-27,0.003634033139241163,0.003605960742240852
2023-04-28,0.0025387774768937323,0.002502646414766177
2023-05-01,0.0006057758779395185,0.0005766885255430998
2023-05-02,-0.0029194377161896596,-0.0029484519990383654
2023-05-03,0.0004756385181278394,0.0004467523135322742
2023-05-04,-0.0006374953158326586,-0.0006663064054518966
2023-05-05,0.002056701637972773,0.00202797070581667
2023-05-08,0.0021773140354236797,0.002148248762378982
2023-05-09,-7.860820302742796e-05,-0.00010764364504621619
2023-05-10,-0.0015795872497485614,-0.0016085163664949832
2023-05-11,-0.0015968803839086945,-0.001625906668091184
2023-05-12,-0.0021341708315652506,-0.002163306914950542
2023-05-15,-0.0007141945860033338,-0.000743339155086688
2023-05-16,-0.0007060314045570627,-0.0007352156422588357
2023-05-17,0.002156186645887089,0.0021270006914295876
2023-05-18,0.00030457252132165384,0.00027521021533001165
2023-05-19,0.00033877465550423907,0.00030915889838170824
2023-05-22,0.001338677112354655,0.001309102190663634
2023-05-23,-0.002103365071885023,-0.002133013705052726
2023-05-24,-0.004123468820558194,-0.004152836015929602
2023-05-25,-0.0012680431525139732,-0.0012972208535173568
2023-05-26,0.0023890439228196466,0.0023595587945382875
2023-05-29,0.0009522936766603578,0.0009224619802452459
2023-05-30,-0.0004804956143265804,-0.0005103170894798239
2023-05-31,-0.001908887600660782,-0.0019481274979379236
2023-06-01,0.0032817173205601144,0.0032521323274910543
2023-06-02,0.004052152638126584,0.004022366132436909
2023-06-05,1.5084638440073927e-05,-1.5012395917003854e-05
2023-06-06,0.0010709045736957035,0.001040871865513833
2023-06-07,-0.0023415225646123143,-0.002371628547434859
2023-06-08,0.000672369994635488,0.0006424714038777779
2023-06-09,0.0029288477976685398,0.0028988455078336273
2023-06-12,0.0005081936642476564,0.00047808402639367033
2023-06-13,0.003947680132134925,0.003917325849844518
2023-06-14,0.0027258622953218693,0.0026953531426801556
2023-06-15,0.003933276120865931,0.0039026740959428206
2023-06-16,0.0031066250560052933,0.0030759020152370028
2023-06-19,-0.0007107335160507671,-0.0007414179411252805
2023-06-20,-0.0010911526630573163,-0.0011216983714247976
2023-06-21,-0.0008120341607830049,-0.0008425673076316836
2023-06-22,-0.0008924178144094125,-0.0009228205750778991
2023-06-23,-0.004123994499023243,-0.0041545158113451075
2023-06-26,-0.0029749085780541177,-0.003005204065034162
2023-06-27,0.0002473210337730373,0.00021713559844573714
2023-06-28,0.0031260765879060595,0.0030956195139024306
2023-06-29,-0.0025922435083822596,-0.0026227918564091543
2023-06-30,0.0020426116997740214,0.001998995918994794
2023-07-03,0.003043780577919824,0.0030141566345933167
2023-07-04,7.896708457831807e-05,4.930547912961458e-05
2023-07-05,-0.0005755449431238631,-0.0006051525101540734
2023-07-06,-0.00417472350886238,-0.004204252514416124
2023-07-07,0.001755658664821859,0.0017264592567594085
2023-07-10,0.0015033180702588784,0.0014742100868928706
2023-07-11,0.0017946656862871768,0.0017654611312140458
2023-07-12,0.002584180089069604,0.0025548179172714
2023-07-13,0.006891463363255629,0.006861869626864494
2023-07-14,0.0025835118066192164,0.002553652395386047
2023-07-17,-0.0007836895382338923,-0.0008135304459578732
2023-07-18,0.0008621711024542271,0.0008322685118317742
2023-07-19,-0.000870788248566929,-0.0009008325150604806
2023-07-20,-0.003665232144578608,-0.0036953398396496083
2023-07-21,-0.0012616815925469529,-0.0012915885599911264
2023-07-24,0.0006454797939770937,0.0006155976753959956
2023-07-25,4.5200705804501345e-05,1.5312405835384773e-05
2023-07-26,-0.00042447509199473996,-0.00045442296070255647
2023-07-27,0.0007083007985410009,0.0006784469855280097
2023-07-28,-0.0008058097322992332,-0.0008357956629978438
2023-07-31,0.003311848541913222,0.0032706444217765356
2023-08-01,-0.0002927659757505527,-0.00032310622680441236
2023-08-02,-0.004950799151595025,-0.004981090110909503
2023-08-03,-0.002456557982800799,-0.0024865600564453576
2023-08-04,1.9221033862706487e-05,-1.0651371467677446e-05
2023-08-07,0.0019858573327218025,0.0019560120357303254
2023-08-08,-0.0013050319933954366,-0.0013350532722485764
2023-08-09,-0.0017629458540452945,-0.0017928056666815008
2023-08-10,0.0010039205367810798,0.0009741955459119392
2023-08-11,-0.0015083570067559139,-0.0015382102605626437
2023-08-14,-0.0005348264646701041,-0.0005645589241530184
2023-08-15,-0.003171761097029221,-0.0032016553082910037
2023-08-16,-0.0024535852060566616,-0.002483268943352444
2023-08-17,-0.0019320890489996098,-0.001961609372853739
2023-08-18,-0.00028267858351877737,-0.0003119397698220979
2023-08-21,0.0018148287652484812,0.0017856014192161565
2023-08-22,0.0013257591784162242,0.001296341001120159
2023-08-23,0.0012669095490994182,0.001237492308081883
2023-08-24,-0.0013629568338360796,-0.0013925871995521715
2023-08-25,-0.002286079997553945,-0.002315441184803931
2023-08-28,0.002218907397161788,0.002189485959130172
2023-08-29,0.004048416240492637,0.004018790533004681
2023-08-30,0.0021097399971183985,0.0020798257269861492
2023-08-31,0.0019004039557730123,0.0018607471461187083
2023-09-01,-0.0006880626183154482,-0.0007169901109373983
2023-09-04,-0.0015100956815342307,-0.0015390017342303507
2023-09-05,0.0007072682773120863,0.0006783565564825711
2023-09-06,-0.0037431340985803856,-0.0037720188506581054
2023-09-07,-0.0017560174139659224,-0.0017847716281432341
2023-09-08,-0.0006686178159612754,-0.0006972717734806898
2023-09-11,0.0020943590953423907,0.0020656805800335688
2023-09-12,0.00014527192690193843,0.0001164587484521173
2023-09-13,-0.0004963898403974373,-0.0005250916441651132
2023-09-14,0.0024675278817045568,0.002438814915849461
2023-09-15,-0.0031966806745509628,-0.0032255971493532236
2023-09-18,0.0008613573623632001,0.0008326235612716997
2023-09-19,-0.0003619565141111563,-0.00039062693989903706
2023-09-20,-0.0005022222508348801,-0.0005308725613668739
2023-09-21,-0.0057441135765544365,-0.005772585132109725
2023-09-22,9.016788984124597e-05,6.202919530140672e-05
2023-09-25,0.00016360722664271986,0.00013549797785338558
2023-09-26,-0.004004848530475669,-0.00403296932791909
2023-09-27,-0.00021179406188814962,-0.0002396139478473662
2023-09-28,-0.0019251578085143295,-0.001952993279153782
2023-09-29,0.002036645205014528,0.002001021825182871
2023-10-02,-0.00091757086403784,-0.0009462624707718572
2023-10-03,-0.005603780589942977,-0.005632489086469919
2023-10-04,-0.0024970280783308814,-0.002525419643613299
2023-10-05,0.0009014035477704339,0.0008728012760363564
2023-10-06,0.004299227789256149,0.004270610345283579
2023-10-09,0.0022454425645586818,0.0022165881639533347
2023-10-10,0.0017038487146411277,0.0016749906254695615
2023-10-11,0.0014706752943917187,0.0014416064576386885
2023-10-12,-0.00026331236925275416,-0.0002924648458187917
2023-10-13,-0.0022105434507550424,-0.0022396593676565044
2023-10-16,-0.0017808970020990755,-0.00180972743173558
2023-10-17,0.0011818431174596504,0.0011527998389491956
2023-10-18,0.0004111705528263268,0.0003821264165067645
2023-10-19,-0.0023923947917499746,-0.002421098012835996
2023-10-20,-0.0022059237616709458,-0.00223442757649698
2023-10-23,-0.000798631668789306,-0.0008268473943026368
2023-10-24,0.0033278437709735663,0.0032995986130928186
2023-10-25,-0.0024336868566069343,-0.0024620875247357388
2023-10-26,-0.004372047636691742,-0.004400154813191432
2023-10-27,0.0026984965248602333,0.002670667113004796
2023-10-30,0.0005710619950282997,0.0005433481205345513
2023-10-31,0.002045139142299344,0.00200643367232167
2023-11-01,0.0024012733887495514,0.0023736875140555414
2023-11-02,0.004799264710207497,0.004771448750948716
2023-11-03,0.0009911222579092752,0.0009629327212319014
2023-11-06,0.004081254193933136,0.0040528718099681555
2023-11-07,-0.002396896213591412,-0.00242525426556215
2023-11-08,-0.0021686460728999137,-0.00219710637300259
2023-11-09,0.0008037983837672526,0.0007752506084583256
2023-11-10,-0.001252497453094701,-0.001280996974600988
2023-11-13,0.0020985733210849115,0.002069791869520796
2023-11-14,0.003928270907418134,0.003899513178067108
2023-11-15,0.006741526678916284,0.0067123963174547455
2023-11-16,-0.0013880195711029157,-0.0014172240264238199
2023-11-17,0.000996327183633807,0.0009671224756932253
2023-11-20,0.0031809094173431505,0.0031516306634071073
2023-11-21,0.0018349914834981313,0.0018055946726852976
2023-11-22,-0.0007605919664909073,-0.0007899030263648848
2023-11-23,-0.0006168886963975726,-0.0006463295847856628
2023-11-24,0.001849664125456897,0.0018202078883372693
2023-11-27,0.00019142464435933408,0.0001619953624262356
2023-11-28,0.0020559322918927096,0.0020265626753167634
2023-11-29,0.0018988897215502017,0.001869524463519875
2023-11-30,-0.00111035125442812,-0.0011501571682323208
2023-12-01,0.000234237777641191,0.00020554805666253057
2023-12-04,-0.0034624377714799837,-0.0034911869307921277
2023-12-05,-0.002523482034576707,-0.0025521995956025484
2023-12-06,-0.0018578711204813953,-0.0018866372246407073
2023-12-07,1.6132274085620926e-05,-1.2684370204657232e-05
2023-12-08,0.0008589877334903615,0.0008300561880838624
2023-12-11,-0.0004829455410792217,-0.0005120291458098207
2023-12-12,-0.00012255280224125647,-0.00015180175703121722
2023-12-13,0.0021191022892968966,0.002089757313658194
2023-12-14,0.004639365037310287,0.0046097921439026066
2023-12-15,0.0027708996241769903,0.0027413461727883
2023-12-18,-0.002684441940129425,-0.0027140781004921176
2023-12-19,0.002700067134817308,0.002670377408337429
2023-12-20,0.0011012532343161329,0.0010714618774112013
2023-12-21,-0.0010464624275153545,-0.0010759799189336216
2023-12-22,0.0012486362633351371,0.0012189535138748147
2023-12-25,0.00040360682818165773,0.0003738645495489511
2023-12-26,4.104661010855691e-05,1.1314294494618738e-05
2023-12-27,0.0016160053920491724,0.0015862667692343728
2023-12-28,-0.0005161989621409457,-0.0005459500131407876
2023-12-29,-0.0024110323367593886,-0.0024517993962707044
2024-01-01,-0.0008598420765986634,-0.00089052830241991
2024-01-02,-0.0002541854810580876,-0.0002848980779824442
2024-01-03,-0.002572092773962318,-0.002602813162636467
2024-01-04,1.035707022959217e-05,-2.025800724576987e-05
2024-01-05,0.0008641949996248444,0.0008336300915031956
2024-01-08,0.0011658529518648697,0.0011353161072969375
2024-01-09,-0.0005181749131208087,-0.0005490469576399174
2024-01-10,0.0011729461294622497,0.0011420851133294246
2024-01-11,0.0015923193001181287,0.0015613225396074008
2024-01-12,0.0020649567672584466,0.002033991693927896
2024-01-15,-0.000577024984878596,-0.0006080722611383071
2024-01-16,-0.0007013753926717651,-0.0007324002024707753
2024-01-17,-0.0037483738592086163,-0.0037793660791986803
2024-01-18,0.0030162147628148626,0.0029853852635823123
2024-01-19,0.003203365239876821,0.0031723322851388135
2024-01-22,0.0011226394341116155,0.0010913608960814202
2024-01-23,-0.00016326843267677846,-0.00019465963262890002
2024-01-24,0.0016057804630857696,0.0015743477737468262
2024-01-25,0.0015013653084151766,0.0014698055907351529
2024-01-26,-0.0009578752486969024,-0.0009895202674088614
2024-01-29,0.0004823123906754845,0.00045067624697793784
2024-01-30,0.0005493007504135266,0.0005174818466987546
2024-01-31,-0.0021505027660295418,-0.0021961815277047165
2024-02-01,-0.0009536439633488652,-0.000983279877967266
2024-02-02,0.0019429260328419047,0.001913082524918554
2024-02-05,-0.0030770274298370904,-0.003107170393356289
2024-02-06,-0.0001224719319107808,-0.00015256721332096966
2024-02-07,0.0015322464429651985,0.001502129372620856
2024-02-08,0.002285705598039709,0.002255449922994199
2024-02-09,0.0004591144804914403,0.00042878999013823394
2024-02-12,0.0016819584232205995,0.001651509356380457
2024-02-13,-0.0031831051597743954,-0.0032135166325092924
2024-02-14,-0.000262599045312409,-0.0002927075447578662
2024-02-15,0.003043594107512258,0.003013330735790598
2024-02-16,0.0014623065334788468,0.0014319427048940898
2024-02-19,0.0009439773334325553,0.0009136873578882653
2024-02-20,-7.893989770958062e-05,-0.00010920064168885515
2024-02-21,0.001514563931793884,0.001484323776215578
2024-02-22,0.004329206491943214,0.004298981352204081
2024-02-23,0.0002944149441748284,0.00026364543506464264
2024-02-26,-0.0005602794939830714,-0.0005910425296089243
2024-02-27,0.001025039773629956,0.0009943226422187246
2024-02-28,-0.0004862594085501805,-0.0005170368946627611
2024-02-29,-0.00025112985286909013,-0.00029288985279157575
2024-03-01,0.0028997516559739066,0.0028708016275927665
2024-03-04,0.0018882674448365004,0.0018591329329701496
2024-03-05,-0.0006547282918973581,-0.0006838296446630683
2024-03-06,0.0015563713912063793,0.0015275326648413216
2024-03-07,0.0031404731076837386,0.003111530772295048
2024-03-08,0.00043132245297863696,0.00040214493470753626
2024-03-11,-0.0006775077982529838,-0.0007065325076846775
2024-03-12,0.0001912221251549049,0.00016231536919631535
2024-03-13,0.001577751046167333,0.0015485447130754052
2024-03-14,0.0005655870773416392,0.0005365156804482322
2024-03-15,-0.0020402867631098293,-0.002069304083595943
2024-03-18,0.0016089309745063777,0.0015800954461319809
2024-03-19,0.0004729854558274791,0.0004439926214862501
2024-03-20,0.0005522577960421831,0.0005231499661536424
2024-03-21,0.003458048698431743,0.003428791272711875
2024-03-22,-0.0029341275647110747,-0.0029634817760498633
2024-03-25,-0.002026237766792584,-0.002055574156130317
2024-03-26,0.0010015697592640938,0.0009722821491210442
2024-03-27,0.0016078454251963726,0.001578597420587515
2024-03-28,6.422169658695787e-05,3.485121862222225e-05
2024-03-29,-0.001181356575295359,-0.0012184834855358962
2024-04-01,-0.00018728509056379532,-0.0002166065569736168
2024-04-02,-0.0013971661078461205,-0.0014264512223966595
2024-04-03,0.0035834916714500378,0.003554319978301875
2024-04-04,0.0020987709456895035,0.0020696415770004857
2024-04-05,0.000860610982852147,0.0008317226735915607
2024-04-08,0.0009906212570066385,0.0009616795257399237
2024-04-09,0.0017535462115111818,0.0017245797960731717
2024-04-10,-0.0005509257818468725,-0.0005798557132554288
2024-04-11,-0.0033553374117573065,-0.003384112706555204
2024-04-12,-0.001049842731639594,-0.001078754059617405
2024-04-15,-0.0028350625727368212,-0.002863690527305491
2024-04-16,-0.002847330219847394,-0.0028757498080325674
2024-04-17,-0.00224969452354865,-0.0022779853654638156
2024-04-18,0.002212081085167343,0.002183937218476555
2024-04-19,-0.0020994853907127862,-0.0021275819768745044
2024-04-22,-0.0008079474739311624,-0.000835731894201813
2024-04-23,0.0019456872222343062,0.0019176511167629062
2024-04-24,0.0024023770648827583,0.0023740499362581886
2024-04-25,0.0003632045968407048,0.0003348439394502554
2024-04-26,0.0033003726549709505,0.003272261971526788
2024-04-29,0.001740795080522786,0.0017124094429840158
2024-04-30,-0.004584536775354831,-0.004624708400180788
2024-05-01,-0.0025500192453616496,-0.002578045432782904
2024-05-02,0.0016730920935262921,0.001645118127009058
2024-05-03,0.0006797103187419655,0.0006515609255772116
2024-05-06,0.003937193966114345,0.003908729201817605
2024-05-07,0.0011459176770728424,0.0011172987794353367
2024-05-08,-0.00120826429283771,-0.0012369596480514198
2024-05-09,0.0008686069482284743,0.0008399127180562605
2024-05-10,0.002484239044892174,0.0024555243686172497
2024-05-13,-0.0001972164125419445,-0.00022590873467454798
2024-05-14,0.0029417496736519545,0.0029130692115504194
2024-05-15,0.003291886197826978,0.0032631628748035534
2024-05-16,0.0020286163591228404,0.0019997040181645113
2024-05-17,0.0019676810699527586,0.00193878150099883
2024-05-20,0.0021359485914895855,0.0021071553811202754
2024-05-21,-0.0005047945075702159,-0.0005336029324607125
2024-05-22,-0.0038016989557217167,-0.003830546117076984
2024-05-23,-0.0018430921480559904,-0.0018719574178130399
2024-05-24,-8.609406996390042e-05,-0.00011492150212537269
2024-05-27,0.0014914451548817828,0.0014625105977413696
2024-05-28,0.000512928242134204,0.00048395775314186065
2024-05-29,-0.002942586758993608,-0.0029715063756619053
2024-05-30,-0.003872483609248233,-0.003901217104561391
2024-05-31,-0.0005295973149547751,-0.0005697295697915187
2024-06-03,0.00163677877391435,0.0016075252890410368
2024-06-04,-3.09631999580292e-05,-6.027847700269906e-05
2024-06-05,0.0012782112108254999,0.0012488838705463849
2024-06-06,0.0025697813218122064,0.0025400995882096547
2024-06-07,-0.002694595828153001,-0.0027242417896726147
2024-06-10,-0.0021871708253294784,-0.0022168640343907717
2024-06-11,9.905465166639654e-05,6.937436372409069e-05
2024-06-12,0.0023298134270395947,0.002300138021972781
2024-06-13,0.0006305661144085376,0.0006006873830048816
2024-06-14,-0.0024477755239699275,-0.0024775990853480516
2024-06-17,-0.001454497849310451,-0.0014842198676726704
2024-06-18,0.002704899621844298,0.002674966137879572
2024-06-19,-0.00021799706875278005,-0.0002479867635452859
2024-06-20,0.0010946299769641215,0.0010646766286022172
2024-06-21,-0.0036500321283866885,-0.003680060083198674
2024-06-24,0.0002828194142182463,0.00025283767541616663
2024-06-25,0.0007063115836461208,0.0006764155379954995
2024-06-26,-0.0003981364955426901,-0.0004281888702651255
2024-06-27,-0.0007226148942762296,-0.000752704102247536
2024-06-28,0.0011571103470678788,0.0011163343639903208
2024-07-01,0.002580919782753939,0.002551382117779666
2024-07-02,0.0011309915208994514,0.001101377263425968
2024-07-03,0.0036769928028766315,0.0036472706062669123
2024-07-04,0.002028658749715508,0.0019987870619584437
2024-07-05,0.00036154028604015764,0.00033164693920535325
2024-07-08,-0.00024732240720625636,-0.00027720946425562444
2024-07-09,-1.4570262590491971e-05,-4.4495442971585716e-05
2024-07-10,0.001731559457749212,0.001701659455320248
2024-07-11,5.2647807025803456e-05,2.2513825784075553e-05
2024-07-12,0.0013108293738002717,0.0012809282474574408
2024-07-15,0.00038323043216748987,0.0003531449065508847
2024-07-16,-1.4768464372765032e-05,-4.481944094704087e-05
2024-07-17,-0.0030555007295227066,-0.0030855903606488728
2024-07-18,-0.0029325376119703865,-0.002962213719121499
2024-07-19,-0.004301543360551853,-0.004331149545275496
2024-07-22,0.000528850490195445,0.0004993949994767135
2024-07-23,-0.0015850924929413973,-0.0016148403592554953
2024-07-24,-0.005319670337995734,-0.005349450193566575
2024-07-25,-0.004997311760686698,-0.0050265643165889095
2024-07-26,0.00012199003469577592,9.287722211447523e-05
2024-07-29,0.0005456654318571302,0.000516279215518131
2024-07-30,-0.0011079889712595516,-0.0011373675273982317
2024-07-31,0.003975842464728546,0.003926915848859702
2024-08-01,-0.0029922987390643297,-0.0030185208300736286
2024-08-02,-0.007247895670901226,-0.007273876310049294
2024-08-05,-0.006746641319885765,-0.006772313827819783
2024-08-06,0.0022719149754200254,0.0022468596139304598
2024-08-07,0.00011356934535130866,8.814108436324794e-05
2024-08-08,0.003448448222679785,0.0034230012782116314
2024-08-09,0.0034564822427590887,0.0034307538136994936
2024-08-12,0.0010227447638769087,0.0009970361212342628
2024-08-13,0.0025027536786024628,0.002477067723973255
2024-08-14,0.0030718977037398217,0.003045902685663123
2024-08-15,0.002552003789080657,0.0025259446864658443
2024-08-16,0.0022334444723007083,0.002206989044665557
2024-08-19,0.0025739809325460946,0.0025474781316069902
2024-08-20,0.0022874653008390362,0.0022607915242873053
2024-08-21,0.0008108499066627139,0.0007841847265928793
2024-08-22,-0.0005779059622303786,-0.0006047116564807738
2024-08-23,0.0014644995117565026,0.0014378437446733417
2024-08-26,0.0029346223281975893,0.00290781043596278
2024-08-27,-0.0014295325237210508,-0.00145621337712033
2024-08-28,-0.0009824954137533882,-0.0010092437572089968
2024-08-29,-0.000267371194811067,-0.0002940513884050805
2024-08-30,-0.00036889328274769453,-0.0004208311873686239
2024-09-02,-0.0007281674429674634,-0.0007533776212055066
2024-09-03,0.00029789088397615777,0.00027267882926693257
2024-09-04,-0.004166156210526577,-0.004191279219944021
2024-09-05,-0.00029043735935810046,-0.00031546947375857173
2024-09-06,-0.0024095441016406547,-0.002434533940376617
2024-09-09,0.00023513375324765219,0.00021053516845116673
2024-09-10,-0.0024348946358427105,-0.0024597264997261318
2024-09-11,0.0015479670829387792,0.0015230665949142234
2024-09-12,0.0032143084811326154,0.0031892040090824325
2024-09-13,0.004221048506515601,0.004195769135141825
2024-09-16,-0.00017618178048033813,-0.00020152888812415866
2024-09-17,0.0025969422611145333,0.002571628424797282
2024-09-18,-0.00011186833050748764,-0.0001372000763662779
2024-09-19,0.0047632549356231395,0.00473802794466836
2024-09-20,0.002099878916685651,0.002074256097946377
2024-09-23,0.0010456531918862251,0.0010201739280060519
2024-09-24,0.0014597706050717306,0.0014342498430300076
2024-09-25,0.0016200767138773908,0.0015944872921420333
2024-09-26,0.00018229372191243376,0.00015673312550093754
2024-09-27,0.0031781756153192973,0.003152373016562345
2024-09-30,-0.002536221071680136,-0.0025720139467268173
2024-10-01,0.0003316204185917185,0.00030622370304177307
2024-10-02,-0.004072991890910118,-0.004098127709247343
2024-10-03,0.001249219305380227,0.0012240425547502376
2024-10-04,-0.00018510514859316107,-0.00021016073343787237
2024-10-07,-0.000680877150963629,-0.0007061453460302402
2024-10-08,-0.0031420765581099126,-0.003167178023234198
2024-10-09,0.0010697358827649957,0.0010443964869119142
2024-10-10,0.0003196710500269972,0.000294172377883938
2024-10-11,0.0018612871630108538,0.0018358719051305868
2024-10-14,-5.858390031958035e-06,-3.1352242988853384e-05
2024-10-15,-0.0025460002276654044,-0.0025716727200273543
2024-10-16,-0.0019491445042762962,-0.001974569140482646
2024-10-17,-0.000910122482593249,-0.0009355532315902604
2024-10-18,0.001550815519690385,0.001525335579035959
2024-10-21,0.0014009696750147047,0.0013754144611688882
2024-10-22,-0.0017150633451541708,-0.0017405438898744244
2024-10-23,-0.0024502979862649496,-0.0024757562487451243
2024-10-24,-0.0004254064439554631,-0.0004506688789757545
2024-10-25,0.0022455285561702124,0.0022201872174766385
2024-10-28,-0.0012663257281360465,-0.001291686182363255
2024-10-29,0.0008775770606387154,0.0008521226761911442
2024-10-30,0.0004756932112665742,0.00045018169571925837
2024-10-31,-0.002721359614270969,-0.0027573447422141123
2024-11-01,0.0005082776806056311,0.00048283883153056134
2024-11-04,0.0012523937055235852,0.0012268235397943665
2024-11-05,0.0009076848707006676,0.0008822431838798368
2024-11-06,0.0015677885900559957,0.0015421351544487865
2024-11-07,-0.0016996607039683348,-0.0017257028390646597
2024-11-08,0.001414962112681607,0.0013887915168345312
2024-11-11,-0.005379141300197071,-0.00540530576532216
2024-11-12,-0.0030522154157581727,-0.0030785534313099174
2024-11-13,-0.0036856190757361663,-0.0037117895254540002
2024-11-14,-0.0013608977336366092,-0.0013870726176093008
2024-11-15,-0.003059871876874767,-0.0030860537063483037
2024-11-18,0.0014413629409930778,0.001415494900911529
2024-11-19,0.002258147380604001,0.0022322307631842692
2024-11-20,0.00039421682390068126,0.0003682757172196226
2024-11-21,-0.0012108727103976621,-0.0012367707651540257
2024-11-22,-0.0012754561041537372,-0.0013014407432283244
2024-11-25,-0.0008726683823488653,-0.0008987560372999241
2024-11-26,-0.001644262885182411,-0.0016704601143445136
2024-11-27,0.0003937441523482523,0.0003675008182741809
2024-11-28,0.0027812301639794515,0.00275510740942942
2024-11-29,0.00041732314272798117,0.0003745719665224645
2024-12-02,0.0006320456877592501,0.0006038234686778129
2024-12-03,0.0008811040702769299,0.0008526989856995814
2024-12-04,0.0015860052839529058,0.0015575321743822228
2024-12-05,-0.0010367387978273586,-0.001065397681824188
2024-12-06,0.0019006315381331648,0.0018719416138713516
2024-12-09,0.0003717026950995559,0.0003428870525713466
2024-12-10,0.0010203966813365213,0.0009917218987352155
2024-12-11,0.0011006430385393795,0.0010721251273181364
2024-12-12,-0.0019568393260314815,-0.0019855468841081503
2024-12-13,-0.0005859971269580743,-0.0006146579907321306
2024-12-16,0.0008818672094502765,0.000853176833068755
2024-12-17,0.00031231219773257394,0.0002835103812907886
2024-12-18,-0.0038408838230871117,-0.0038695840814782978
2024-12-19,-0.007926632562813975,-0.007954830111113776
2024-12-20,0.0013349875206286016,0.0013068727699917333
2024-12-23,0.0019275379216541775,0.0018993417779199612
2024-12-24,0.0014578171839646184,0.001429444745995458
2024-12-25,5.2984080585350357e-05,2.4441738100753936e-05
2024-12-26,0.00026212495853135235,0.00023357831941922557
2024-12-27,-0.0003447954154151246,-0.000373357752500837
2024-12-30,-0.0008680215693064608,-0.0008963945206237983
2024-12-31,-0.0018751248725927534,-0.0019125554204882775
2025-01-02,-0.00042395292090597855,-0.00045193702236514036
2025-01-03,-0.00048528013782864876,-0.0005132394143133222
2025-01-06,0.004181718447107032,0.00415349035088609
2025-01-07,0.002113202862585124,0.002084740359588978
2025-01-08,-0.0003584759327281532,-0.0003867676979277236
2025-01-09,-0.001232967158943863,-0.0012612184740063836
2025-01-10,-0.0005252204333192438,-0.0005534958400549818
2025-01-13,-0.0022587375423449036,-0.0022869271701073056
2025-01-14,0.0009061204959470794,0.0008779515367039922
2025-01-15,0.004602560738732977,0.0045743573685020165
2025-01-16,0.0010766449366911351,0.001048104946742241
2025-01-17,0.0005049805864437831,0.00047640405404894993
2025-01-20,0.00019667827335998378,0.00016780852372419753
2025-01-21,0.004349672419219434,0.0043207897948090105
2025-01-22,0.0011431379471693193,0.0011142433332940935
2025-01-23,0.0012226552139994215,0.0011935468927801913
2025-01-24,0.00041386346615480854,0.0003846864303475253
2025-01-27,-0.0020513246427779188,-0.002080424378812293
2025-01-28,2.8114617227173e-05,-6.345495389743042e-07
2025-01-29,-0.0002922343663903621,-0.0003211725967313267
2025-01-30,0.0021244626059749414,0.002095527710839758
2025-01-31,-0.0013215110487253476,-0.0013612238110813283
2025-02-03,-0.004577632802340333,-0.0046057971961798744
2025-02-04,0.003614564679691888,0.0035867124594272633
2025-02-05,0.0013074138860208618,0.0012793515112212918
2025-02-06,0.0019741750850749405,0.0019460145080915868
2025-02-07,-0.0013157012114448025,-0.0013440669482147488
2025-02-10,0.0014142314803306686,0.0013860784552637798
2025-02-11,-0.0007346707075326849,-0.000762927645630958
2025-02-12,0.0030955494885530448,0.0030672512122321425
2025-02-13,0.00382962120156054,0.0038013633206901106
2025-02-14,-0.0008401464487691041,-0.0008686744742487245
2025-02-17,0.001575122945747183,0.0015465011393704293
2025-02-18,0.0003458654992662537,0.0003172129489388666
2025-02-19,-0.0016592198577874415,-0.0016878953358124638
2025-02-20,-0.0007923935832069525,-0.0008209985292582128
2025-02-21,-0.00019817564026424132,-0.0002266797233233835
2025-02-24,-0.00201572372327076,-0.002044010803880932
2025-02-25,-0.0029257685429281825,-0.0029539211317091856
2025-02-26,0.002867967475972711,0.0028398911193032606
2025-02-27,-0.0031935665344198757,-0.0032217489578799216
2025-02-28,-0.004104034649854893,-0.0041490578331220725
2025-03-03,0.000636882721600671,0.0006080010943162373
2025-03-04,-0.0009049270769072665,-0.0009335685060951209
2025-03-05,0.007038540713459914,0.007010197556385651
2025-03-06,0.004349452934107312,0.004320857406072743
2025-03-07,-0.002848973836459983,-0.002877233645297032
2025-03-10,-0.0034005165349258702,-0.003428849992730169
2025-03-11,-0.0010534958168819941,-0.0010813052924895609
2025-03-12,0.005951649118562784,0.005924038622619609
2025-03-13,-0.0012350098085937818,-0.0012626901137586066
2025-03-14,0.0018138161719497455,0.001786452005596047
2025-03-17,0.0033300121169320017,0.0033021955327150114
2025-03-18,0.0025469859057150462,0.002519068465849055
2025-03-19,0.0016222523387470617,0.0015945409545722975
2025-03-20,-0.0010354329502201387,-0.001063340217110753
2025-03-21,-0.0028518363352441293,-0.002879631482313938
2025-03-24,0.0008944608502984072,0.0008666249407765415
2025-03-25,0.0010567107530009034,0.0010286082795747272
2025-03-26,-0.001562742047244488,-0.0015909216901802334
2025-03-27,-0.0025508839368799247,-0.0025787867461346766
2025-03-28,-0.000585991067693453,-0.0006137883419944041
2025-03-31,-0.0016736440897076564,-0.0017181281915875889
2025-04-01,0.001091039594051812,0.0010651253499012366
2025-04-02,0.0009847138286744248,0.0009586524645982939
2025-04-03,-0.009648260451839771,-0.009674387887038715
2025-04-04,-0.013077370595733587,-0.013102673304169811
2025-04-07,-0.018245136024938963,-0.018269515059149605
2025-04-08,-7.93482071448626e-05,-0.000103625917130249
2025-04-09,0.006705585651257337,0.0066813477987626565
2025-04-10,0.006924130109119799,0.006898704505082812
2025-04-11,0.006816658137980557,0.00679159187516293
2025-04-14,0.006138636234593704,0.006113335576364719
2025-04-15,0.0020226751806571735,0.0019971702260653066
2025-04-16,0.0010554860315060818,0.0010299272354903843
2025-04-17,0.002446818532563476,0.0024217636507478262
2025-04-18,0.00036240168541793334,0.00033731605768934326
2025-04-21,-0.00046801546829473373,-0.0004931208605192461
2025-04-22,0.0035284635638492805,0.0035033834127272154
2025-04-23,-0.0023728345009367364,-0.002398240799516271
2025-04-24,0.003332627887091155,0.003306751362282805
2025-04-25,0.0029634884682596947,0.002937306205802209
2025-04-28,-0.0006459547867773107,-0.000672347514636499
2025-04-29,0.0007701924772328001,0.000743782994518
2025-04-30,-0.004026498792292935,-0.004084148920674158
2025-05-01,-0.0013148102231357022,-0.0013373534323457672
2025-05-02,0.0018021089966527419,0.0017794102841331488
2025-05-05,0.0006696294810553042,0.0006467888795196412
2025-05-06,0.001673360693433662,0.0016506098141737173
2025-05-07,6.876327632495918e-05,4.619142027438828e-05
2025-05-08,-0.0019555845250532815,-0.001978183282945471
2025-05-09,0.0012817637104339619,0.0012589717553723886
2025-05-12,0.002878624016119627,0.0028558893660673257
2025-05-13,0.0006064950907492408,0.0005832286197868746
2025-05-14,0.0021681309470841566,0.002144787416406417
2025-05-15,-0.001110050288312406,-0.0011334351389594994
2025-05-16,-0.0014377586615915829,-0.0014612037951190792
2025-05-19,0.0011674052959728775,0.00114380108474769
2025-05-20,0.0029034497740405268,0.00287987681202751
2025-05-21,-0.0015894079307960133,-0.0016129300976051625
2025-05-22,-0.0004677607060376664,-0.0004911405331338253
2025-05-23,-0.00036330666672336194,-0.0003866798430260358
2025-05-26,0.00379528431896511,0.003772157488966635
2025-05-27,0.00045077133563480026,0.00042754475965311697
2025-05-28,-0.001290756048023293,-0.001314025357893474
2025-05-29,-0.0003287437715575546,-0.000351865425553064
2025-05-30,0.00037138225750798175,0.0003371976354747908
2025-06-02,0.0015927900228460271,0.001568596646656545
2025-06-03,0.0037800472202579286,0.0037558897254871544
2025-06-04,-0.00037014553965243575,-0.00039442190821549413
2025-06-05,-2.1516253529090207e-05,-4.580974771400793e-05
2025-06-06,0.0022025921346090073,0.0021783513558032664
2025-06-09,0.000700272341398264,0.0006759000850527836
2025-06-10,0.001121448886737353,0.0010970727446300206
2025-06-11,0.0005591133429659489,0.0005346671817553143
2025-06-12,0.001516356427662685,0.0014919829917899394
2025-06-13,0.0020321569485616683,0.0020077805137319786
2025-06-16,-0.0008630924904446476,-0.0008872035889415078
2025-06-17,0.0007067779967731685,0.0006824272806132133
2025-06-18,-0.0011132082884504487,-0.00113734601533972
2025-06-19,-0.0005678421220039807,-0.0005919469530530552
2025-06-20,0.000677724832301557,0.0006537254968910227
2025-06-23,-0.003057654722893756,-0.003081695353816329
2025-06-24,0.002256799171636655,0.0022325952616026328
2025-06-25,0.000724254796376045,0.0006997226820312852
2025-06-26,0.00506108016775944,0.005036572235124665
2025-06-27,0.0006699827403991339,0.0006453908573108684
2025-06-30,0.0010293697746878222,0.0009951195861327903
2025-07-01,0.0003798922396182319,0.0003548838247278826
2025-07-02,0.0027105483519876657,0.002685632540228684
2025-07-03,-0.0012728041429452145,-0.0012977888380477235
2025-07-04,-0.0012434748172786688,-0.0012686525571429434
2025-07-07,0.00011360947168845262,8.851553119720795e-05
2025-07-08,0.0031527516273792845,0.0031275971745593025
2025-07-09,-0.000320511518658545,-0.0003455712645838589
2025-07-10,-9.221868080265666e-05,-0.00011746419198474357
2025-07-11,0.001129746024408481,0.001104490403168974
2025-07-14,-0.002066752608129535,-0.0020918370193722326
2025-07-15,-0.001506192318561962,-0.00153130224030631
2025-07-16,-0.0016185968239531574,-0.0016436947699940913
2025-07-17,0.0016722103945906554,0.0016471718534482218
2025-07-18,0.000625134773932316,0.0005998867541877965
2025-07-21,0.0009967952731239815,0.0009716204480624981
2025-07-22,0.0009725690926370613,0.0009473870254888502
2025-07-23,0.002399775735565283,0.0023746785322098347
2025-07-24,0.0026686757413118254,0.0026433273206853407
2025-07-25,-0.0013076425069331447,-0.0013330414009896444
2025-07-28,-0.0014467540356773948,-0.0014721759160083903
2025-07-29,-0.0027835358213352036,-0.0028089478277767304
2025-07-30,-0.0008935013696119822,-0.0009188628994935592
2025-07-31,-0.012609503846825229,-0.012646441065322716
2025-08-01,-0.000799693527479962,-0.0008257956693010042
2025-08-04,0.002157079094962241,0.0021312890435298145
2025-08-05,-0.00042836067590219443,-0.00045438183148922655
2025-08-06,0.0009317645098437196,0.0009057861999518689
2025-08-07,0.0032521653789002168,0.0032260400723043313
2025-08-08,0.0040021083452632744,0.003975878715729891
2025-08-11,-0.0018115694204461025,-0.0018379246971247667
2025-08-12,0.0010034640449944178,0.0009771483900906635
2025-08-13,0.0024344792786803434,0.002408009942981505
2025-08-14,0.0012879422487597496,0.0012613487584007788
2025-08-15,-0.001952983525521658,-0.001979592208107225
2025-08-18,0.0017011706706420153,0.00167454952824258
2025-08-19,-0.0026181318900475514,-0.0026447583542831563
2025-08-20,-0.0012047377333581357,-0.001231297226490847
2025-08-21,-0.0021891525616608036,-0.0022156042445232514
2025-08-22,0.0016645164217021736,0.0016380944452073123
2025-08-25,0.0022163398842906133,0.00218973367436612
2025-08-26,-0.00274201660945701,-0.0027685440866066836
2025-08-27,0.0011127973598955238,0.001086315744529141
2025-08-28,0.001163158483855948,0.0011366297332210402
2025-08-29,0.00018753373338697206,0.00015194886487613856
2025-09-01,-7.599907189102725e-05,-0.00010255324437727771
2025-09-02,0.0006190789066514267,0.000592541055187583
2025-09-03,-0.0023710834707525172,-0.0023975257063310897
2025-09-04,0.002024386399027301,0.0019978403122146208
2025-09-05,-0.00027578506088608184,-0.0003025226735374786
2025-09-08,0.0036120361001884347,0.0035853313587650443
2025-09-09,0.0018903443303802093,0.0018635422498806094
2025-09-10,-1.7977704408281305e-05,-4.4827305711732076e-05
2025-09-11,0.001912530561067665,0.0018856750638885445
2025-09-12,0.0021817260133085744,0.002154726571933878
2025-09-15,0.0012386963175451023,0.0012116738407622286
2025-09-16,0.0003928543175981573,0.0003656990486499046
2025-09-17,0.0007292652155158317,0.0007022072633411391
2025-09-18,-0.000536206220829278,-0.0005632960794514903
2025-09-19,-0.0010018026995816539,-0.0010291379814436927
2025-09-22,-0.000843027622516221,-0.0008704255425785271
2025-09-23,0.0023844974417754714,0.002357021846137985
2025-09-24,0.00035202830513566337,0.00032464376695887976
2025-09-25,-0.002045020927630874,-0.0020723434165002036
2025-09-26,-0.0012627044450977574,-0.0012899174928400969
2025-09-29,0.001633832580969054,0.0016065294899874373
2025-09-30,0.0007169990684817829,0.0006832416560686827
2025-10-01,0.0010519673709798543,0.0010244259095977845
2025-10-02,0.0010882674262607003,0.0010606290302573459
2025-10-03,0.0013386385237872938,0.0013108659846959101
2025-10-06,0.0032884077440313506,0.0032606466134161606
2025-10-07,0.0006121616969389839,0.0005843403799092468
2025-10-08,0.00017171263092955803,0.00014402373774777917
2025-10-09,-0.0013473448808739234,-0.001375135042676204
2025-10-10,-0.006872299531763457,-0.006900086193563002
2025-10-13,0.00311124528601272,0.0030840034239698663
2025-10-14,-0.0007325970828170796,-0.0007601305811976919
2025-10-15,0.0017432537336443815,0.001715811304817848
2025-10-16,0.0022439770673084525,0.0022163307067104804
2025-10-17,-0.0010891625686159315,-0.0011168074701260603
2025-10-20,0.004208492096993436,0.004180773179284559
2025-10-21,-0.0028953251976927678,-0.0029232885650960984
2025-10-22,-0.002069407039693251,-0.0020974565398036663
2025-10-23,0.0023863085912772643,0.0023584446619058673
2025-10-24,0.0018082968771174247,0.0017803830366225994
2025-10-27,0.002184083292156398,0.002156020275381343
2025-10-28,1.0447824401344028e-05,-1.7940407792391717e-05
2025-10-29,0.0008666940360542121,0.000838233501178199
2025-10-30,-0.0025378627150169746,-0.002566432762584455
2025-10-31,0.0003570761256260451,0.0003033172350557203
2025-11-03,-0.0002578418220576152,-0.0002842908533127426
2025-11-04,-0.002177991382813225,-0.0022044895332569976
2025-11-05,-0.0030233704230819883,-0.0030496354260094397
2025-11-06,-0.00013864165426817618,-0.0001650047322913186
2025-11-07,-0.00014380682876822938,-0.00016989117434721058
2025-11-10,0.0037899991522031516,0.003763956842332436
2025-11-11,0.0014329788007721965,0.0014066000947828808
2025-11-12,0.0004953206893548237,0.00046890607255343223
2025-11-13,-0.0019446522560709442,-0.0019711645314444935
2025-11-14,-0.0008943991189024877,-0.0009206077520182786
2025-11-17,-0.0015145108027813494,-0.0015406577632623305
2025-11-18,-0.0032598784373365384,-0.003285842038929685
2025-11-19,-0.00011287571818844322,-0.00013851451182209464
2025-11-20,-0.0017988954616185967,-0.0018246000822821093
2025-11-21,-0.000771024576074081,-0.0007965214992320458
2025-11-24,0.0020136062972934375,0.001988092956658117
2025-11-25,0.0017764449674280713,0.001750663419012113
2025-11-26,0.00387997211785114,0.003854047710079848
2025-11-27,0.002527446519638437,0.0025013081329714132
2025-11-28,0.0005603349877111628,0.0005258532875190503
2025-12-01,-0.0009759463650269011,-0.0010009193091898784
2025-12-02,-0.00030237257737136597,-0.00032725635142439273
2025-12-03,0.0019391494535677364,0.0019141476700775333
2025-12-04,0.0031822948133170634,0.003157255673020219
2025-12-05,7.625060629378887e-06,-1.745823347666767e-05
2025-12-08,-0.0015302678972924039,-0.0015553623940197524
2025-12-09,-0.00011726982841518129,-0.00014235652631416185
2025-12-10,0.0003756521261725122,0.0003505721890437731
2025-12-11,0.002347299001263908,0.002322179598106669
2025-12-12,-0.0015098161081259463,-0.0015349636273021027
2025-12-15,-0.0008249893950188059,-0.0008499702225461096
2025-12-16,-0.001658361895150386,-0.0016833139495543866
2025-12-17,-0.0007056046057292013,-0.0007305366158443306
2025-12-18,0.0003619168994467087,0.00033723544346542445
2025-12-19,0.0016520311581407607,0.0016271592449192747
2025-12-22,0.00212006921510907,0.002095038313198188
2025-12-23,0.002895328848873392,0.002870283949444859
2025-12-24,0.0009116430464606298,0.000886543086109105
2025-12-25,3.97987990206936e-05,1.4667723813316379e-05
2025-12-26,0.00023085714641268455,0.00020572391147810645
2025-12-29,-0.0024811958037169865,-0.002506341601511795
2025-12-30,0.0007262188768156327,0.0007010917243804563
2025-12-31,-0.0018803259298329012,-0.0019127085098979827
2026-01-02,-0.00023815813797642969,-0.00026382468999603466
2026-01-05,0.0021363860328706312,0.0021107081106653404
2026-01-06,0.002908047988450918,0.0028823146040210983
2026-01-07,-0.0015837058765704444,-0.0016095399626057515
2026-01-08,-0.0005140157447371476,-0.0005398089261117717
2026-01-09,0.0020654473392653543,0.0020397518591699147
2026-01-12,0.0013635576512131885,0.0013376487539595331
2026-01-13,0.001833958795456438,0.001808063887158126
2026-01-14,-0.0004147623641313461,-0.0004406220794493374
2026-01-15,-0.001137778080732449,-0.0011634969607610642
2026-01-16,-0.0013392109101579967,-0.001365051169183032
2026-01-19,-0.0010970956342409462,-0.0011229113008728406
2026-01-20,0.00031141361239140383,0.0002856837622450271
2026-01-21,0.0026877885649399403,0.0026621358760041186
2026-01-22,0.0016466533526116845,0.0016208366638505887
2026-01-23,0.004767744986317943,0.004741775465973331
2026-01-26,0.0025079550982442635,0.0024820363648917166
2026-01-27,0.0016919504726512966,0.0016659397913843471
2026-01-28,0.004084409568737032,0.004058254068216445
2026-01-29,0.0012373261702841398,0.0012112148569212594
2026-01-30,-0.005756267142167797,-0.005806454804531409
2026-02-02,-0.0036004528781114382,-0.0036313648273158653
2026-02-03,0.002237528273894143,0.002206449550693095
2026-02-04,-0.00033993463093972913,-0.0003707589978155234
2026-02-05,-0.003831816205105195,-0.0038623925898630183
2026-02-06,0.0008508739096703059,0.000820551638010944
2026-02-09,0.007018930757393866,0.0069881265892529
2026-02-10,0.0006846236688810847,0.0006537098162290058
2026-02-11,-0.0009341240054895717,-0.0009650506347636925
2026-02-12,-0.0034557859660876798,-0.003486740466753638
2026-02-13,-0.0008356273792844053,-0.0008662901706420195
2026-02-16,-0.00023316043864766577,-0.000263803565045181
2026-02-17,0.00021095300643580363,0.00018031776629645743
2026-02-18,0.003460510891741585,0.003429865255378716
2026-02-19,-0.0025673099126868677,-0.002598123771532147
2026-02-20,0.0014612358598146478,0.0014305221815512506
2026-02-23,0.0010322651097536123,0.0010014047799532105
2026-02-24,-0.0005812635482063846,-0.0006118896347325498
2026-02-25,0.0025817363255564883,0.0025509387741879455
2026-02-26,0.001010129148407702,0.000979099873155145
2026-02-27,-0.0007063085009168916,-0.0007501798278569706
2026-03-02,-0.0030253424536292595,-0.0030562138795000166
2026-03-03,-0.003714048478955099,-0.0037447487293227194
2026-03-04,-0.00217626868366029,-0.002206461533672901
2026-03-05,0.0016285389673792066,0.0015980836668811071
2026-03-06,0.00022368932747147193,0.00019342325530346592
2026-03-09,-0.00351310987382251,-0.0035429842368507702
2026-03-10,0.0032412043830939274,0.0032112585194328724
2026-03-11,0.001282499965595593,0.0012523552351964887
2026-03-12,-0.001257407332936013,-0.001287474818809925
2026-03-13,-0.0019672769357627195,-0.0019969107247322228
2026-03-16,-0.0033855652110074937,-0.0034150497714027866
2026-03-17,0.004015553765516651,0.003985796769810507
2026-03-18,-0.0004198646087639047,-0.00044965877760694804
2026-03-19,-0.006561169779130939,-0.006590749222263101
2026-03-20,0.0016560245484149648,0.0016266114410846196
2026-03-23,-0.004302225437783633,-0.004331182878761822
2026-03-24,0.003038479287568971,0.0030090883427193204
2026-03-25,0.002533872484007655,0.0025045955095198127
2026-03-26,-0.003883048668558358,-0.00391252391277642
2026-03-27,-0.0013918216145298143,-0.0014208523338052313
2026-03-30,-0.0012169085356525781,-0.0012455225836865158
2026-03-31,0.0017987781812779688,0.0017452231486466314
2026-04-01,0.007443308933519108,0.007416377574611665
2026-04-02,-0.0002114270243626417,-0.00023870187598490827
2026-04-03,-0.00041471271490642884,-0.00044192019115751673
2026-04-06,-0.0007456813472077711,-0.0007729160242439957
2026-04-07,0.0008727867030490809,0.0008455238880270044
2026-04-08,0.009929238557873463,0.00990198634364954
2026-04-09,0.00017684602623543218,0.00014884395536842438
2026-04-10,0.002316888626495255,0.0022888196061960847
2026-04-13,0.00032584532145834335,0.0002977540223530589
2026-04-14,0.004803648004983515,0.004775430115990628
2026-04-15,0.001959812479220303,0.0019312475523128175
2026-04-16,0.0017816215680130586,0.0017529262396577766
2026-04-17,-0.0008173356559720416,-0.0008461021731213253
2026-04-20,-0.002076100865104275,-0.0021052113052472815
2026-04-21,-5.0375908254374994e-05,-7.939495635292016e-05
2026-04-22,0.0011246504759937104,0.0010957466056289178
2026-04-23,-0.0008851402165030908,-0.0009142239472481286
2026-04-24,5.247741902859311e-05,2.3519605435194054e-05
2026-04-27,0.0012466201635185758,0.0012174144251467962
2026-04-28,-0.000757478959167263,-0.0007866841818025182
2026-04-29,0.0011427223228181408,0.0011136795698145486
2026-04-30,-5.682749928573831e-05,-0.00010691362818689407
2026-05-01,0.00011424561296441335,8.828657653332957e-05
2026-05-04,-0.0010511188329997442,-0.0010772264889058216
2026-05-05,0.0008127543100701004,0.0007866795947104019
2026-05-06,0.004450344944743639,0.0044240166641886
2026-05-07,0.0006141155264549564,0.0005874219527542034
2026-05-08,0.0011065915583695408,0.0010800021547124068
2026-05-11,0.0023456247007377067,0.0023188577166416216
2026-05-12,0.0003414891293811902,0.0003147477762417617
2026-05-13,0.0008152303566879338,0.0007886614711583479
2026-05-14,-0.000112443988178256,-0.0001391799959766679
2026-05-15,-0.005235589689721947,-0.005262450111332452
2026-05-18,-0.0023198709565480334,-0.0023465595912977553
2026-05-19,0.0006688383910114018,0.000642160762483385
2026-05-20,-0.0004525937332451223,-0.0004791439919520956
2026-05-21,0.0017675558891157895,0.0017406708617461791
2026-05-22,0.0019597049041891663,0.0019327775669248624
2026-05-25,0.0012607584839262468,0.001233703279581069
2026-05-26,4.0318626197737255e-05,1.3240032375282433e-05
2026-05-27,-0.0011486840427323052,-0.0011757563587849599
2026-05-28,0.0014743776566816511,0.0014472785115291291
2026-05-29,0.0016498159174551917,0.00161294598936712
2026-06-01,0.0017468981715535892,0.0017210332640560985
2026-06-02,0.001492944381313783,0.0014670514712732349
2026-06-03,-0.0008427625889444463,-0.0008687191813894236
2026-06-04,-0.0006955654863274424,-0.0007214299375623681
2026-06-05,-0.005936967185951382,-0.005962863671232213
2026-06-08,-0.002813489372415677,-0.0028388224869511595
2026-06-09,-0.0005617096906703851,-0.0005871388350689813
2026-06-10,-0.0025957700704883815,-0.002621135066202755
2026-06-11,0.0015951479982805237,0.001570107310098418
2026-06-12,0.004637139971096895,0.004611676481256072
2026-06-15,0.004774488931434375,0.0047488463610214525
2026-06-16,-0.0017343685987563084,-0.0017604390939014408
2026-06-17,-2.7794355293175616e-06,-2.8708285973765766e-05
2026-06-18,-0.0014019106904836736,-0.0014276953546100391
2026-06-19,-0.0008042809069219921,-0.0008304012861661144
2026-06-22,0.0010911123014915789,0.0010650265026101345
2026-06-23,-0.005695285593865782,-0.005721391455612882
2026-06-24,-0.0044375471878897,-0.0044632241924454155
2026-06-25,0.0021052843894868783,0.0020795937756076075
2026-06-26,-0.00196038673149684,-0.0019862038523189283
2026-06-29,0.0016128386147562035,0.0015871856080410362
2026-06-30,0.003203900824467402,0.003159425476833996
2026-07-01,-3.956681797515158e-05,-6.248588837436009e-05
2026-07-02,-0.001040445750132258,-0.0010632091630553811
2026-07-03,0.0011589652667884538,0.0011362628375931863
2026-07-06,0.0008253400486447895,0.0008025594903852281
2026-07-07,-0.0003888039825215034,-0.0004115599391708889
2026-07-08,-0.0029287148211223006,-0.002951223191359859
2026-07-09,0.003260592249255796,0.003238189138356437
2026-07-10,0.0010349858507648592,0.0010123856076310195
2026-07-13,-0.001785779295862147,-0.0018084292365703187
2026-07-14,0.0013519817169767427,0.0013295188565239256
2026-07-15,0.0008072555607957345,0.000784719643822509
2026-07-16,0.0004747850767861301,0.00045221462410599425
2026-07-17,-0.002285056021509028,-0.0023074668342920068
2026-07-20,-0.0006752822695562106,-0.0006974347704173325
2026-07-21,0.0034059984062420785,0.003383858324817314
2026-07-22,0.00034885805612470375,0.0003265554437479872
2026-07-23,-0.002103114208264461,-0.002125376789514504
2026-07-24,-0.0020406731623573383,-0.0020626770944650766
2026-07-27,0.00017680660586420012,0.00015482052432419177
2026-07-28,-0.002319680357562179,-0.0023416650593299426
2026-07-29,-0.0009691104084572402,-0.0009910437970742033
2026-07-30,0.003936897956893796,0.003915249664685576
2026-07-31,0.0023060080165817273,0.0022769679691975334
2026-08-03,0.0012414948666751287,0.0012188203107099357
2026-08-04,0.000944287007421069,0.0009213141582709931
2026-08-05,0.0029386394052642725,0.0029152786822566794
2026-08-06,-6.892677928182591e-05,-9.22108457985763e-05
2026-08-07,0.0006855092922920802,0.0006622431020649004
2026-08-10,0.001163975848585985,0.0011406014996991987
2026-08-11,0.0006756114489232971,0.0006522264123412935
2026-08-12,0.0003204654597896364,0.00029713884042277495
2026-08-13,0.0002650893751654951,0.000241717039915455
2026-08-14,0.00025864630918207465,0.00023512518709204727
2026-08-17,0.0013477196794417245,0.0013242232237125296
2026-08-18,-0.002025798629930165,-0.0020492265075238874
2026-08-19,-0.00020004431783976354,-0.00022325431701598498
2026-08-20,0.00044727306727426297,0.0004241274265153964
2026-08-21,0.002379246740926464,0.0023561802714912204
2026-08-24,0.0002561334063904306,0.0002330281368377108
2026-08-25,0.0005949067982279532,0.0005719206042353811
2026-08-26,-6.932567366399968e-05,-9.237245476150603e-05
2026-08-27,0.0005092276886724469,0.00048615274974161195
2026-08-28,-0.0009419936094830538,-0.0009651565764917347
2026-08-31,-0.0016568310802787885,-0.0016866421367409275
2026-09-01,-0.0011746072354700252,-0.0011979375821549302
2026-09-02,-0.0005565253698054712,-0.0005797046324143942
2026-09-03,0.00018228383436087796,0.00015910096200201295
2026-09-04,-0.00044706558716473986,-0.0004704393129692155
2026-09-07,0.001017586775546473,0.0009941445169182768
2026-09-08,-0.0009933656618195048,-0.0010168152259245147
2026-09-09,-0.0010177926340071883,-0.0010412775727396191
2026-09-10,-0.00117515175313839,-0.0011985000911367866
2026-09-11,-0.0006727254150748929,-0.0006959434294051414
2026-09-14,-0.0016611311900045366,-0.0016845019791476676
2026-09-15,-0.0009974120194887047,-0.0010206535892406897
2026-09-16,0.00011179518125966167,8.86691505404675e-05
2026-09-17,0.0006582691128666108,0.0006351642065916162
2026-09-18,0.00046367470788770377,0.0004403572442798673
2026-09-21,0.0021408756342669866,0.002117569893748792
2026-09-22,-0.0001350907877998186,-0.00016812938240311865
