date,indicator,currency,frequency,previous_value,new_value,change_direction
2016-08-01,EUR CPI YOY,EUR,monthly,0.1,0.2,increase
2016-08-01,EUR UNEMPLOYMENT,EUR,monthly,10.1,10.0,decrease
2016-08-01,NFP CHANGE,USD,monthly,247.0,373.0,increase
2016-08-01,USD CPI YOY,USD,monthly,1.0,0.8,decrease
2016-08-01,USD UNEMPLOYMENT,USD,monthly,4.9,4.8,decrease
2016-08-31,EUR UNEMPLOYMENT,EUR,monthly,10.0,9.9,decrease
2016-08-31,NFP CHANGE,USD,monthly,373.0,141.0,decrease
2016-08-31,USD CPI YOY,USD,monthly,0.8,1.1,increase
2016-08-31,USD PCE YOY,USD,monthly,0.8,0.9,increase
2016-08-31,USD UNEMPLOYMENT,USD,monthly,4.8,4.9,increase
2016-09-30,EUR CPI YOY,EUR,monthly,0.2,0.4,increase
2016-09-30,NFP CHANGE,USD,monthly,141.0,306.0,increase
2016-09-30,USD CPI YOY,USD,monthly,1.1,1.5,increase
2016-09-30,USD GDP QOQ,USD,quarterly,1.3,2.9,increase
2016-09-30,USD PCE YOY,USD,monthly,0.9,1.2,increase
2016-09-30,USD UNEMPLOYMENT,USD,monthly,4.9,5.0,increase
2016-10-31,EUR CPI YOY,EUR,monthly,0.4,0.5,increase
2016-10-31,EUR UNEMPLOYMENT,EUR,monthly,9.9,9.8,decrease
2016-10-31,NFP CHANGE,USD,monthly,306.0,98.0,decrease
2016-10-31,USD CPI YOY,USD,monthly,1.5,1.6,increase
2016-10-31,USD PCE YOY,USD,monthly,1.2,1.4,increase
2016-10-31,USD UNEMPLOYMENT,USD,monthly,5.0,4.9,decrease
2016-11-30,EUR CPI YOY,EUR,monthly,0.5,0.6,increase
2016-11-30,NFP CHANGE,USD,monthly,98.0,118.0,increase
2016-11-30,USD CPI YOY,USD,monthly,1.6,1.7,increase
2016-11-30,USD UNEMPLOYMENT,USD,monthly,4.9,4.7,decrease
2016-12-14,FED FUNDS TARGET,USD,decision,0.5,0.75,increase
2017-01-02,EUR CPI YOY,EUR,monthly,0.6,1.1,increase
2017-01-02,EUR UNEMPLOYMENT,EUR,monthly,9.8,9.7,decrease
2017-01-02,NFP CHANGE,USD,monthly,118.0,225.0,increase
2017-01-02,USD CPI YOY,USD,monthly,1.7,2.1,increase
2017-01-02,USD GDP QOQ,USD,quarterly,2.9,2.2,decrease
2017-01-02,USD PCE YOY,USD,monthly,1.4,1.7,increase
2017-01-31,EUR CPI YOY,EUR,monthly,1.1,1.7,increase
2017-01-31,EUR UNEMPLOYMENT,EUR,monthly,9.7,9.6,decrease
2017-01-31,NFP CHANGE,USD,monthly,225.0,220.0,decrease
2017-01-31,USD CPI YOY,USD,monthly,2.1,2.5,increase
2017-01-31,USD PCE YOY,USD,monthly,1.7,2.0,increase
2017-02-28,EUR CPI YOY,EUR,monthly,1.7,2.0,increase
2017-02-28,EUR UNEMPLOYMENT,EUR,monthly,9.6,9.5,decrease
2017-02-28,NFP CHANGE,USD,monthly,220.0,218.0,decrease
2017-02-28,USD CPI YOY,USD,monthly,2.5,2.7,increase
2017-02-28,USD PCE YOY,USD,monthly,2.0,2.2,increase
2017-02-28,USD UNEMPLOYMENT,USD,monthly,4.7,4.6,decrease
2017-03-15,FED FUNDS TARGET,USD,decision,0.75,1.0,increase
2017-03-31,EUR CPI YOY,EUR,monthly,2.0,1.5,decrease
2017-03-31,EUR UNEMPLOYMENT,EUR,monthly,9.5,9.4,decrease
2017-03-31,NFP CHANGE,USD,monthly,218.0,124.0,decrease
2017-03-31,USD CPI YOY,USD,monthly,2.7,2.4,decrease
2017-03-31,USD GDP QOQ,USD,quarterly,2.2,2.0,decrease
2017-03-31,USD PCE YOY,USD,monthly,2.2,1.9,decrease
2017-03-31,USD UNEMPLOYMENT,USD,monthly,4.6,4.4,decrease
2017-05-01,EUR CPI YOY,EUR,monthly,1.5,1.9,increase
2017-05-01,EUR UNEMPLOYMENT,EUR,monthly,9.4,9.3,decrease
2017-05-01,NFP CHANGE,USD,monthly,124.0,205.0,increase
2017-05-01,USD CPI YOY,USD,monthly,2.4,2.2,decrease
2017-05-01,USD PCE YOY,USD,monthly,1.9,1.8,decrease
2017-05-31,EUR CPI YOY,EUR,monthly,1.9,1.4,decrease
2017-05-31,EUR UNEMPLOYMENT,EUR,monthly,9.3,9.2,decrease
2017-05-31,USD CPI YOY,USD,monthly,2.2,1.9,decrease
2017-05-31,USD PCE YOY,USD,monthly,1.8,1.6,decrease
2017-06-14,FED FUNDS TARGET,USD,decision,1.0,1.25,increase
2017-06-30,EUR CPI YOY,EUR,monthly,1.4,1.3,decrease
2017-06-30,EUR UNEMPLOYMENT,EUR,monthly,9.2,9.1,decrease
2017-06-30,NFP CHANGE,USD,monthly,205.0,203.0,decrease
2017-06-30,USD CPI YOY,USD,monthly,1.9,1.6,decrease
2017-06-30,USD GDP QOQ,USD,quarterly,2.0,2.3,increase
2017-06-30,USD PCE YOY,USD,monthly,1.6,1.5,decrease
2017-06-30,USD UNEMPLOYMENT,USD,monthly,4.4,4.3,decrease
2017-07-31,EUR UNEMPLOYMENT,EUR,monthly,9.1,9.0,decrease
2017-07-31,NFP CHANGE,USD,monthly,203.0,189.0,decrease
2017-07-31,USD CPI YOY,USD,monthly,1.6,1.7,increase
2017-08-31,EUR CPI YOY,EUR,monthly,1.3,1.5,increase
2017-08-31,NFP CHANGE,USD,monthly,189.0,147.0,decrease
2017-08-31,USD CPI YOY,USD,monthly,1.7,1.9,increase
2017-08-31,USD PCE YOY,USD,monthly,1.5,1.6,increase
2017-08-31,USD UNEMPLOYMENT,USD,monthly,4.3,4.4,increase
2017-10-02,EUR CPI YOY,EUR,monthly,1.5,1.6,increase
2017-10-02,EUR UNEMPLOYMENT,EUR,monthly,9.0,8.9,decrease
2017-10-02,NFP CHANGE,USD,monthly,147.0,89.0,decrease
2017-10-02,USD CPI YOY,USD,monthly,1.9,2.2,increase
2017-10-02,USD GDP QOQ,USD,quarterly,2.3,3.2,increase
2017-10-02,USD PCE YOY,USD,monthly,1.6,1.8,increase
2017-10-02,USD UNEMPLOYMENT,USD,monthly,4.4,4.3,decrease
2017-10-31,EUR CPI YOY,EUR,monthly,1.6,1.4,decrease
2017-10-31,EUR UNEMPLOYMENT,EUR,monthly,8.9,8.8,decrease
2017-10-31,NFP CHANGE,USD,monthly,89.0,141.0,increase
2017-10-31,USD CPI YOY,USD,monthly,2.2,2.0,decrease
2017-10-31,USD PCE YOY,USD,monthly,1.8,1.7,decrease
2017-10-31,USD UNEMPLOYMENT,USD,monthly,4.3,4.2,decrease
2017-11-30,EUR CPI YOY,EUR,monthly,1.4,1.5,increase
2017-11-30,EUR UNEMPLOYMENT,EUR,monthly,8.8,8.7,decrease
2017-11-30,NFP CHANGE,USD,monthly,141.0,223.0,increase
2017-11-30,USD CPI YOY,USD,monthly,2.0,2.2,increase
2017-11-30,USD PCE YOY,USD,monthly,1.7,1.8,increase
2017-12-13,FED FUNDS TARGET,USD,decision,1.25,1.5,increase
2018-01-01,EUR CPI YOY,EUR,monthly,1.5,1.3,decrease
2018-01-01,NFP CHANGE,USD,monthly,223.0,151.0,decrease
2018-01-01,USD CPI YOY,USD,monthly,2.2,2.1,decrease
2018-01-01,USD GDP QOQ,USD,quarterly,3.2,4.6,increase
2018-01-01,USD UNEMPLOYMENT,USD,monthly,4.2,4.1,decrease
2018-01-31,NFP CHANGE,USD,monthly,151.0,137.0,decrease
2018-01-31,USD UNEMPLOYMENT,USD,monthly,4.1,4.0,decrease
2018-02-28,EUR CPI YOY,EUR,monthly,1.3,1.1,decrease
2018-02-28,EUR UNEMPLOYMENT,EUR,monthly,8.7,8.6,decrease
2018-02-28,NFP CHANGE,USD,monthly,137.0,394.0,increase
2018-02-28,USD CPI YOY,USD,monthly,2.1,2.2,increase
2018-02-28,USD UNEMPLOYMENT,USD,monthly,4.0,4.1,increase
2018-03-21,FED FUNDS TARGET,USD,decision,1.5,1.75,increase
2018-04-02,EUR CPI YOY,EUR,monthly,1.1,1.4,increase
2018-04-02,EUR UNEMPLOYMENT,EUR,monthly,8.6,8.5,decrease
2018-04-02,NFP CHANGE,USD,monthly,394.0,226.0,decrease
2018-04-02,USD CPI YOY,USD,monthly,2.2,2.4,increase
2018-04-02,USD GDP QOQ,USD,quarterly,4.6,3.3,decrease
2018-04-02,USD PCE YOY,USD,monthly,1.8,2.0,increase
2018-04-02,USD UNEMPLOYMENT,USD,monthly,4.1,4.0,decrease
2018-04-30,EUR CPI YOY,EUR,monthly,1.4,1.2,decrease
2018-04-30,EUR UNEMPLOYMENT,EUR,monthly,8.5,8.4,decrease
2018-04-30,NFP CHANGE,USD,monthly,226.0,140.0,decrease
2018-04-30,USD CPI YOY,USD,monthly,2.4,2.5,increase
2018-05-31,EUR CPI YOY,EUR,monthly,1.2,2.0,increase
2018-05-31,EUR UNEMPLOYMENT,EUR,monthly,8.4,8.3,decrease
2018-05-31,NFP CHANGE,USD,monthly,140.0,322.0,increase
2018-05-31,USD CPI YOY,USD,monthly,2.5,2.8,increase
2018-05-31,USD PCE YOY,USD,monthly,2.0,2.3,increase
2018-05-31,USD UNEMPLOYMENT,USD,monthly,4.0,3.8,decrease
2018-06-13,FED FUNDS TARGET,USD,decision,1.75,2.0,increase
2018-07-02,EUR UNEMPLOYMENT,EUR,monthly,8.3,8.2,decrease
2018-07-02,NFP CHANGE,USD,monthly,322.0,218.0,decrease
2018-07-02,USD CPI YOY,USD,monthly,2.8,2.9,increase
2018-07-02,USD GDP QOQ,USD,quarterly,3.3,2.1,decrease
2018-07-02,USD UNEMPLOYMENT,USD,monthly,3.8,4.0,increase
2018-07-31,EUR CPI YOY,EUR,monthly,2.0,2.2,increase
2018-07-31,EUR UNEMPLOYMENT,EUR,monthly,8.2,8.1,decrease
2018-07-31,NFP CHANGE,USD,monthly,218.0,60.0,decrease
2018-07-31,USD UNEMPLOYMENT,USD,monthly,4.0,3.8,decrease
2018-08-31,EUR CPI YOY,EUR,monthly,2.2,2.1,decrease
2018-08-31,EUR UNEMPLOYMENT,EUR,monthly,8.1,8.0,decrease
2018-08-31,NFP CHANGE,USD,monthly,60.0,257.0,increase
2018-08-31,USD CPI YOY,USD,monthly,2.9,2.7,decrease
2018-08-31,USD PCE YOY,USD,monthly,2.3,2.2,decrease
2018-09-26,FED FUNDS TARGET,USD,decision,2.0,2.25,increase
2018-10-01,NFP CHANGE,USD,monthly,257.0,81.0,decrease
2018-10-01,USD CPI YOY,USD,monthly,2.7,2.3,decrease
2018-10-01,USD GDP QOQ,USD,quarterly,2.1,2.5,increase
2018-10-01,USD PCE YOY,USD,monthly,2.2,2.0,decrease
2018-10-01,USD UNEMPLOYMENT,USD,monthly,3.8,3.7,decrease
2018-10-31,EUR CPI YOY,EUR,monthly,2.1,2.3,increase
2018-10-31,NFP CHANGE,USD,monthly,81.0,169.0,increase
2018-10-31,USD CPI YOY,USD,monthly,2.3,2.5,increase
2018-10-31,USD PCE YOY,USD,monthly,2.0,2.1,increase
2018-10-31,USD UNEMPLOYMENT,USD,monthly,3.7,3.8,increase
2018-11-30,EUR CPI YOY,EUR,monthly,2.3,1.9,decrease
2018-11-30,EUR UNEMPLOYMENT,EUR,monthly,8.0,7.9,decrease
2018-11-30,NFP CHANGE,USD,monthly,169.0,90.0,decrease
2018-11-30,USD CPI YOY,USD,monthly,2.5,2.2,decrease
2018-11-30,USD PCE YOY,USD,monthly,2.1,1.9,decrease
2018-12-19,FED FUNDS TARGET,USD,decision,2.25,2.5,increase
2018-12-31,EUR CPI YOY,EUR,monthly,1.9,1.5,decrease
2018-12-31,EUR UNEMPLOYMENT,EUR,monthly,7.9,7.8,decrease
2018-12-31,NFP CHANGE,USD,monthly,90.0,192.0,increase
2018-12-31,USD CPI YOY,USD,monthly,2.2,1.9,decrease
2018-12-31,USD GDP QOQ,USD,quarterly,2.5,0.6,decrease
2018-12-31,USD UNEMPLOYMENT,USD,monthly,3.8,3.9,increase
2019-01-31,EUR CPI YOY,EUR,monthly,1.5,1.4,decrease
2019-01-31,NFP CHANGE,USD,monthly,192.0,251.0,increase
2019-01-31,USD CPI YOY,USD,monthly,1.9,1.6,decrease
2019-01-31,USD PCE YOY,USD,monthly,1.9,1.4,decrease
2019-01-31,USD UNEMPLOYMENT,USD,monthly,3.9,4.0,increase
2019-02-28,EUR CPI YOY,EUR,monthly,1.4,1.5,increase
2019-02-28,NFP CHANGE,USD,monthly,251.0,7.0,decrease
2019-02-28,USD CPI YOY,USD,monthly,1.6,1.5,decrease
2019-02-28,USD UNEMPLOYMENT,USD,monthly,4.0,3.8,decrease
2019-04-01,EUR CPI YOY,EUR,monthly,1.5,1.4,decrease
2019-04-01,EUR UNEMPLOYMENT,EUR,monthly,7.8,7.7,decrease
2019-04-01,NFP CHANGE,USD,monthly,7.0,228.0,increase
2019-04-01,USD CPI YOY,USD,monthly,1.5,1.9,increase
2019-04-01,USD GDP QOQ,USD,quarterly,0.6,2.5,increase
2019-04-01,USD PCE YOY,USD,monthly,1.4,1.5,increase
2019-04-30,EUR CPI YOY,EUR,monthly,1.4,1.7,increase
2019-04-30,NFP CHANGE,USD,monthly,228.0,296.0,increase
2019-04-30,USD CPI YOY,USD,monthly,1.9,2.0,increase
2019-04-30,USD PCE YOY,USD,monthly,1.5,1.6,increase
2019-04-30,USD UNEMPLOYMENT,USD,monthly,3.8,3.7,decrease
2019-05-31,EUR CPI YOY,EUR,monthly,1.7,1.2,decrease
2019-05-31,EUR UNEMPLOYMENT,EUR,monthly,7.7,7.6,decrease
2019-05-31,NFP CHANGE,USD,monthly,296.0,27.0,decrease
2019-05-31,USD CPI YOY,USD,monthly,2.0,1.8,decrease
2019-05-31,USD PCE YOY,USD,monthly,1.6,1.5,decrease
2019-05-31,USD UNEMPLOYMENT,USD,monthly,3.7,3.6,decrease
2019-07-01,EUR CPI YOY,EUR,monthly,1.2,1.3,increase
2019-07-01,EUR UNEMPLOYMENT,EUR,monthly,7.6,7.5,decrease
2019-07-01,NFP CHANGE,USD,monthly,27.0,220.0,increase
2019-07-01,USD CPI YOY,USD,monthly,1.8,1.6,decrease
2019-07-01,USD GDP QOQ,USD,quarterly,2.5,3.4,increase
2019-07-01,USD PCE YOY,USD,monthly,1.5,1.4,decrease
2019-07-31,EUR CPI YOY,EUR,monthly,1.3,1.0,decrease
2019-07-31,FED FUNDS TARGET,USD,decision,2.5,2.25,decrease
2019-07-31,NFP CHANGE,USD,monthly,220.0,99.0,decrease
2019-07-31,USD CPI YOY,USD,monthly,1.6,1.8,increase
2019-07-31,USD PCE YOY,USD,monthly,1.4,1.5,increase
2019-07-31,USD UNEMPLOYMENT,USD,monthly,3.6,3.7,increase
2019-09-02,EUR UNEMPLOYMENT,EUR,monthly,7.5,7.4,decrease
2019-09-02,NFP CHANGE,USD,monthly,99.0,232.0,increase
2019-09-02,USD CPI YOY,USD,monthly,1.8,1.7,decrease
2019-09-02,USD PCE YOY,USD,monthly,1.5,1.4,decrease
2019-09-02,USD UNEMPLOYMENT,USD,monthly,3.7,3.6,decrease
2019-09-18,FED FUNDS TARGET,USD,decision,2.25,2.0,decrease
2019-09-30,EUR CPI YOY,EUR,monthly,1.0,0.8,decrease
2019-09-30,NFP CHANGE,USD,monthly,232.0,196.0,decrease
2019-09-30,USD GDP QOQ,USD,quarterly,3.4,4.8,increase
2019-09-30,USD PCE YOY,USD,monthly,1.4,1.3,decrease
2019-09-30,USD UNEMPLOYMENT,USD,monthly,3.6,3.5,decrease
2019-10-30,FED FUNDS TARGET,USD,decision,2.0,1.75,decrease
2019-10-31,EUR CPI YOY,EUR,monthly,0.8,0.7,decrease
2019-10-31,NFP CHANGE,USD,monthly,196.0,95.0,decrease
2019-10-31,USD CPI YOY,USD,monthly,1.7,1.8,increase
2019-10-31,USD UNEMPLOYMENT,USD,monthly,3.5,3.6,increase
2019-12-02,EUR CPI YOY,EUR,monthly,0.7,1.0,increase
2019-12-02,NFP CHANGE,USD,monthly,95.0,207.0,increase
2019-12-02,USD CPI YOY,USD,monthly,1.8,2.1,increase
2019-12-02,USD PCE YOY,USD,monthly,1.3,1.4,increase
2019-12-31,EUR CPI YOY,EUR,monthly,1.0,1.3,increase
2019-12-31,NFP CHANGE,USD,monthly,207.0,127.0,decrease
2019-12-31,USD CPI YOY,USD,monthly,2.1,2.3,increase
2019-12-31,USD GDP QOQ,USD,quarterly,4.8,2.8,decrease
2019-12-31,USD PCE YOY,USD,monthly,1.4,1.6,increase
2020-01-31,EUR CPI YOY,EUR,monthly,1.3,1.4,increase
2020-01-31,NFP CHANGE,USD,monthly,127.0,237.0,increase
2020-01-31,USD CPI YOY,USD,monthly,2.3,2.5,increase
2020-01-31,USD PCE YOY,USD,monthly,1.6,1.8,increase
2020-03-02,EUR CPI YOY,EUR,monthly,1.4,1.2,decrease
2020-03-02,EUR UNEMPLOYMENT,EUR,monthly,7.4,7.3,decrease
2020-03-02,NFP CHANGE,USD,monthly,237.0,262.0,increase
2020-03-02,USD CPI YOY,USD,monthly,2.5,2.3,decrease
2020-03-02,USD PCE YOY,USD,monthly,1.8,1.7,decrease
2020-03-02,USD UNEMPLOYMENT,USD,monthly,3.6,3.5,decrease
2020-03-03,FED FUNDS TARGET,USD,decision,1.75,1.25,decrease
2020-03-16,FED FUNDS TARGET,USD,decision,1.25,0.25,decrease
2020-03-31,EUR CPI YOY,EUR,monthly,1.2,0.7,decrease
2020-03-31,EUR UNEMPLOYMENT,EUR,monthly,7.3,7.2,decrease
2020-03-31,NFP CHANGE,USD,monthly,262.0,-1398.0,decrease
2020-03-31,USD CPI YOY,USD,monthly,2.3,1.5,decrease
2020-03-31,USD GDP QOQ,USD,quarterly,2.8,-5.2,decrease
2020-03-31,USD PCE YOY,USD,monthly,1.7,1.2,decrease
2020-03-31,USD UNEMPLOYMENT,USD,monthly,3.5,4.4,increase
2020-04-30,EUR CPI YOY,EUR,monthly,0.7,0.3,decrease
2020-04-30,EUR UNEMPLOYMENT,EUR,monthly,7.2,7.4,increase
2020-04-30,NFP CHANGE,USD,monthly,-1398.0,-20469.0,decrease
2020-04-30,USD CPI YOY,USD,monthly,1.5,0.3,decrease
2020-04-30,USD PCE YOY,USD,monthly,1.2,0.5,decrease
2020-04-30,USD UNEMPLOYMENT,USD,monthly,4.4,14.8,increase
2020-06-01,EUR CPI YOY,EUR,monthly,0.3,0.1,decrease
2020-06-01,EUR UNEMPLOYMENT,EUR,monthly,7.4,7.6,increase
2020-06-01,NFP CHANGE,USD,monthly,-20469.0,2614.0,increase
2020-06-01,USD CPI YOY,USD,monthly,0.3,0.1,decrease
2020-06-01,USD UNEMPLOYMENT,USD,monthly,14.8,13.2,decrease
2020-06-30,EUR CPI YOY,EUR,monthly,0.1,0.3,increase
2020-06-30,EUR UNEMPLOYMENT,EUR,monthly,7.6,8.1,increase
2020-06-30,NFP CHANGE,USD,monthly,2614.0,4631.0,increase
2020-06-30,USD CPI YOY,USD,monthly,0.1,0.6,increase
2020-06-30,USD GDP QOQ,USD,quarterly,-5.2,-28.0,decrease
2020-06-30,USD PCE YOY,USD,monthly,0.5,0.8,increase
2020-06-30,USD UNEMPLOYMENT,USD,monthly,13.2,11.0,decrease
2020-07-31,EUR CPI YOY,EUR,monthly,0.3,0.4,increase
2020-07-31,EUR UNEMPLOYMENT,EUR,monthly,8.1,8.5,increase
2020-07-31,NFP CHANGE,USD,monthly,4631.0,1584.0,decrease
2020-07-31,USD CPI YOY,USD,monthly,0.6,1.0,increase
2020-07-31,USD PCE YOY,USD,monthly,0.8,0.9,increase
2020-07-31,USD UNEMPLOYMENT,USD,monthly,11.0,10.2,decrease
2020-08-31,EUR CPI YOY,EUR,monthly,0.4,-0.2,decrease
2020-08-31,EUR UNEMPLOYMENT,EUR,monthly,8.5,8.6,increase
2020-08-31,NFP CHANGE,USD,monthly,1584.0,1566.0,decrease
2020-08-31,USD CPI YOY,USD,monthly,1.0,1.3,increase
2020-08-31,USD PCE YOY,USD,monthly,0.9,1.2,increase
2020-08-31,USD UNEMPLOYMENT,USD,monthly,10.2,8.4,decrease
2020-09-30,EUR CPI YOY,EUR,monthly,-0.2,-0.3,decrease
2020-09-30,EUR UNEMPLOYMENT,EUR,monthly,8.6,8.5,decrease
2020-09-30,NFP CHANGE,USD,monthly,1566.0,949.0,decrease
2020-09-30,USD CPI YOY,USD,monthly,1.3,1.4,increase
2020-09-30,USD GDP QOQ,USD,quarterly,-28.0,34.9,increase
2020-09-30,USD PCE YOY,USD,monthly,1.2,1.3,increase
2020-09-30,USD UNEMPLOYMENT,USD,monthly,8.4,7.8,decrease
2020-11-02,EUR UNEMPLOYMENT,EUR,monthly,8.5,8.4,decrease
2020-11-02,NFP CHANGE,USD,monthly,949.0,690.0,decrease
2020-11-02,USD CPI YOY,USD,monthly,1.4,1.2,decrease
2020-11-02,USD PCE YOY,USD,monthly,1.3,1.2,decrease
2020-11-02,USD UNEMPLOYMENT,USD,monthly,7.8,6.9,decrease
2020-11-30,EUR UNEMPLOYMENT,EUR,monthly,8.4,8.2,decrease
2020-11-30,NFP CHANGE,USD,monthly,690.0,273.0,decrease
2020-11-30,USD UNEMPLOYMENT,USD,monthly,6.9,6.7,decrease
2020-12-31,NFP CHANGE,USD,monthly,273.0,-185.0,decrease
2020-12-31,USD CPI YOY,USD,monthly,1.2,1.4,increase
2020-12-31,USD GDP QOQ,USD,quarterly,34.9,4.6,decrease
2020-12-31,USD PCE YOY,USD,monthly,1.2,1.3,increase
2021-02-01,EUR CPI YOY,EUR,monthly,-0.3,0.9,increase
2021-02-01,NFP CHANGE,USD,monthly,-185.0,315.0,increase
2021-02-01,USD PCE YOY,USD,monthly,1.3,1.6,increase
2021-02-01,USD UNEMPLOYMENT,USD,monthly,6.7,6.4,decrease
2021-03-01,NFP CHANGE,USD,monthly,315.0,517.0,increase
2021-03-01,USD CPI YOY,USD,monthly,1.4,1.7,increase
2021-03-01,USD PCE YOY,USD,monthly,1.6,1.8,increase
2021-03-01,USD UNEMPLOYMENT,USD,monthly,6.4,6.2,decrease
2021-03-31,EUR CPI YOY,EUR,monthly,0.9,1.3,increase
2021-03-31,NFP CHANGE,USD,monthly,517.0,852.0,increase
2021-03-31,USD CPI YOY,USD,monthly,1.7,2.6,increase
2021-03-31,USD GDP QOQ,USD,quarterly,4.6,5.7,increase
2021-03-31,USD PCE YOY,USD,monthly,1.8,2.7,increase
2021-03-31,USD UNEMPLOYMENT,USD,monthly,6.2,6.1,decrease
2021-04-30,EUR CPI YOY,EUR,monthly,1.3,1.6,increase
2021-04-30,NFP CHANGE,USD,monthly,852.0,355.0,decrease
2021-04-30,USD CPI YOY,USD,monthly,2.6,4.2,increase
2021-04-30,USD PCE YOY,USD,monthly,2.7,3.6,increase
2021-05-31,EUR CPI YOY,EUR,monthly,1.6,2.0,increase
2021-05-31,EUR UNEMPLOYMENT,EUR,monthly,8.2,8.1,decrease
2021-05-31,NFP CHANGE,USD,monthly,355.0,478.0,increase
2021-05-31,USD CPI YOY,USD,monthly,4.2,5.0,increase
2021-05-31,USD PCE YOY,USD,monthly,3.6,4.1,increase
2021-05-31,USD UNEMPLOYMENT,USD,monthly,6.1,5.8,decrease
2021-06-30,EUR CPI YOY,EUR,monthly,2.0,1.9,decrease
2021-06-30,EUR UNEMPLOYMENT,EUR,monthly,8.1,7.8,decrease
2021-06-30,NFP CHANGE,USD,monthly,478.0,755.0,increase
2021-06-30,USD CPI YOY,USD,monthly,5.0,5.4,increase
2021-06-30,USD GDP QOQ,USD,quarterly,5.7,7.0,increase
2021-06-30,USD PCE YOY,USD,monthly,4.1,4.3,increase
2021-06-30,USD UNEMPLOYMENT,USD,monthly,5.8,5.9,increase
2021-08-02,EUR CPI YOY,EUR,monthly,1.9,2.2,increase
2021-08-02,EUR UNEMPLOYMENT,EUR,monthly,7.8,7.6,decrease
2021-08-02,NFP CHANGE,USD,monthly,755.0,942.0,increase
2021-08-02,USD PCE YOY,USD,monthly,4.3,4.5,increase
2021-08-02,USD UNEMPLOYMENT,USD,monthly,5.9,5.4,decrease
2021-08-31,EUR CPI YOY,EUR,monthly,2.2,3.0,increase
2021-08-31,EUR UNEMPLOYMENT,EUR,monthly,7.6,7.5,decrease
2021-08-31,NFP CHANGE,USD,monthly,942.0,552.0,decrease
2021-08-31,USD CPI YOY,USD,monthly,5.4,5.3,decrease
2021-08-31,USD PCE YOY,USD,monthly,4.5,4.6,increase
2021-08-31,USD UNEMPLOYMENT,USD,monthly,5.4,5.1,decrease
2021-09-30,EUR CPI YOY,EUR,monthly,3.0,3.4,increase
2021-09-30,EUR UNEMPLOYMENT,EUR,monthly,7.5,7.4,decrease
2021-09-30,NFP CHANGE,USD,monthly,552.0,457.0,decrease
2021-09-30,USD CPI YOY,USD,monthly,5.3,5.4,increase
2021-09-30,USD GDP QOQ,USD,quarterly,7.0,3.3,decrease
2021-09-30,USD PCE YOY,USD,monthly,4.6,4.7,increase
2021-09-30,USD UNEMPLOYMENT,USD,monthly,5.1,4.7,decrease
2021-11-01,EUR CPI YOY,EUR,monthly,3.4,4.1,increase
2021-11-01,EUR UNEMPLOYMENT,EUR,monthly,7.4,7.2,decrease
2021-11-01,NFP CHANGE,USD,monthly,457.0,801.0,increase
2021-11-01,USD CPI YOY,USD,monthly,5.4,6.2,increase
2021-11-01,USD PCE YOY,USD,monthly,4.7,5.3,increase
2021-11-01,USD UNEMPLOYMENT,USD,monthly,4.7,4.5,decrease
2021-11-30,EUR CPI YOY,EUR,monthly,4.1,4.9,increase
2021-11-30,EUR UNEMPLOYMENT,EUR,monthly,7.2,7.1,decrease
2021-11-30,NFP CHANGE,USD,monthly,801.0,658.0,decrease
2021-11-30,USD CPI YOY,USD,monthly,6.2,6.8,increase
2021-11-30,USD PCE YOY,USD,monthly,5.3,5.9,increase
2021-11-30,USD UNEMPLOYMENT,USD,monthly,4.5,4.1,decrease
2021-12-31,EUR CPI YOY,EUR,monthly,4.9,5.0,increase
2021-12-31,EUR UNEMPLOYMENT,EUR,monthly,7.1,7.0,decrease
2021-12-31,NFP CHANGE,USD,monthly,658.0,586.0,decrease
2021-12-31,USD CPI YOY,USD,monthly,6.8,7.0,increase
2021-12-31,USD GDP QOQ,USD,quarterly,3.3,7.0,increase
2021-12-31,USD PCE YOY,USD,monthly,5.9,6.1,increase
2021-12-31,USD UNEMPLOYMENT,USD,monthly,4.1,3.9,decrease
2022-01-31,EUR CPI YOY,EUR,monthly,5.0,5.1,increase
2022-01-31,EUR UNEMPLOYMENT,EUR,monthly,7.0,6.9,decrease
2022-01-31,NFP CHANGE,USD,monthly,586.0,190.0,decrease
2022-01-31,USD CPI YOY,USD,monthly,7.0,7.5,increase
2022-01-31,USD PCE YOY,USD,monthly,6.1,6.3,increase
2022-01-31,USD UNEMPLOYMENT,USD,monthly,3.9,4.0,increase
2022-02-28,EUR CPI YOY,EUR,monthly,5.1,5.9,increase
2022-02-28,EUR UNEMPLOYMENT,EUR,monthly,6.9,6.8,decrease
2022-02-28,NFP CHANGE,USD,monthly,190.0,819.0,increase
2022-02-28,USD CPI YOY,USD,monthly,7.5,7.9,increase
2022-02-28,USD PCE YOY,USD,monthly,6.3,6.5,increase
2022-02-28,USD UNEMPLOYMENT,USD,monthly,4.0,3.9,decrease
2022-03-16,FED FUNDS TARGET,USD,decision,0.25,0.5,increase
2022-03-31,EUR CPI YOY,EUR,monthly,5.9,7.4,increase
2022-03-31,NFP CHANGE,USD,monthly,819.0,490.0,decrease
2022-03-31,USD CPI YOY,USD,monthly,7.9,8.5,increase
2022-03-31,USD GDP QOQ,USD,quarterly,7.0,-1.0,decrease
2022-03-31,USD PCE YOY,USD,monthly,6.5,6.9,increase
2022-03-31,USD UNEMPLOYMENT,USD,monthly,3.9,3.7,decrease
2022-05-02,EUR CPI YOY,EUR,monthly,7.4,7.5,increase
2022-05-02,NFP CHANGE,USD,monthly,490.0,308.0,decrease
2022-05-02,USD CPI YOY,USD,monthly,8.5,8.3,decrease
2022-05-02,USD PCE YOY,USD,monthly,6.9,6.7,decrease
2022-05-04,FED FUNDS TARGET,USD,decision,0.5,1.0,increase
2022-05-31,EUR CPI YOY,EUR,monthly,7.5,8.1,increase
2022-05-31,EUR UNEMPLOYMENT,EUR,monthly,6.8,6.7,decrease
2022-05-31,NFP CHANGE,USD,monthly,308.0,301.0,decrease
2022-05-31,USD CPI YOY,USD,monthly,8.3,8.6,increase
2022-05-31,USD PCE YOY,USD,monthly,6.7,6.8,increase
2022-05-31,USD UNEMPLOYMENT,USD,monthly,3.7,3.6,decrease
2022-06-15,FED FUNDS TARGET,USD,decision,1.0,1.75,increase
2022-06-30,EUR CPI YOY,EUR,monthly,8.1,8.6,increase
2022-06-30,NFP CHANGE,USD,monthly,301.0,434.0,increase
2022-06-30,USD CPI YOY,USD,monthly,8.6,9.1,increase
2022-06-30,USD GDP QOQ,USD,quarterly,-1.0,0.6,increase
2022-06-30,USD PCE YOY,USD,monthly,6.8,7.2,increase
2022-07-21,ECB REFI RATE,USD,decision,0.0,0.5,increase
2022-07-27,FED FUNDS TARGET,USD,decision,1.75,2.5,increase
2022-08-01,EUR CPI YOY,EUR,monthly,8.6,8.9,increase
2022-08-01,NFP CHANGE,USD,monthly,434.0,714.0,increase
2022-08-01,USD CPI YOY,USD,monthly,9.1,8.5,decrease
2022-08-01,USD PCE YOY,USD,monthly,7.2,6.8,decrease
2022-08-01,USD UNEMPLOYMENT,USD,monthly,3.6,3.5,decrease
2022-08-31,EUR CPI YOY,EUR,monthly,8.9,9.1,increase
2022-08-31,NFP CHANGE,USD,monthly,714.0,290.0,decrease
2022-08-31,USD CPI YOY,USD,monthly,8.5,8.3,decrease
2022-08-31,USD PCE YOY,USD,monthly,6.8,6.6,decrease
2022-08-31,USD UNEMPLOYMENT,USD,monthly,3.5,3.6,increase
2022-09-08,ECB REFI RATE,USD,decision,0.5,1.25,increase
2022-09-21,FED FUNDS TARGET,USD,decision,2.5,3.25,increase
2022-09-30,EUR CPI YOY,EUR,monthly,9.1,9.9,increase
2022-09-30,NFP CHANGE,USD,monthly,290.0,220.0,decrease
2022-09-30,USD CPI YOY,USD,monthly,8.3,8.2,decrease
2022-09-30,USD GDP QOQ,USD,quarterly,0.6,2.9,increase
2022-09-30,USD PCE YOY,USD,monthly,6.6,6.7,increase
2022-09-30,USD UNEMPLOYMENT,USD,monthly,3.6,3.5,decrease
2022-10-27,ECB REFI RATE,USD,decision,1.25,2.0,increase
2022-10-31,EUR CPI YOY,EUR,monthly,9.9,10.6,increase
2022-10-31,NFP CHANGE,USD,monthly,220.0,357.0,increase
2022-10-31,USD CPI YOY,USD,monthly,8.2,7.7,decrease
2022-10-31,USD PCE YOY,USD,monthly,6.7,6.5,decrease
2022-10-31,USD UNEMPLOYMENT,USD,monthly,3.5,3.6,increase
2022-11-02,FED FUNDS TARGET,USD,decision,3.25,4.0,increase
2022-11-30,EUR CPI YOY,EUR,monthly,10.6,10.1,decrease
2022-11-30,NFP CHANGE,USD,monthly,357.0,303.0,decrease
2022-11-30,USD CPI YOY,USD,monthly,7.7,7.1,decrease
2022-11-30,USD PCE YOY,USD,monthly,6.5,6.0,decrease
2022-12-14,FED FUNDS TARGET,USD,decision,4.0,4.5,increase
2022-12-15,ECB REFI RATE,USD,decision,2.0,2.5,increase
2023-01-02,EUR CPI YOY,EUR,monthly,10.1,9.2,decrease
2023-01-02,NFP CHANGE,USD,monthly,303.0,100.0,decrease
2023-01-02,USD CPI YOY,USD,monthly,7.1,6.5,decrease
2023-01-02,USD GDP QOQ,USD,quarterly,2.9,2.8,decrease
2023-01-02,USD PCE YOY,USD,monthly,6.0,5.5,decrease
2023-01-02,USD UNEMPLOYMENT,USD,monthly,3.6,3.5,decrease
2023-01-31,EUR CPI YOY,EUR,monthly,9.2,8.6,decrease
2023-01-31,EUR UNEMPLOYMENT,EUR,monthly,6.7,6.6,decrease
2023-01-31,NFP CHANGE,USD,monthly,100.0,434.0,increase
2023-01-31,USD CPI YOY,USD,monthly,6.5,6.4,decrease
2023-02-01,FED FUNDS TARGET,USD,decision,4.5,4.75,increase
2023-02-02,ECB REFI RATE,USD,decision,2.5,3.0,increase
2023-02-28,EUR CPI YOY,EUR,monthly,8.6,8.5,decrease
2023-02-28,NFP CHANGE,USD,monthly,434.0,290.0,decrease
2023-02-28,USD CPI YOY,USD,monthly,6.4,6.0,decrease
2023-02-28,USD PCE YOY,USD,monthly,5.5,5.2,decrease
2023-02-28,USD UNEMPLOYMENT,USD,monthly,3.5,3.6,increase
2023-03-16,ECB REFI RATE,USD,decision,3.0,3.5,increase
2023-03-22,FED FUNDS TARGET,USD,decision,4.75,5.0,increase
2023-03-31,EUR CPI YOY,EUR,monthly,8.5,6.9,decrease
2023-03-31,EUR UNEMPLOYMENT,EUR,monthly,6.6,6.5,decrease
2023-03-31,NFP CHANGE,USD,monthly,290.0,68.0,decrease
2023-03-31,USD CPI YOY,USD,monthly,6.0,5.0,decrease
2023-03-31,USD GDP QOQ,USD,quarterly,2.8,2.9,increase
2023-03-31,USD PCE YOY,USD,monthly,5.2,4.4,decrease
2023-03-31,USD UNEMPLOYMENT,USD,monthly,3.6,3.5,decrease
2023-05-01,NFP CHANGE,USD,monthly,68.0,241.0,increase
2023-05-01,USD CPI YOY,USD,monthly,5.0,4.9,decrease
2023-05-01,USD PCE YOY,USD,monthly,4.4,4.5,increase
2023-05-01,USD UNEMPLOYMENT,USD,monthly,3.5,3.4,decrease
2023-05-03,FED FUNDS TARGET,USD,decision,5.0,5.25,increase
2023-05-04,ECB REFI RATE,USD,decision,3.5,3.75,increase
2023-05-31,EUR CPI YOY,EUR,monthly,6.9,6.1,decrease
2023-05-31,NFP CHANGE,USD,monthly,241.0,280.0,increase
2023-05-31,USD CPI YOY,USD,monthly,4.9,4.0,decrease
2023-05-31,USD PCE YOY,USD,monthly,4.5,4.0,decrease
2023-05-31,USD UNEMPLOYMENT,USD,monthly,3.4,3.6,increase
2023-06-15,ECB REFI RATE,USD,decision,3.75,4.0,increase
2023-06-30,EUR CPI YOY,EUR,monthly,6.1,5.5,decrease
2023-06-30,EUR UNEMPLOYMENT,EUR,monthly,6.5,6.4,decrease
2023-06-30,NFP CHANGE,USD,monthly,280.0,225.0,decrease
2023-06-30,USD CPI YOY,USD,monthly,4.0,3.0,decrease
2023-06-30,USD GDP QOQ,USD,quarterly,2.9,2.5,decrease
2023-06-30,USD PCE YOY,USD,monthly,4.0,3.3,decrease
2023-07-26,FED FUNDS TARGET,USD,decision,5.25,5.5,increase
2023-07-27,ECB REFI RATE,USD,decision,4.0,4.25,increase
2023-07-31,EUR CPI YOY,EUR,monthly,5.5,5.3,decrease
2023-07-31,EUR UNEMPLOYMENT,EUR,monthly,6.4,6.6,increase
2023-07-31,NFP CHANGE,USD,monthly,225.0,163.0,decrease
2023-07-31,USD CPI YOY,USD,monthly,3.0,3.2,increase
2023-07-31,USD PCE YOY,USD,monthly,3.3,3.4,increase
2023-07-31,USD UNEMPLOYMENT,USD,monthly,3.6,3.5,decrease
2023-08-31,EUR CPI YOY,EUR,monthly,5.3,5.2,decrease
2023-08-31,EUR UNEMPLOYMENT,EUR,monthly,6.6,6.5,decrease
2023-08-31,NFP CHANGE,USD,monthly,163.0,218.0,increase
2023-08-31,USD CPI YOY,USD,monthly,3.2,3.7,increase
2023-08-31,USD UNEMPLOYMENT,USD,monthly,3.5,3.7,increase
2023-09-14,ECB REFI RATE,USD,decision,4.25,4.5,increase
2023-10-02,EUR CPI YOY,EUR,monthly,5.2,4.3,decrease
2023-10-02,EUR UNEMPLOYMENT,EUR,monthly,6.5,6.6,increase
2023-10-02,NFP CHANGE,USD,monthly,218.0,156.0,decrease
2023-10-02,USD GDP QOQ,USD,quarterly,2.5,4.7,increase
2023-10-31,EUR CPI YOY,EUR,monthly,4.3,2.9,decrease
2023-10-31,NFP CHANGE,USD,monthly,156.0,159.0,increase
2023-10-31,USD CPI YOY,USD,monthly,3.7,3.2,decrease
2023-10-31,USD PCE YOY,USD,monthly,3.4,3.0,decrease
2023-10-31,USD UNEMPLOYMENT,USD,monthly,3.7,3.9,increase
2023-11-30,EUR CPI YOY,EUR,monthly,2.9,2.4,decrease
2023-11-30,EUR UNEMPLOYMENT,EUR,monthly,6.6,6.5,decrease
2023-11-30,NFP CHANGE,USD,monthly,159.0,127.0,decrease
2023-11-30,USD CPI YOY,USD,monthly,3.2,3.1,decrease
2023-11-30,USD PCE YOY,USD,monthly,3.0,2.8,decrease
2023-11-30,USD UNEMPLOYMENT,USD,monthly,3.9,3.7,decrease
2024-01-01,EUR CPI YOY,EUR,monthly,2.4,2.9,increase
2024-01-01,NFP CHANGE,USD,monthly,127.0,154.0,increase
2024-01-01,USD CPI YOY,USD,monthly,3.1,3.4,increase
2024-01-01,USD GDP QOQ,USD,quarterly,4.7,3.4,decrease
2024-01-01,USD UNEMPLOYMENT,USD,monthly,3.7,3.8,increase
2024-01-31,EUR CPI YOY,EUR,monthly,2.9,2.8,decrease
2024-01-31,NFP CHANGE,USD,monthly,154.0,175.0,increase
2024-01-31,USD CPI YOY,USD,monthly,3.4,3.1,decrease
2024-01-31,USD PCE YOY,USD,monthly,2.8,2.7,decrease
2024-01-31,USD UNEMPLOYMENT,USD,monthly,3.8,3.7,decrease
2024-02-29,EUR CPI YOY,EUR,monthly,2.8,2.6,decrease
2024-02-29,NFP CHANGE,USD,monthly,175.0,206.0,increase
2024-02-29,USD CPI YOY,USD,monthly,3.1,3.2,increase
2024-02-29,USD UNEMPLOYMENT,USD,monthly,3.7,3.9,increase
2024-04-01,EUR CPI YOY,EUR,monthly,2.6,2.4,decrease
2024-04-01,EUR UNEMPLOYMENT,EUR,monthly,6.5,6.4,decrease
2024-04-01,NFP CHANGE,USD,monthly,206.0,228.0,increase
2024-04-01,USD CPI YOY,USD,monthly,3.2,3.5,increase
2024-04-01,USD GDP QOQ,USD,quarterly,3.4,0.8,decrease
2024-04-01,USD PCE YOY,USD,monthly,2.7,2.9,increase
2024-04-30,NFP CHANGE,USD,monthly,228.0,64.0,decrease
2024-04-30,USD CPI YOY,USD,monthly,3.5,3.4,decrease
2024-04-30,USD PCE YOY,USD,monthly,2.9,2.8,decrease
2024-05-31,EUR CPI YOY,EUR,monthly,2.4,2.6,increase
2024-05-31,NFP CHANGE,USD,monthly,64.0,78.0,increase
2024-05-31,USD CPI YOY,USD,monthly,3.4,3.3,decrease
2024-05-31,USD PCE YOY,USD,monthly,2.8,2.7,decrease
2024-06-06,ECB REFI RATE,USD,decision,4.5,4.25,decrease
2024-07-01,EUR CPI YOY,EUR,monthly,2.6,2.5,decrease
2024-07-01,NFP CHANGE,USD,monthly,78.0,87.0,increase
2024-07-01,USD CPI YOY,USD,monthly,3.3,3.0,decrease
2024-07-01,USD GDP QOQ,USD,quarterly,0.8,3.6,increase
2024-07-01,USD PCE YOY,USD,monthly,2.7,2.5,decrease
2024-07-01,USD UNEMPLOYMENT,USD,monthly,3.9,4.1,increase
2024-07-31,EUR CPI YOY,EUR,monthly,2.5,2.6,increase
2024-07-31,NFP CHANGE,USD,monthly,87.0,53.0,decrease
2024-07-31,USD CPI YOY,USD,monthly,3.0,2.9,decrease
2024-07-31,USD PCE YOY,USD,monthly,2.5,2.6,increase
2024-07-31,USD UNEMPLOYMENT,USD,monthly,4.1,4.2,increase
2024-09-02,EUR CPI YOY,EUR,monthly,2.6,2.2,decrease
2024-09-02,EUR UNEMPLOYMENT,EUR,monthly,6.4,6.3,decrease
2024-09-02,NFP CHANGE,USD,monthly,53.0,9.0,decrease
2024-09-02,USD CPI YOY,USD,monthly,2.9,2.5,decrease
2024-09-02,USD PCE YOY,USD,monthly,2.6,2.4,decrease
2024-09-12,ECB REFI RATE,USD,decision,4.25,3.65,decrease
2024-09-18,FED FUNDS TARGET,USD,decision,5.5,5.0,decrease
2024-09-30,EUR CPI YOY,EUR,monthly,2.2,1.7,decrease
2024-09-30,NFP CHANGE,USD,monthly,9.0,155.0,increase
2024-09-30,USD CPI YOY,USD,monthly,2.5,2.4,decrease
2024-09-30,USD GDP QOQ,USD,quarterly,3.6,3.3,decrease
2024-09-30,USD PCE YOY,USD,monthly,2.4,2.3,decrease
2024-09-30,USD UNEMPLOYMENT,USD,monthly,4.2,4.1,decrease
2024-10-17,ECB REFI RATE,USD,decision,3.65,3.4,decrease
2024-10-31,EUR CPI YOY,EUR,monthly,1.7,2.0,increase
2024-10-31,EUR UNEMPLOYMENT,EUR,monthly,6.3,6.2,decrease
2024-10-31,NFP CHANGE,USD,monthly,155.0,33.0,decrease
2024-10-31,USD CPI YOY,USD,monthly,2.4,2.6,increase
2024-10-31,USD PCE YOY,USD,monthly,2.3,2.5,increase
2024-11-07,FED FUNDS TARGET,USD,decision,5.0,4.75,decrease
2024-12-02,EUR CPI YOY,EUR,monthly,2.0,2.2,increase
2024-12-02,NFP CHANGE,USD,monthly,33.0,134.0,increase
2024-12-02,USD CPI YOY,USD,monthly,2.6,2.7,increase
2024-12-02,USD PCE YOY,USD,monthly,2.5,2.6,increase
2024-12-02,USD UNEMPLOYMENT,USD,monthly,4.1,4.2,increase
2024-12-12,ECB REFI RATE,USD,decision,3.4,3.15,decrease
2024-12-18,FED FUNDS TARGET,USD,decision,4.75,4.5,decrease
2024-12-31,EUR CPI YOY,EUR,monthly,2.2,2.4,increase
2024-12-31,NFP CHANGE,USD,monthly,134.0,237.0,increase
2024-12-31,USD CPI YOY,USD,monthly,2.7,2.9,increase
2024-12-31,USD GDP QOQ,USD,quarterly,3.3,1.9,decrease
2024-12-31,USD PCE YOY,USD,monthly,2.6,2.7,increase
2024-12-31,USD UNEMPLOYMENT,USD,monthly,4.2,4.1,decrease
2025-01-30,ECB REFI RATE,USD,decision,3.15,2.9,decrease
2025-01-31,EUR CPI YOY,EUR,monthly,2.4,2.5,increase
2025-01-31,EUR UNEMPLOYMENT,EUR,monthly,6.2,6.3,increase
2025-01-31,NFP CHANGE,USD,monthly,237.0,-48.0,decrease
2025-01-31,USD CPI YOY,USD,monthly,2.9,3.0,increase
2025-01-31,USD PCE YOY,USD,monthly,2.7,2.6,decrease
2025-01-31,USD UNEMPLOYMENT,USD,monthly,4.1,4.0,decrease
2025-02-28,EUR CPI YOY,EUR,monthly,2.5,2.3,decrease
2025-02-28,NFP CHANGE,USD,monthly,-48.0,42.0,increase
2025-02-28,USD CPI YOY,USD,monthly,3.0,2.8,decrease
2025-02-28,USD PCE YOY,USD,monthly,2.6,2.7,increase
2025-02-28,USD UNEMPLOYMENT,USD,monthly,4.0,4.2,increase
2025-03-06,ECB REFI RATE,USD,decision,2.9,2.65,decrease
2025-03-31,EUR CPI YOY,EUR,monthly,2.3,2.2,decrease
2025-03-31,NFP CHANGE,USD,monthly,42.0,67.0,increase
2025-03-31,USD CPI YOY,USD,monthly,2.8,2.4,decrease
2025-03-31,USD GDP QOQ,USD,quarterly,1.9,-0.6,decrease
2025-03-31,USD PCE YOY,USD,monthly,2.7,2.4,decrease
2025-04-17,ECB REFI RATE,USD,decision,2.65,2.4,decrease
2025-04-30,NFP CHANGE,USD,monthly,67.0,108.0,increase
2025-04-30,USD CPI YOY,USD,monthly,2.4,2.3,decrease
2025-04-30,USD PCE YOY,USD,monthly,2.4,2.3,decrease
2025-06-02,EUR CPI YOY,EUR,monthly,2.2,1.9,decrease
2025-06-02,NFP CHANGE,USD,monthly,108.0,13.0,decrease
2025-06-02,USD CPI YOY,USD,monthly,2.3,2.4,increase
2025-06-02,USD PCE YOY,USD,monthly,2.3,2.5,increase
2025-06-02,USD UNEMPLOYMENT,USD,monthly,4.2,4.3,increase
2025-06-05,ECB REFI RATE,USD,decision,2.4,2.15,decrease
2025-06-30,EUR CPI YOY,EUR,monthly,1.9,2.0,increase
2025-06-30,NFP CHANGE,USD,monthly,13.0,-20.0,decrease
2025-06-30,USD CPI YOY,USD,monthly,2.4,2.7,increase
2025-06-30,USD GDP QOQ,USD,quarterly,-0.6,3.8,increase
2025-06-30,USD PCE YOY,USD,monthly,2.5,2.6,increase
2025-06-30,USD UNEMPLOYMENT,USD,monthly,4.3,4.1,decrease
2025-07-31,NFP CHANGE,USD,monthly,-20.0,64.0,increase
2025-07-31,USD UNEMPLOYMENT,USD,monthly,4.1,4.3,increase
2025-09-01,NFP CHANGE,USD,monthly,64.0,-70.0,decrease
2025-09-01,USD CPI YOY,USD,monthly,2.7,2.9,increase
2025-09-01,USD PCE YOY,USD,monthly,2.6,2.7,increase
2025-09-17,FED FUNDS TARGET,USD,decision,4.5,4.25,decrease
2025-09-30,EUR CPI YOY,EUR,monthly,2.0,2.2,increase
2025-09-30,NFP CHANGE,USD,monthly,-70.0,76.0,increase
2025-09-30,USD CPI YOY,USD,monthly,2.9,3.0,increase
2025-09-30,USD GDP QOQ,USD,quarterly,3.8,4.4,increase
2025-09-30,USD PCE YOY,USD,monthly,2.7,2.8,increase
2025-09-30,USD UNEMPLOYMENT,USD,monthly,4.3,4.4,increase
2025-10-29,FED FUNDS TARGET,USD,decision,4.25,4.0,decrease
2025-10-31,EUR CPI YOY,EUR,monthly,2.2,2.1,decrease
2025-10-31,NFP CHANGE,USD,monthly,76.0,-140.0,decrease
2025-10-31,USD PCE YOY,USD,monthly,2.8,2.7,decrease
2025-12-01,NFP CHANGE,USD,monthly,-140.0,41.0,increase
2025-12-01,USD CPI YOY,USD,monthly,3.0,2.7,decrease
2025-12-01,USD PCE YOY,USD,monthly,2.7,2.8,increase
2025-12-01,USD UNEMPLOYMENT,USD,monthly,4.4,4.5,increase
2025-12-10,FED FUNDS TARGET,USD,decision,4.0,3.75,decrease
2025-12-31,EUR CPI YOY,EUR,monthly,2.1,2.0,decrease
2025-12-31,NFP CHANGE,USD,monthly,41.0,-17.0,decrease
2025-12-31,USD GDP QOQ,USD,quarterly,4.4,0.5,decrease
2025-12-31,USD PCE YOY,USD,monthly,2.8,2.9,increase
2025-12-31,USD UNEMPLOYMENT,USD,monthly,4.5,4.4,decrease
2026-02-02,EUR CPI YOY,EUR,monthly,2.0,1.7,decrease
2026-02-02,NFP CHANGE,USD,monthly,-17.0,160.0,increase
2026-02-02,USD CPI YOY,USD,monthly,2.7,2.4,decrease
2026-02-02,USD UNEMPLOYMENT,USD,monthly,4.4,4.3,decrease
2026-03-02,EUR CPI YOY,EUR,monthly,1.7,1.9,increase
2026-03-02,EUR UNEMPLOYMENT,EUR,monthly,6.3,6.4,increase
2026-03-02,NFP CHANGE,USD,monthly,160.0,-156.0,decrease
2026-03-02,USD UNEMPLOYMENT,USD,monthly,4.3,4.4,increase
2026-03-31,EUR CPI YOY,EUR,monthly,1.9,2.6,increase
2026-03-31,EUR UNEMPLOYMENT,EUR,monthly,6.4,6.3,decrease
2026-03-31,NFP CHANGE,USD,monthly,-156.0,214.0,increase
2026-03-31,USD CPI YOY,USD,monthly,2.4,3.3,increase
2026-03-31,USD GDP QOQ,USD,quarterly,0.5,2.1,increase
2026-03-31,USD PCE YOY,USD,monthly,2.9,3.5,increase
2026-03-31,USD UNEMPLOYMENT,USD,monthly,4.4,4.3,decrease
2026-04-30,EUR CPI YOY,EUR,monthly,2.6,3.0,increase
2026-04-30,EUR UNEMPLOYMENT,EUR,monthly,6.3,6.2,decrease
2026-04-30,NFP CHANGE,USD,monthly,214.0,148.0,decrease
2026-04-30,USD CPI YOY,USD,monthly,3.3,3.8,increase
2026-04-30,USD PCE YOY,USD,monthly,3.5,3.8,increase
2026-06-01,EUR CPI YOY,EUR,monthly,3.0,3.2,increase
2026-06-01,NFP CHANGE,USD,monthly,148.0,129.0,decrease
2026-06-01,USD CPI YOY,USD,monthly,3.8,4.2,increase
2026-06-01,USD PCE YOY,USD,monthly,3.8,4.1,increase
2026-06-11,ECB REFI RATE,USD,decision,2.15,2.4,increase
2026-06-30,EUR CPI YOY,EUR,monthly,3.2,2.8,decrease
2026-06-30,NFP CHANGE,USD,monthly,129.0,57.0,decrease
2026-06-30,USD UNEMPLOYMENT,USD,monthly,4.3,4.2,decrease
