open_time,position_id,symbol,direction,volume,entry,sl,tp,close_time,close_price,commission,swap,profit
2026-08-26 18:47:42,247287050,XAUUSD,sell,0.04,4606.99,4621.0,4545.0,2026-08-26 19:40:00,4587.39,0,0.0,78.4
2026-08-26 19:28:32,247309813,EURUSD,sell,0.08,1.16522,1.16594,1.16412,2026-08-27 04:22:20,1.16594,0,0.68,-5.76
2026-08-27 18:15:59,247600511,XAUUSD,sell,0.02,4596.17,4610.0,4550.0,2026-08-27 18:54:53,4610.05,0,0.0,-27.76
2026-08-27 19:04:47,247618236,USDCAD,sell,0.08,1.3857,1.38697,1.38472,2026-08-28 13:54:26,1.38472,0,-0.47,5.66
2026-08-27 19:06:30,247618722,XAUUSD,buy,0.02,4607.96,4596.0,4645.0,2026-08-28 02:48:53,4595.99,0,-1.28,-23.94
2026-08-31 16:08:54,248179581,XAUUSD,sell,0.03,4445.06,4438.33,4390.0,2026-08-31 16:52:56,4420.16,0,0.0,74.7
2026-08-31 17:02:39,248204610,EURUSD,sell,0.08,1.15959,1.16034,1.15846,2026-08-31 17:19:13,1.16034,0,0.0,-6.0
2026-08-31 17:32:47,248214741,XAUUSD,sell,0.03,4425.99,4441.0,4395.0,2026-08-31 22:25:07,4441.34,0,0.0,-46.05
2026-08-31 22:38:19,248270169,XAUUSD,sell,0.03,4444.99,4448.49,4410.0,2026-08-31 22:42:36,4440.33,0,0.0,13.98
2026-08-31 22:46:57,248271863,XAUUSD,sell,0.03,4445.19,4459.0,4415.0,2026-09-01 03:20:53,4459.2,0,1.18,-42.03
2026-09-01 17:09:11,248508546,XAUUSD,sell,0.03,4367.02,4366.53,4330.0,2026-09-01 19:37:12,4351.44,0,0.0,46.74
2026-09-01 18:03:46,248533818,EURUSD,sell,0.08,1.15961,1.15998,1.15815,2026-09-01 19:34:00,1.15863,0,0.0,7.84
2026-09-01 18:03:46,248533819,GBPUSD,sell,0.08,1.35325,1.3538,1.35155,2026-09-01 19:34:11,1.35236,0,0.0,7.12
2026-09-02 16:26:28,248814817,XAUUSD,sell,0.03,4352.17,4362.0,4285.0,2026-09-02 16:30:17,4362.19,0,0.0,-30.06
2026-09-02 16:34:35,248827380,XAUUSD,sell,0.03,4365.1,4386.46,4305.0,2026-09-02 17:05:09,4386.49,0,0.0,-64.17
2026-09-02 23:04:18,248926276,XAUUSD,sell,0.03,4389.99,4396.0,4355.0,2026-09-03 03:59:52,4396.2,0,3.55,-18.63
2026-09-03 17:41:03,249173577,XAUUSD,sell,0.01,4467.11,4476.0,4430.0,2026-09-03 17:46:05,4476.12,0,0.0,-9.01
2026-09-03 18:17:44,249193492,XAUUSD,buy,0.05,4504.73,4490.0,4530.0,2026-09-03 18:48:00,4489.98,0,0.0,-73.75
2026-09-03 19:25:16,249213031,XAUUSD,sell,0.02,4493.51,4505.0,4450.0,2026-09-03 19:32:15,4490.64,0,0.0,5.74
2026-09-03 20:10:01,249222448,XAUUSD,sell,0.48,4486.25,4482.21,4425.0,2026-09-03 21:38:09,4482.44,0,0.0,182.88
2026-09-03 23:38:36,249249363,XAUUSD,buy,0.5,4471.7,4471.61,4500.0,2026-09-03 23:43:25,4472.66,0,0.0,48.0
2026-09-03 23:48:20,249249617,XAUUSD,buy,0.5,4472.89,4478.19,4500.0,2026-09-04 03:16:13,4478.16,0,-31.94,263.5
2026-09-04 16:40:27,249457007,XAUUSD,buy,0.01,4409.46,4390.0,4445.0,2026-09-04 16:43:52,4417.9,0,0.0,8.44
2026-09-04 17:32:30,249480402,XAUUSD,buy,0.55,4438.35,4410.0,4465.0,2026-09-04 17:34:58,4439.62,0,0.0,69.85
2026-09-04 17:38:36,249482864,XAUUSD,buy,0.55,4432.1,4410.0,4450.0,2026-09-04 18:05:46,4433.38,0,0.0,70.4
2026-09-04 18:33:31,249499880,XAUUSD,buy,0.55,4439.53,4432.0,4465.0,2026-09-04 18:41:58,4443.86,0,0.0,238.15
2026-09-04 19:00:10,249506208,XAUUSD,buy,0.4,4436.98,4432.7,4450.0,2026-09-04 19:10:19,4432.46,0,0.0,-180.8
2026-09-04 19:35:38,249514248,XAUUSD,sell,0.1,4437.84,4440.07,4395.0,2026-09-04 20:20:05,4440.08,0,0.0,-22.4
2026-09-04 20:40:33,249526417,XAUUSD,sell,0.3,4421.13,4423.55,,2026-09-04 21:22:01,4423.76,0,0.0,-78.9
2026-09-04 22:20:06,249541021,XAUUSD,sell,0.7,4427.82,4425.47,4370.0,2026-09-07 03:45:02,4425.48,0,27.62,163.8
2026-09-07 04:31:36,249594507,XAUUSD,sell,0.6,4407.1,4416.92,4389.0,2026-09-07 04:52:24,4417.12,0,0.0,-601.2
2026-09-07 05:01:57,249600379,XAUUSD,sell,0.6,4405.59,,,2026-09-07 05:40:01,4418.35,0,0.0,-765.6
2026-09-07 06:25:08,249613186,XAUUSD,sell,0.1,4409.35,4434.04,4326.9,2026-09-07 06:45:24,4402.48,0,0.0,68.7
2026-09-07 06:51:06,249616442,XAUUSD,sell,0.35,4403.51,4410.0,4381.0,2026-09-07 06:58:07,4402.95,0,0.0,19.6
2026-09-07 07:31:14,249620850,XAUUSD,sell,0.43,4401.35,4409.79,4381.0,2026-09-07 07:34:57,4397.84,0,0.0,150.93
2026-09-07 07:37:11,249621895,XAUUSD,sell,0.6,4395.71,4404.66,,2026-09-07 07:38:28,4396.72,0,0.0,-60.6
2026-09-07 07:40:58,249622466,XAUUSD,sell,0.3,4396.23,4410.0,4381.0,2026-09-07 08:27:40,4407.61,0,0.0,-341.4
2026-09-07 18:03:03,249765561,XAUUSD,buy,0.45,4414.01,4407.0,4422.0,2026-09-07 19:14:10,4416.89,0,0.0,129.6
2026-09-08 05:07:37,249844397,XAUUSD,buy,0.35,4433.36,4424.5,4455.0,2026-09-08 05:28:43,4424.48,0,0.0,-310.8
2026-09-08 05:35:17,249849104,XAUUSD,buy,0.61,4423.48,4417.58,4440.0,2026-09-08 06:23:13,4437.71,0,0.0,868.03
2026-09-08 18:49:29,250066127,XAUUSD,sell,0.55,4397.32,4404.0,4376.0,2026-09-08 19:00:46,4395.14,0,0.0,119.9
2026-09-08 20:17:44,250093868,XAUUSD,sell,0.18,4397.1,4402.0,4386.0,2026-09-08 20:20:13,4395.56,0,0.0,27.72
2026-09-08 20:21:47,250094601,XAUUSD,sell,0.88,4394.8,4394.77,4380.0,2026-09-08 20:28:59,4394.78,0,0.0,1.76
2026-09-08 20:34:44,250096649,XAUUSD,sell,0.78,4393.07,4388.52,4381.0,2026-09-08 20:50:28,4388.62,0,0.0,347.1
2026-09-08 21:09:58,250102321,XAUUSD,buy,0.97,4385.08,4381.91,4411.0,2026-09-08 21:25:33,4385.9,0,0.0,79.54
2026-09-08 21:44:30,250108976,XAUUSD,buy,0.77,4385.21,4378.5,4411.5,2026-09-08 21:48:21,4378.37,0,0.0,-526.68
2026-09-08 22:14:26,250127274,XAUUSD,sell,0.47,4371.45,4382.0,4340.0,2026-09-08 22:18:05,4368.5,0,0.0,138.65
2026-09-09 01:13:00,250149571,XAUUSD,buy,0.45,4356.74,4343.0,4390.0,2026-09-09 03:22:43,4342.84,0,0.0,-625.5
2026-09-09 03:52:17,250170829,XAUUSD,buy,0.78,4357.98,,,2026-09-09 03:57:29,4360.01,0,0.0,158.34
2026-09-09 03:58:59,250171668,XAUUSD,buy,0.78,4362.16,,,2026-09-09 04:10:37,4366.91,0,0.0,370.5
2026-09-09 04:13:54,250175760,XAUUSD,sell,0.48,4366.85,,,2026-09-09 04:18:47,4364.77,0,0.0,99.84
2026-09-09 04:20:02,250176611,XAUUSD,sell,0.88,4365.89,4371.0,4346.0,2026-09-09 04:27:51,4371.13,0,0.0,-461.12
2026-09-09 04:30:15,250178204,XAUUSD,sell,1.3,4370.93,4378.95,4346.0,2026-09-09 05:49:03,4378.49,0,0.0,-982.8
2026-09-09 07:10:15,250194211,XAUUSD,buy,0.33,4371.99,4364.0,4449.78,2026-09-09 14:03:10,4401.89,0,0.0,986.7
2026-09-09 15:01:38,250316179,XAUUSD,sell,0.33,4407.14,4406.9,,2026-09-09 15:08:02,4403.32,0,0.0,126.06
2026-09-09 15:14:02,250321444,XAUUSD,sell,0.44,4399.88,4405.04,4387.9,2026-09-09 15:27:29,4395.64,0,0.0,186.56
2026-09-09 15:57:20,250330446,XAUUSD,sell,0.44,4401.0,4406.0,4386.0,2026-09-09 16:02:41,4406.06,0,0.0,-222.64
2026-09-09 16:18:56,250342778,XAUUSD,buy,0.61,4413.5,4430.12,,2026-09-09 16:35:01,4429.87,0,0.0,998.57
2026-09-09 16:46:00,250360864,XAUUSD,buy,0.4,4417.11,4420.03,4435.0,2026-09-09 16:51:34,4421.92,0,0.0,192.4
2026-09-09 16:57:16,250365765,XAUUSD,buy,0.7,4413.07,4414.16,4423.0,2026-09-09 17:02:21,4419.56,0,0.0,454.3
2026-09-09 17:08:01,250371141,XAUUSD,sell,0.95,4423.88,4420.78,4408.0,2026-09-09 17:14:17,4420.8,0,0.0,292.6
2026-09-09 17:17:35,250374557,XAUUSD,buy,0.88,4417.88,4422.05,4434.56,2026-09-09 17:31:17,4422.04,0,0.0,366.08
2026-09-09 17:50:11,250385121,XAUUSD,buy,0.87,4420.58,4420.77,4435.0,2026-09-09 18:01:19,4419.73,0,0.0,-73.95
2026-09-09 18:05:43,250394965,XAUUSD,buy,0.87,4392.01,4386.0,4412.0,2026-09-09 18:05:54,4385.92,0,0.0,-529.83
2026-09-09 18:10:24,250401579,XAUUSD,buy,0.66,4391.46,4380.0,4413.0,2026-09-09 18:22:39,4379.96,0,0.0,-759.0
2026-09-09 19:43:53,250432388,XAUUSD,buy,0.65,4406.94,4393.5,,2026-09-09 19:55:39,4407.76,0,0.0,53.3
2026-09-09 20:00:32,250432100,XAUUSD,buy,0.79,4411.01,4416.43,4430.0,2026-09-09 20:11:31,4416.42,0,0.0,427.39
2026-09-09 21:34:38,250451685,XAUUSD,buy,0.91,4415.95,4406.0,,2026-09-09 21:50:15,4405.97,0,0.0,-908.18
2026-09-09 22:17:03,250459414,XAUUSD,sell,0.75,4399.22,4405.53,4360.0,2026-09-09 22:38:13,4396.16,0,0.0,229.5
2026-09-09 22:45:26,250463334,XAUUSD,sell,0.7,4401.14,4411.0,4380.0,2026-09-09 22:47:38,4400.51,0,0.0,44.1
2026-09-09 23:00:47,250465491,XAUUSD,sell,0.81,4397.96,4397.88,4365.0,2026-09-09 23:22:54,4394.88,0,0.0,249.48
2026-09-09 23:31:43,250467516,XAUUSD,buy,0.62,4397.43,4397.44,4434.32,2026-09-10 02:24:46,4397.12,0,-118.82,-19.22
2026-09-10 02:28:41,250480254,XAUUSD,buy,0.62,4397.13,4411.06,,2026-09-10 04:21:06,4410.63,0,0.0,837.0
2026-09-10 06:26:20,250510522,XAUUSD,buy,0.61,4411.43,4406.0,4424.0,2026-09-10 07:41:49,4405.99,0,0.0,-331.84
2026-09-10 08:32:03,250503454,XAUUSD,sell,0.61,4423.6,4432.5,4402.0,2026-09-10 09:00:03,4434.06,0,0.0,-638.06
2026-09-10 16:31:38,250687072,XAUUSD,sell,0.18,4354.76,4363.0,4315.0,2026-09-10 16:32:40,4363.03,0,0.0,-148.86
2026-09-10 16:36:56,250691295,XAUUSD,sell,0.18,4359.67,4378.3,4336.81,2026-09-10 19:12:27,4355.98,0,0.0,66.42
2026-09-10 19:41:06,250751238,XAUUSD,sell,0.33,4360.1,4374.0,4325.0,2026-09-10 19:43:24,4357.35,0,0.0,90.75
2026-09-10 20:02:04,250752621,XAUUSD,buy,0.33,4368.03,4354.0,4384.0,2026-09-10 20:57:03,4353.91,0,0.0,-465.96
2026-09-10 21:02:22,250753991,XAUUSD,sell,0.4,4348.94,4341.33,4323.05,2026-09-10 21:38:58,4334.12,0,0.0,592.8
2026-09-10 22:28:22,250789316,XAUUSD,buy,0.22,4328.79,4312.0,4380.0,2026-09-11 02:55:18,4311.99,0,-14.05,-369.6
2026-09-11 03:47:17,250822675,XAUUSD,buy,0.4,4331.81,4311.0,,2026-09-11 03:49:53,4333.04,0,0.0,49.2
2026-09-11 03:58:41,250823838,XAUUSD,buy,0.4,4330.22,4320.0,4390.0,2026-09-11 04:03:37,4337.88,0,0.0,306.4
2026-09-11 04:05:09,250826047,XAUUSD,buy,0.67,4339.37,4325.0,4366.0,2026-09-11 04:21:57,4326.67,0,0.0,-850.9
2026-09-14 16:48:02,251339100,XAUUSD,sell,0.13,4281.03,4291.5,4251.0,2026-09-14 16:54:19,4273.15,0,0.0,102.44
2026-09-14 17:00:09,251356114,XAUUSD,sell,0.13,4274.48,4278.75,4242.0,2026-09-14 17:04:00,4266.41,0,0.0,104.91
2026-09-14 17:10:18,251359790,XAUUSD,sell,0.13,4275.18,4281.0,4255.5,2026-09-14 17:14:51,4281.38,0,0.0,-80.6
2026-09-14 17:20:53,251365905,XAUUSD,sell,0.17,4274.25,4274.51,4242.0,2026-09-14 17:22:27,4270.12,0,0.0,70.21
2026-09-14 17:32:16,251370590,XAUUSD,sell,0.17,4267.22,4282.0,4242.0,2026-09-14 18:05:42,4282.22,0,0.0,-255.0
2026-09-14 18:14:19,251384873,XAUUSD,sell,0.2,4279.72,4283.61,4259.0,2026-09-14 18:18:52,4273.74,0,0.0,119.6
2026-09-14 18:36:15,251393618,XAUUSD,sell,0.2,4292.71,4304.0,4255.0,2026-09-14 18:37:05,4291.76,0,0.0,19.0
2026-09-14 18:47:34,251398655,XAUUSD,sell,0.41,4291.71,4301.0,4253.0,2026-09-14 18:49:22,4289.12,0,0.0,106.19
2026-09-14 18:52:34,251400050,XAUUSD,sell,0.2,4288.81,4296.0,4251.0,2026-09-14 19:10:36,4296.17,0,0.0,-147.2
2026-09-14 19:20:58,251406982,XAUUSD,sell,0.42,4298.37,4306.0,4259.0,2026-09-14 19:43:42,4306.13,0,0.0,-325.92
2026-09-14 19:45:53,251414704,XAUUSD,buy,0.1,4305.95,4292.0,4357.14,2026-09-14 19:53:31,4317.25,0,0.0,113.0
2026-09-14 19:57:50,251419657,XAUUSD,sell,0.27,4314.98,4314.92,4291.0,2026-09-14 21:00:27,4315.73,0,0.0,-20.25
2026-09-14 21:13:38,251435688,XAUUSD,buy,0.32,4311.64,4304.0,,2026-09-14 21:28:01,4306.35,0,0.0,-169.28
2026-09-14 21:29:35,251438151,XAUUSD,sell,0.1,4308.62,,4268.0,2026-09-14 22:22:44,4299.16,0,0.0,94.6
2026-09-14 22:24:54,251448516,XAUUSD,sell,0.21,4297.21,4306.0,4259.0,2026-09-14 22:39:10,4292.48,0,0.0,99.33
2026-09-14 22:41:39,251451228,XAUUSD,sell,0.22,4291.13,4306.0,4252.0,2026-09-14 22:53:14,4285.66,0,0.0,120.34
2026-09-14 22:56:51,251454534,XAUUSD,sell,0.28,4283.87,4298.5,4246.0,2026-09-14 23:21:07,4296.11,0,0.0,-342.72
2026-09-14 23:41:02,251462548,XAUUSD,sell,0.09,4295.55,,4246.0,2026-09-15 04:19:13,4304.5,0,3.55,-80.55
2026-09-15 22:59:46,251738947,XAUUSD,buy,0.48,4297.75,4288.0,4311.0,2026-09-15 23:00:11,4298.13,0,0.0,18.24
2026-09-15 23:00:51,251739704,XAUUSD,buy,0.02,4299.05,4288.0,4311.0,2026-09-15 23:35:35,4292.22,0,0.0,-13.66
2026-09-16 10:06:11,251822919,EURUSD,sell,0.08,1.15478,1.15496,1.15356,2026-09-16 10:11:12,1.15497,0,0.0,-1.52
2026-09-16 10:06:12,251822921,GBPUSD,sell,0.08,1.34781,1.34925,1.3471,2026-09-16 11:01:08,1.34709,0,0.0,5.76
2026-09-16 11:03:59,251835392,EURUSD,sell,0.08,1.15461,1.15548,1.15405,2026-09-16 11:53:29,1.15405,0,0.0,4.48
2026-09-16 14:04:03,251875574,EURUSD,sell,0.08,1.15353,1.15391,1.15295,2026-09-16 14:27:24,1.15392,0,0.0,-3.12
2026-09-16 15:04:01,251887333,EURUSD,sell,0.08,1.15368,1.15451,1.15284,2026-09-16 16:58:43,1.15342,0,0.0,2.08
2026-09-16 17:04:40,251929535,EURUSD,sell,0.08,1.1532,1.15412,1.15235,2026-09-16 17:40:50,1.15413,0,0.0,-7.44
2026-09-16 18:00:06,251953071,XAUUSD,sell,0.08,4354.34,4355.23,4325.5,2026-09-16 18:07:51,4356.14,0,0.0,-14.4
2026-09-16 18:04:18,251955236,EURUSD,sell,0.08,1.15384,1.15421,1.15239,2026-09-16 18:07:44,1.15421,0,0.0,-2.96
2026-09-16 18:21:32,251960881,XAUUSD,sell,0.2,4351.12,,,2026-09-16 18:58:23,4353.16,0,0.0,-40.8
2026-09-16 19:03:47,251973475,EURUSD,sell,0.08,1.15344,1.15389,1.15203,2026-09-16 19:17:03,1.15389,0,0.0,-3.6
2026-09-16 19:52:51,251981138,XAUUSD,sell,0.38,4344.62,4344.61,4325.5,2026-09-16 20:13:04,4342.65,0,0.0,74.86
2026-09-16 20:57:43,251989061,XAUUSD,sell,0.21,4353.0,4362.0,4330.0,2026-09-16 20:59:55,4366.02,0,0.0,-273.42
2026-09-16 21:08:44,252011065,XAUUSD,sell,0.28,4337.25,,,2026-09-16 21:10:06,4332.93,0,0.0,120.96
2026-09-16 21:27:30,252021942,XAUUSD,buy,0.46,4314.65,,,2026-09-16 21:28:00,4314.54,0,0.0,-5.06
2026-09-16 21:51:07,252037412,XAUUSD,buy,0.37,4285.77,,,2026-09-16 21:52:15,4279.26,0,0.0,-240.87
2026-09-16 22:00:36,252049540,XAUUSD,buy,0.17,4273.48,,,2026-09-16 22:04:04,4284.83,0,0.0,192.95
2026-09-16 22:10:04,252056570,XAUUSD,buy,0.17,4247.42,,,2026-09-16 22:15:47,4254.48,0,0.0,120.02
2026-09-16 22:25:18,252064594,XAUUSD,buy,0.36,4256.21,,4286.0,2026-09-16 22:25:52,4246.8,0,0.0,-338.76
2026-09-16 22:27:27,252066971,XAUUSD,buy,0.12,4245.3,,,2026-09-16 22:30:46,4257.2,0,0.0,142.8
2026-09-16 22:33:30,252069437,XAUUSD,buy,0.17,4259.58,,,2026-09-16 22:43:39,4267.47,0,0.0,134.13
2026-09-16 23:08:34,252078550,XAUUSD,sell,0.2,4268.66,4268.34,4235.0,2026-09-16 23:13:00,4265.76,0,0.0,58.0
2026-09-16 23:13:42,252079382,XAUUSD,sell,0.28,4265.35,4274.5,4236.0,2026-09-16 23:16:41,4265.1,0,0.0,7.0
2026-09-16 23:18:41,252080006,XAUUSD,buy,0.28,4267.49,4251.0,,2026-09-16 23:19:08,4266.26,0,0.0,-34.44
2026-09-16 23:25:33,252081141,XAUUSD,sell,0.24,4258.91,4271.5,4236.0,2026-09-16 23:31:21,4259.96,0,0.0,-25.2
2026-09-16 23:33:06,252082455,XAUUSD,sell,0.32,4259.19,4269.5,,2026-09-16 23:33:51,4258.97,0,0.0,7.04
2026-09-16 23:39:56,252083172,XAUUSD,buy,0.21,4265.09,4265.09,4712.1,2026-09-17 02:01:14,4264.97,0,-40.24,-2.52
2026-09-17 02:20:18,252095964,XAUUSD,buy,0.3,4269.39,4259.0,4286.0,2026-09-17 02:24:04,4272.15,0,0.0,82.8
2026-09-17 02:45:13,252097844,XAUUSD,buy,0.3,4272.61,,,2026-09-17 02:48:12,4272.29,0,0.0,-9.6
2026-09-17 03:09:23,252094084,XAUUSD,buy,0.3,4276.45,4281.11,4369.41,2026-09-17 03:51:50,4281.09,0,0.0,139.2
2026-09-17 04:00:04,252108291,XAUUSD,buy,0.51,4286.84,4287.28,4324.09,2026-09-17 04:01:09,4291.69,0,0.0,247.35
2026-09-17 06:03:26,252126418,XAUUSD,buy,0.5,4279.86,4282.13,4299.76,2026-09-17 06:13:30,4282.12,0,0.0,113.0
2026-09-17 06:24:42,252128021,XAUUSD,buy,0.38,4285.71,4285.72,,2026-09-17 06:27:11,4285.42,0,0.0,-11.02
2026-09-17 06:31:11,252128573,XAUUSD,buy,0.46,4290.74,4290.67,,2026-09-17 06:33:56,4290.66,0,0.0,-3.68
2026-09-17 06:38:38,252129010,XAUUSD,buy,0.46,4293.47,4293.58,4312.79,2026-09-17 07:05:13,4293.55,0,0.0,3.68
2026-09-17 07:09:32,252131799,XAUUSD,buy,0.81,4296.45,4291.45,4366.2,2026-09-17 07:26:27,4291.42,0,0.0,-407.43
2026-09-17 17:20:58,252281578,XAUUSD,buy,0.08,4366.11,4353.98,4396.5,2026-09-17 17:56:13,4353.87,0,0.0,-97.92
2026-09-17 18:19:28,252303061,XAUUSD,buy,0.33,4363.57,4352.0,4392.0,2026-09-17 18:46:52,4365.35,0,0.0,58.74
2026-09-17 18:44:26,252298510,XAUUSD,buy,0.08,4366.53,4354.0,4396.0,2026-09-17 18:46:55,4365.37,0,0.0,-9.28
2026-09-17 19:00:01,252311147,XAUUSD,buy,0.32,4370.61,4357.5,4490.88,2026-09-17 19:33:56,4359.97,0,0.0,-340.48
2026-09-17 19:58:23,252323384,XAUUSD,buy,0.15,4360.63,,4385.0,2026-09-17 21:30:04,4355.79,0,0.0,-72.6
