pair,win_h,n,ev,win,pf,ci_lo,ci_hi,maxdd_bp
EURUSD,1,1672,-1.04,42.8,0.77,-1.66,-0.36,-2065.8
EURUSD,4,1672,-1.16,46.5,0.86,-2.44,0.05,-2624.3
EURUSD,24,1672,-1.5,49.5,0.91,-4.13,0.9,-4577.1
GBPUSD,1,1175,-1.76,40.3,0.69,-2.58,-0.97,-2176.5
GBPUSD,4,1175,-1.01,45.7,0.87,-2.28,0.34,-1563.7
GBPUSD,24,1175,0.3,46.2,1.02,-2.53,3.39,-1944.2
USDCHF,1,867,-1.22,47.5,0.78,-2.23,-0.31,-1076.2
USDCHF,4,867,-1.77,46.4,0.82,-4.02,0.13,-1657.3
USDCHF,24,867,-1.81,49.5,0.9,-6.31,2.38,-2667.0
USDJPY,1,997,-0.94,46.0,0.81,-1.7,-0.16,-1082.1
USDJPY,4,997,-1.76,45.6,0.79,-3.19,-0.19,-1966.9
USDJPY,24,997,-0.58,49.1,0.97,-4.16,3.47,-1645.2
XAUUSD,1,818,2.71,53.8,1.24,-0.28,5.83,-1007.7
XAUUSD,4,818,2.54,52.2,1.13,-1.93,7.27,-1651.4
XAUUSD,24,818,13.23,52.6,1.32,0.85,25.08,-1887.5
USDCAD,1,958,-0.78,47.3,0.83,-1.55,0.04,-856.5
USDCAD,4,958,-1.67,46.7,0.78,-3.13,-0.29,-1752.5
USDCAD,24,958,-0.44,46.6,0.96,-2.93,2.09,-1653.3
