file,rows,first,last,valid,errors,warnings,missing_pct,sha256
1343.T_daily.parquet,2882,2015-01-05,2026-09-18,True,0,2,0.0,dd7da2dc69304f2f
2644.T_daily.parquet,1222,2021-09-22,2026-09-18,True,0,2,0.0005,a5b6a1e5d8bf6ee3
^GSPC_daily.parquet,2947,2015-01-02,2026-09-22,True,0,2,0.0002,be4da41ae32bc026
^N225_daily.parquet,2863,2015-01-05,2026-09-18,True,0,1,0.0,161f3192499d18dd
^NDX_daily.parquet,2947,2015-01-02,2026-09-22,True,0,2,0.0002,8e87f51d8ad350d7
^STOXX50E_daily.parquet,2944,2015-01-05,2026-09-21,True,0,1,0.0,5f89a5c0a8157426
^TNX_daily.parquet,2945,2015-01-02,2026-09-21,True,0,1,0.0,b45ad9b98eb0d7c0
AUDUSD=X_daily.parquet,3051,2015-01-01,2026-09-22,True,0,5,0.0,d9a4e2a4b7f9925d
CL=F_daily.parquet,2947,2015-01-02,2026-09-22,True,0,4,0.0,8a18467300b22d14
EURJPY=X_daily.parquet,3052,2015-01-01,2026-09-22,True,0,5,0.0,8831ccf5994514c3
EURUSD=X_daily.parquet,3051,2015-01-01,2026-09-22,True,0,5,0.0,777a213ec9080d2d
GBPUSD=X_daily.parquet,3051,2015-01-01,2026-09-22,True,0,3,0.0,9ba03f4c8292f0cc
GC=F_daily.parquet,2947,2015-01-02,2026-09-22,True,0,1,0.0,6fa71794186a0d5b
HG=F_daily.parquet,2947,2015-01-02,2026-09-22,True,0,2,0.0,06ff64bbf54363c9
IGLT.L_daily.parquet,2961,2015-01-02,2026-09-22,True,0,5,0.0002,cdab4ec39b886f17
NZDUSD=X_daily.parquet,3051,2015-01-01,2026-09-22,True,0,5,0.0,16b98c6c00018a33
USDCAD=X_daily.parquet,3051,2015-01-01,2026-09-22,True,0,5,0.0,c7954a810affb137
USDCHF=X_daily.parquet,3051,2015-01-01,2026-09-22,True,0,5,0.0,e5702a6c1e98d6a8
USDJPY=X_daily.parquet,3051,2015-01-01,2026-09-22,True,0,5,0.0,c5477a0cee5634f1
