broker_symbol,canonical_symbol,retrieval_timestamp_utc,time,open,high,low,close,tick_volume,spread,real_volume,bar_completed
GBPUSD,GBPUSD,2026-09-29T19:57:11.475915+00:00,1788228000,1.35453,1.3548200000000001,1.3543,1.35477,904,13,0,true
GBPUSD,GBPUSD,2026-09-29T19:57:11.475915+00:00,1788231600,1.35477,1.35585,1.35457,1.35518,2796,12,0,true
GBPUSD,GBPUSD,2026-09-29T19:57:11.475915+00:00,1788235200,1.35518,1.35524,1.35413,1.3544800000000001,2201,13,0,true
GBPUSD,GBPUSD,2026-09-29T19:57:11.475915+00:00,1788238800,1.3544800000000001,1.35453,1.35405,1.35452,2022,13,0,true
GBPUSD,GBPUSD,2026-09-29T19:57:11.475915+00:00,1788242400,1.35452,1.35452,1.35398,1.354,1915,12,0,true
GBPUSD,GBPUSD,2026-09-29T19:57:11.475915+00:00,1788246000,1.35399,1.3542,1.35372,1.3542,1520,12,0,true
GBPUSD,GBPUSD,2026-09-29T19:57:11.475915+00:00,1788249600,1.3542,1.35488,1.35416,1.35459,2000,13,0,true
GBPUSD,GBPUSD,2026-09-29T19:57:11.475915+00:00,1788253200,1.35457,1.35469,1.35346,1.35401,2592,12,0,true
GBPUSD,GBPUSD,2026-09-29T19:57:11.475915+00:00,1788256800,1.35401,1.35427,1.35305,1.3535300000000001,2477,12,0,true
GBPUSD,GBPUSD,2026-09-29T19:57:11.475915+00:00,1788260400,1.35355,1.35413,1.35283,1.35406,2742,11,0,true
GBPUSD,GBPUSD,2026-09-29T19:57:11.475915+00:00,1788264000,1.35405,1.35476,1.35382,1.35385,2401,12,0,true
GBPUSD,GBPUSD,2026-09-29T19:57:11.475915+00:00,1788267600,1.35384,1.35429,1.3532600000000001,1.35347,1856,12,0,true
GBPUSD,GBPUSD,2026-09-29T19:57:11.475915+00:00,1788271200,1.35347,1.3538999999999999,1.35296,1.35349,2374,13,0,true
GBPUSD,GBPUSD,2026-09-29T19:57:11.475915+00:00,1788274800,1.35346,1.35351,1.35282,1.35291,2537,13,0,true
GBPUSD,GBPUSD,2026-09-29T19:57:11.475915+00:00,1788278400,1.35288,1.3545099999999999,1.35245,1.35431,3179,13,0,true
GBPUSD,GBPUSD,2026-09-29T19:57:11.475915+00:00,1788282000,1.3541699999999999,1.3551199999999999,1.3535,1.35368,3269,11,0,true
GBPUSD,GBPUSD,2026-09-29T19:57:11.475915+00:00,1788285600,1.35375,1.35396,1.35229,1.35259,3029,11,0,true
GBPUSD,GBPUSD,2026-09-29T19:57:11.475915+00:00,1788289200,1.3526,1.3527,1.35135,1.3513600000000001,3154,13,0,true
GBPUSD,GBPUSD,2026-09-29T19:57:11.475915+00:00,1788292800,1.35138,1.35202,1.35107,1.35127,2162,13,0,true
GBPUSD,GBPUSD,2026-09-29T19:57:11.475915+00:00,1788296400,1.35127,1.3515,1.35052,1.3513,1896,12,0,true
GBPUSD,GBPUSD,2026-09-29T19:57:11.475915+00:00,1788300000,1.35131,1.35152,1.3509,1.3510900000000001,2104,11,0,true
GBPUSD,GBPUSD,2026-09-29T19:57:11.475915+00:00,1788303600,1.3510900000000001,1.35158,1.35088,1.3514300000000001,1086,11,0,true
GBPUSD,GBPUSD,2026-09-29T19:57:11.475915+00:00,1788307200,1.35134,1.35134,1.3502,1.35099,757,47,0,true
GBPUSD,GBPUSD,2026-09-29T19:57:11.475915+00:00,1788310800,1.3511199999999999,1.3518,1.35099,1.35142,962,12,0,true
GBPUSD,GBPUSD,2026-09-29T19:57:11.475915+00:00,1788314400,1.3514300000000001,1.35159,1.35124,1.35126,1263,12,0,true
GBPUSD,GBPUSD,2026-09-29T19:57:11.475915+00:00,1788318000,1.35126,1.3514,1.35058,1.35059,2536,11,0,true
GBPUSD,GBPUSD,2026-09-29T19:57:11.475915+00:00,1788321600,1.35058,1.3507500000000001,1.35016,1.35042,2175,12,0,true
GBPUSD,GBPUSD,2026-09-29T19:57:11.475915+00:00,1788325200,1.35042,1.3507500000000001,1.34996,1.35059,2663,12,0,true
GBPUSD,GBPUSD,2026-09-29T19:57:11.475915+00:00,1788328800,1.35059,1.35068,1.35003,1.35018,1798,12,0,true
GBPUSD,GBPUSD,2026-09-29T19:57:11.475915+00:00,1788332400,1.35018,1.3502,1.34955,1.3495599999999999,2075,12,0,true
GBPUSD,GBPUSD,2026-09-29T19:57:11.475915+00:00,1788336000,1.3495599999999999,1.3504,1.34936,1.3502100000000001,2875,12,0,true
GBPUSD,GBPUSD,2026-09-29T19:57:11.475915+00:00,1788339600,1.35022,1.35076,1.34918,1.34918,3899,11,0,true
GBPUSD,GBPUSD,2026-09-29T19:57:11.475915+00:00,1788343200,1.3492,1.35119,1.34888,1.35099,3563,12,0,true
GBPUSD,GBPUSD,2026-09-29T19:57:11.475915+00:00,1788346800,1.35099,1.35137,1.35001,1.35001,2810,12,0,true
GBPUSD,GBPUSD,2026-09-29T19:57:11.475915+00:00,1788350400,1.35,1.3506,1.34849,1.34856,2447,13,0,true
GBPUSD,GBPUSD,2026-09-29T19:57:11.475915+00:00,1788354000,1.34857,1.34869,1.34761,1.34832,2195,12,0,true
GBPUSD,GBPUSD,2026-09-29T19:57:11.475915+00:00,1788357600,1.34832,1.34908,1.34798,1.34839,3039,12,0,true
GBPUSD,GBPUSD,2026-09-29T19:57:11.475915+00:00,1788361200,1.3484,1.34879,1.34738,1.34741,3172,11,0,true
GBPUSD,GBPUSD,2026-09-29T19:57:11.475915+00:00,1788364800,1.34741,1.35127,1.34741,1.35122,3995,12,0,true
GBPUSD,GBPUSD,2026-09-29T19:57:11.475915+00:00,1788368400,1.35121,1.35121,1.3495599999999999,1.35043,3672,12,0,true
GBPUSD,GBPUSD,2026-09-29T19:57:11.475915+00:00,1788372000,1.35043,1.35096,1.34936,1.35007,3344,11,0,true
GBPUSD,GBPUSD,2026-09-29T19:57:11.475915+00:00,1788375600,1.35007,1.35029,1.34934,1.34934,2547,12,0,true
GBPUSD,GBPUSD,2026-09-29T19:57:11.475915+00:00,1788379200,1.34934,1.34948,1.34843,1.34864,2276,11,0,true
GBPUSD,GBPUSD,2026-09-29T19:57:11.475915+00:00,1788382800,1.34863,1.34913,1.34837,1.34857,1384,13,0,true
GBPUSD,GBPUSD,2026-09-29T19:57:11.475915+00:00,1788386400,1.34859,1.34876,1.34826,1.34872,1628,12,0,true
GBPUSD,GBPUSD,2026-09-29T19:57:11.475915+00:00,1788390000,1.34872,1.3490199999999999,1.3482,1.3483100000000001,1222,11,0,true
GBPUSD,GBPUSD,2026-09-29T19:57:11.475915+00:00,1788393600,1.34828,1.34855,1.34776,1.3480699999999999,525,58,0,true
GBPUSD,GBPUSD,2026-09-29T19:57:11.475915+00:00,1788397200,1.34808,1.3483800000000001,1.34789,1.34827,1026,14,0,true
GBPUSD,GBPUSD,2026-09-29T19:57:11.475915+00:00,1788400800,1.34827,1.34833,1.34794,1.34817,849,12,0,true
GBPUSD,GBPUSD,2026-09-29T19:57:11.475915+00:00,1788404400,1.34816,1.34889,1.34798,1.3487,2455,13,0,true
GBPUSD,GBPUSD,2026-09-29T19:57:11.475915+00:00,1788408000,1.3487,1.3491,1.34798,1.34808,2249,11,0,true
GBPUSD,GBPUSD,2026-09-29T19:57:11.475915+00:00,1788411600,1.34808,1.34914,1.3479700000000001,1.3488,2259,13,0,true
GBPUSD,GBPUSD,2026-09-29T19:57:11.475915+00:00,1788415200,1.3488,1.34957,1.34878,1.34938,1738,12,0,true
GBPUSD,GBPUSD,2026-09-29T19:57:11.475915+00:00,1788418800,1.34935,1.34976,1.34913,1.34927,2181,12,0,true
GBPUSD,GBPUSD,2026-09-29T19:57:11.475915+00:00,1788422400,1.34927,1.34959,1.34888,1.34907,2227,13,0,true
GBPUSD,GBPUSD,2026-09-29T19:57:11.475915+00:00,1788426000,1.34907,1.34979,1.34825,1.3491,3460,13,0,true
GBPUSD,GBPUSD,2026-09-29T19:57:11.475915+00:00,1788429600,1.3491,1.35038,1.34888,1.35019,3981,13,0,true
GBPUSD,GBPUSD,2026-09-29T19:57:11.475915+00:00,1788433200,1.35019,1.35067,1.3495599999999999,1.34992,3265,12,0,true
GBPUSD,GBPUSD,2026-09-29T19:57:11.475915+00:00,1788436800,1.34992,1.35029,1.34888,1.3497,2738,12,0,true
GBPUSD,GBPUSD,2026-09-29T19:57:11.475915+00:00,1788440400,1.34971,1.34988,1.34836,1.34935,2851,13,0,true
GBPUSD,GBPUSD,2026-09-29T19:57:11.475915+00:00,1788444000,1.34935,1.34995,1.3486,1.34938,3216,11,0,true
GBPUSD,GBPUSD,2026-09-29T19:57:11.475915+00:00,1788447600,1.34938,1.35209,1.34885,1.35174,4138,12,0,true
GBPUSD,GBPUSD,2026-09-29T19:57:11.475915+00:00,1788451200,1.3517700000000001,1.35187,1.3501699999999999,1.35159,4038,12,0,true
GBPUSD,GBPUSD,2026-09-29T19:57:11.475915+00:00,1788454800,1.35111,1.35195,1.34996,1.35169,3923,11,0,true
GBPUSD,GBPUSD,2026-09-29T19:57:11.475915+00:00,1788458400,1.35169,1.354,1.35169,1.35317,3540,12,0,true
GBPUSD,GBPUSD,2026-09-29T19:57:11.475915+00:00,1788462000,1.35316,1.35472,1.35303,1.35434,2367,11,0,true
GBPUSD,GBPUSD,2026-09-29T19:57:11.475915+00:00,1788465600,1.35435,1.35461,1.35378,1.3538000000000001,1545,11,0,true
GBPUSD,GBPUSD,2026-09-29T19:57:11.475915+00:00,1788469200,1.3538000000000001,1.35431,1.35366,1.35379,1611,11,0,true
GBPUSD,GBPUSD,2026-09-29T19:57:11.475915+00:00,1788472800,1.35379,1.3538999999999999,1.35215,1.35249,2363,13,0,true
GBPUSD,GBPUSD,2026-09-29T19:57:11.475915+00:00,1788476400,1.35249,1.35283,1.35225,1.3524,1009,12,0,true
GBPUSD,GBPUSD,2026-09-29T19:57:11.475915+00:00,1788480000,1.3524,1.35254,1.3519,1.35199,704,29,0,true
GBPUSD,GBPUSD,2026-09-29T19:57:11.475915+00:00,1788483600,1.35217,1.35254,1.35206,1.35232,1069,13,0,true
GBPUSD,GBPUSD,2026-09-29T19:57:11.475915+00:00,1788487200,1.35229,1.35287,1.35228,1.35275,1379,12,0,true
GBPUSD,GBPUSD,2026-09-29T19:57:11.475915+00:00,1788490800,1.35276,1.35328,1.35242,1.35294,2276,12,0,true
GBPUSD,GBPUSD,2026-09-29T19:57:11.475915+00:00,1788494400,1.3529200000000001,1.35341,1.35274,1.3534,2603,13,0,true
GBPUSD,GBPUSD,2026-09-29T19:57:11.475915+00:00,1788498000,1.35341,1.35368,1.35286,1.35304,1595,12,0,true
GBPUSD,GBPUSD,2026-09-29T19:57:11.475915+00:00,1788501600,1.35304,1.3534,1.3525800000000001,1.35286,1576,11,0,true
GBPUSD,GBPUSD,2026-09-29T19:57:11.475915+00:00,1788505200,1.35284,1.35321,1.35284,1.3531,1684,11,0,true
GBPUSD,GBPUSD,2026-09-29T19:57:11.475915+00:00,1788508800,1.3531,1.35348,1.3529,1.35346,1797,12,0,true
GBPUSD,GBPUSD,2026-09-29T19:57:11.475915+00:00,1788512400,1.35346,1.3544,1.35341,1.35406,2782,12,0,true
GBPUSD,GBPUSD,2026-09-29T19:57:11.475915+00:00,1788516000,1.35408,1.3548200000000001,1.3532,1.35332,2259,13,0,true
GBPUSD,GBPUSD,2026-09-29T19:57:11.475915+00:00,1788519600,1.35331,1.35422,1.35283,1.35318,2924,12,0,true
GBPUSD,GBPUSD,2026-09-29T19:57:11.475915+00:00,1788523200,1.3531900000000001,1.3531900000000001,1.3521,1.35221,2248,11,0,true
GBPUSD,GBPUSD,2026-09-29T19:57:11.475915+00:00,1788526800,1.3522,1.35343,1.35212,1.35305,2482,13,0,true
GBPUSD,GBPUSD,2026-09-29T19:57:11.475915+00:00,1788530400,1.35307,1.35377,1.35307,1.35315,1893,11,0,true
GBPUSD,GBPUSD,2026-09-29T19:57:11.475915+00:00,1788534000,1.35316,1.3535599999999999,1.3481,1.35028,4535,11,0,true
GBPUSD,GBPUSD,2026-09-29T19:57:11.475915+00:00,1788537600,1.35028,1.3523399999999999,1.34939,1.3505,4944,13,0,true
GBPUSD,GBPUSD,2026-09-29T19:57:11.475915+00:00,1788541200,1.35046,1.35227,1.3504399999999999,1.3513600000000001,4157,13,0,true
GBPUSD,GBPUSD,2026-09-29T19:57:11.475915+00:00,1788544800,1.35135,1.35242,1.35095,1.35194,3476,12,0,true
GBPUSD,GBPUSD,2026-09-29T19:57:11.475915+00:00,1788548400,1.35194,1.3523800000000001,1.35169,1.35193,2556,13,0,true
GBPUSD,GBPUSD,2026-09-29T19:57:11.475915+00:00,1788552000,1.3519,1.3519,1.35108,1.35126,2343,12,0,true
GBPUSD,GBPUSD,2026-09-29T19:57:11.475915+00:00,1788555600,1.35131,1.35135,1.35099,1.35128,1669,11,0,true
GBPUSD,GBPUSD,2026-09-29T19:57:11.475915+00:00,1788559200,1.35128,1.35209,1.35125,1.3518,1540,11,0,true
GBPUSD,GBPUSD,2026-09-29T19:57:11.475915+00:00,1788562800,1.3518,1.35188,1.34951,1.34951,1057,11,0,true
GBPUSD,GBPUSD,2026-09-29T19:57:11.475915+00:00,1788739200,1.34977,1.35141,1.34973,1.35138,569,75,0,true
GBPUSD,GBPUSD,2026-09-29T19:57:11.475915+00:00,1788742800,1.35131,1.35167,1.3512,1.35152,1268,13,0,true
GBPUSD,GBPUSD,2026-09-29T19:57:11.475915+00:00,1788746400,1.35153,1.3519,1.35149,1.3516,1174,12,0,true
GBPUSD,GBPUSD,2026-09-29T19:57:11.475915+00:00,1788750000,1.3516,1.35212,1.3514599999999999,1.35192,1975,13,0,true
GBPUSD,GBPUSD,2026-09-29T19:57:11.475915+00:00,1788753600,1.35192,1.35195,1.35111,1.35117,1969,13,0,true
GBPUSD,GBPUSD,2026-09-29T19:57:11.475915+00:00,1788757200,1.35117,1.35118,1.35046,1.35064,1260,11,0,true
GBPUSD,GBPUSD,2026-09-29T19:57:11.475915+00:00,1788760800,1.35064,1.3511600000000001,1.3506,1.35103,1821,12,0,true
GBPUSD,GBPUSD,2026-09-29T19:57:11.475915+00:00,1788764400,1.35102,1.3511600000000001,1.35074,1.35111,1620,11,0,true
GBPUSD,GBPUSD,2026-09-29T19:57:11.475915+00:00,1788768000,1.35111,1.35185,1.35089,1.35179,1852,11,0,true
GBPUSD,GBPUSD,2026-09-29T19:57:11.475915+00:00,1788771600,1.3518,1.35304,1.35127,1.35253,2399,13,0,true
GBPUSD,GBPUSD,2026-09-29T19:57:11.475915+00:00,1788775200,1.35254,1.3533,1.35212,1.35318,2398,13,0,true
GBPUSD,GBPUSD,2026-09-29T19:57:11.475915+00:00,1788778800,1.35321,1.35442,1.35294,1.35347,3108,12,0,true
GBPUSD,GBPUSD,2026-09-29T19:57:11.475915+00:00,1788782400,1.35347,1.35428,1.35318,1.35349,2006,12,0,true
GBPUSD,GBPUSD,2026-09-29T19:57:11.475915+00:00,1788786000,1.35349,1.354,1.3532600000000001,1.35379,1620,11,0,true
GBPUSD,GBPUSD,2026-09-29T19:57:11.475915+00:00,1788789600,1.35378,1.35391,1.35308,1.35312,1952,13,0,true
GBPUSD,GBPUSD,2026-09-29T19:57:11.475915+00:00,1788793200,1.35313,1.35382,1.35283,1.35366,2791,12,0,true
GBPUSD,GBPUSD,2026-09-29T19:57:11.475915+00:00,1788796800,1.35366,1.35393,1.35346,1.35379,2277,11,0,true
GBPUSD,GBPUSD,2026-09-29T19:57:11.475915+00:00,1788800400,1.3538000000000001,1.35453,1.35354,1.35449,2173,13,0,true
GBPUSD,GBPUSD,2026-09-29T19:57:11.475915+00:00,1788804000,1.3544800000000001,1.35465,1.35386,1.35389,1394,11,0,true
GBPUSD,GBPUSD,2026-09-29T19:57:11.475915+00:00,1788807600,1.35389,1.35469,1.35376,1.35457,747,11,0,true
GBPUSD,GBPUSD,2026-09-29T19:57:11.475915+00:00,1788811200,1.35457,1.35457,1.35408,1.3541699999999999,440,11,0,true
GBPUSD,GBPUSD,2026-09-29T19:57:11.475915+00:00,1788814800,1.35416,1.3542100000000001,1.35397,1.35411,424,11,0,true
GBPUSD,GBPUSD,2026-09-29T19:57:11.475915+00:00,1788818400,1.35411,1.35412,1.35381,1.35391,416,12,0,true
GBPUSD,GBPUSD,2026-09-29T19:57:11.475915+00:00,1788822000,1.35391,1.35404,1.3538700000000001,1.3538999999999999,472,12,0,true
GBPUSD,GBPUSD,2026-09-29T19:57:11.475915+00:00,1788825600,1.35276,1.35415,1.35226,1.35379,426,56,0,true
GBPUSD,GBPUSD,2026-09-29T19:57:11.475915+00:00,1788829200,1.35379,1.35426,1.35379,1.35419,1085,14,0,true
GBPUSD,GBPUSD,2026-09-29T19:57:11.475915+00:00,1788832800,1.3542,1.35481,1.35418,1.35458,1642,12,0,true
GBPUSD,GBPUSD,2026-09-29T19:57:11.475915+00:00,1788836400,1.35459,1.3548,1.35398,1.3541699999999999,2482,14,0,true
GBPUSD,GBPUSD,2026-09-29T19:57:11.475915+00:00,1788840000,1.3541699999999999,1.35489,1.35399,1.35473,2463,13,0,true
GBPUSD,GBPUSD,2026-09-29T19:57:11.475915+00:00,1788843600,1.3547500000000001,1.35481,1.35334,1.35334,2327,13,0,true
GBPUSD,GBPUSD,2026-09-29T19:57:11.475915+00:00,1788847200,1.35334,1.35394,1.35327,1.35368,1201,11,0,true
GBPUSD,GBPUSD,2026-09-29T19:57:11.475915+00:00,1788850800,1.35368,1.35392,1.35347,1.35388,1726,13,0,true
GBPUSD,GBPUSD,2026-09-29T19:57:11.475915+00:00,1788854400,1.35388,1.35429,1.35359,1.35427,2054,11,0,true
GBPUSD,GBPUSD,2026-09-29T19:57:11.475915+00:00,1788858000,1.35428,1.35518,1.35344,1.35358,2924,12,0,true
GBPUSD,GBPUSD,2026-09-29T19:57:11.475915+00:00,1788861600,1.35357,1.3541,1.35255,1.35302,2775,13,0,true
GBPUSD,GBPUSD,2026-09-29T19:57:11.475915+00:00,1788865200,1.35306,1.35348,1.35214,1.35248,3254,12,0,true
GBPUSD,GBPUSD,2026-09-29T19:57:11.475915+00:00,1788868800,1.35246,1.35333,1.35222,1.35297,2593,12,0,true
GBPUSD,GBPUSD,2026-09-29T19:57:11.475915+00:00,1788872400,1.35297,1.3536299999999999,1.3520699999999999,1.35269,2116,11,0,true
GBPUSD,GBPUSD,2026-09-29T19:57:11.475915+00:00,1788876000,1.35269,1.3545,1.35216,1.3544,2340,12,0,true
GBPUSD,GBPUSD,2026-09-29T19:57:11.475915+00:00,1788879600,1.3544100000000001,1.35547,1.35412,1.35533,2600,12,0,true
GBPUSD,GBPUSD,2026-09-29T19:57:11.475915+00:00,1788883200,1.35533,1.3561,1.35467,1.3550900000000001,2814,11,0,true
GBPUSD,GBPUSD,2026-09-29T19:57:11.475915+00:00,1788886800,1.3550900000000001,1.35557,1.35416,1.3552,2846,11,0,true
GBPUSD,GBPUSD,2026-09-29T19:57:11.475915+00:00,1788890400,1.3552,1.3553899999999999,1.35386,1.35397,2427,12,0,true
GBPUSD,GBPUSD,2026-09-29T19:57:11.475915+00:00,1788894000,1.35397,1.35407,1.35297,1.35352,1857,11,0,true
GBPUSD,GBPUSD,2026-09-29T19:57:11.475915+00:00,1788897600,1.35355,1.3541400000000001,1.3535,1.35409,1959,11,0,true
GBPUSD,GBPUSD,2026-09-29T19:57:11.475915+00:00,1788901200,1.35408,1.35497,1.3538000000000001,1.35458,2108,12,0,true
GBPUSD,GBPUSD,2026-09-29T19:57:11.475915+00:00,1788904800,1.35457,1.35467,1.35368,1.3538700000000001,1749,12,0,true
GBPUSD,GBPUSD,2026-09-29T19:57:11.475915+00:00,1788908400,1.3538700000000001,1.3541400000000001,1.35364,1.35386,775,11,0,true
GBPUSD,GBPUSD,2026-09-29T19:57:11.475915+00:00,1788912000,1.3538000000000001,1.3538000000000001,1.35138,1.35308,279,37,0,true
GBPUSD,GBPUSD,2026-09-29T19:57:11.475915+00:00,1788915600,1.35332,1.3541400000000001,1.35332,1.35398,1092,14,0,true
GBPUSD,GBPUSD,2026-09-29T19:57:11.475915+00:00,1788919200,1.35397,1.35431,1.35393,1.35426,1405,13,0,true
GBPUSD,GBPUSD,2026-09-29T19:57:11.475915+00:00,1788922800,1.35427,1.35471,1.35425,1.3547,2058,14,0,true
GBPUSD,GBPUSD,2026-09-29T19:57:11.475915+00:00,1788926400,1.35472,1.35472,1.35407,1.35452,1689,12,0,true
GBPUSD,GBPUSD,2026-09-29T19:57:11.475915+00:00,1788930000,1.35452,1.35462,1.35405,1.35458,1578,13,0,true
GBPUSD,GBPUSD,2026-09-29T19:57:11.475915+00:00,1788933600,1.3546,1.3547799999999999,1.35431,1.3544100000000001,1193,12,0,true
GBPUSD,GBPUSD,2026-09-29T19:57:11.475915+00:00,1788937200,1.35442,1.35497,1.35436,1.35494,1251,12,0,true
GBPUSD,GBPUSD,2026-09-29T19:57:11.475915+00:00,1788940800,1.35494,1.35538,1.35474,1.35508,1628,12,0,true
GBPUSD,GBPUSD,2026-09-29T19:57:11.475915+00:00,1788944400,1.3550900000000001,1.35618,1.3550900000000001,1.35584,2297,12,0,true
GBPUSD,GBPUSD,2026-09-29T19:57:11.475915+00:00,1788948000,1.35584,1.3567,1.35556,1.35582,2433,12,0,true
GBPUSD,GBPUSD,2026-09-29T19:57:11.475915+00:00,1788951600,1.35582,1.35585,1.35411,1.35419,2397,13,0,true
GBPUSD,GBPUSD,2026-09-29T19:57:11.475915+00:00,1788955200,1.35418,1.35476,1.35315,1.35323,2204,11,0,true
GBPUSD,GBPUSD,2026-09-29T19:57:11.475915+00:00,1788958800,1.35321,1.35413,1.3529499999999999,1.35355,2420,11,0,true
GBPUSD,GBPUSD,2026-09-29T19:57:11.475915+00:00,1788962400,1.3535599999999999,1.35656,1.35343,1.35602,2692,12,0,true
GBPUSD,GBPUSD,2026-09-29T19:57:11.475915+00:00,1788966000,1.35602,1.35653,1.35466,1.35496,2862,13,0,true
GBPUSD,GBPUSD,2026-09-29T19:57:11.475915+00:00,1788969600,1.3550200000000001,1.35608,1.35484,1.35572,3270,12,0,true
GBPUSD,GBPUSD,2026-09-29T19:57:11.475915+00:00,1788973200,1.35575,1.35629,1.35558,1.35615,3148,12,0,true
GBPUSD,GBPUSD,2026-09-29T19:57:11.475915+00:00,1788976800,1.35616,1.35641,1.35337,1.35461,4356,11,0,true
GBPUSD,GBPUSD,2026-09-29T19:57:11.475915+00:00,1788980400,1.35461,1.35548,1.35442,1.35507,2774,13,0,true
GBPUSD,GBPUSD,2026-09-29T19:57:11.475915+00:00,1788984000,1.35508,1.3559700000000001,1.35503,1.35576,1874,12,0,true
GBPUSD,GBPUSD,2026-09-29T19:57:11.475915+00:00,1788987600,1.35577,1.3559,1.35437,1.35446,1540,11,0,true
GBPUSD,GBPUSD,2026-09-29T19:57:11.475915+00:00,1788991200,1.35447,1.35467,1.35408,1.35449,1651,12,0,true
GBPUSD,GBPUSD,2026-09-29T19:57:11.475915+00:00,1788994800,1.3545,1.3547,1.35407,1.35449,824,11,0,true
GBPUSD,GBPUSD,2026-09-29T19:57:11.475915+00:00,1788998400,1.35272,1.35499,1.3526099999999999,1.35464,1870,43,0,true
GBPUSD,GBPUSD,2026-09-29T19:57:11.475915+00:00,1789002000,1.35463,1.35515,1.3543,1.3550900000000001,1315,14,0,true
GBPUSD,GBPUSD,2026-09-29T19:57:11.475915+00:00,1789005600,1.35513,1.35519,1.35477,1.35488,1136,11,0,true
GBPUSD,GBPUSD,2026-09-29T19:57:11.475915+00:00,1789009200,1.35489,1.35493,1.35437,1.35447,1720,13,0,true
GBPUSD,GBPUSD,2026-09-29T19:57:11.475915+00:00,1789012800,1.35446,1.3557000000000001,1.35442,1.3556599999999999,2822,14,0,true
GBPUSD,GBPUSD,2026-09-29T19:57:11.475915+00:00,1789016400,1.35567,1.35595,1.35514,1.35588,1620,13,0,true
GBPUSD,GBPUSD,2026-09-29T19:57:11.475915+00:00,1789020000,1.35588,1.35591,1.35531,1.35558,1469,13,0,true
GBPUSD,GBPUSD,2026-09-29T19:57:11.475915+00:00,1789023600,1.35558,1.35564,1.35517,1.35525,661,12,0,true
GBPUSD,GBPUSD,2026-09-29T19:57:11.475915+00:00,1789027200,1.35525,1.35576,1.35514,1.3557299999999999,1191,12,0,true
GBPUSD,GBPUSD,2026-09-29T19:57:11.475915+00:00,1789030800,1.3557000000000001,1.35584,1.35534,1.35564,1557,13,0,true
GBPUSD,GBPUSD,2026-09-29T19:57:11.475915+00:00,1789034400,1.35564,1.35564,1.3550200000000001,1.35528,1906,13,0,true
GBPUSD,GBPUSD,2026-09-29T19:57:11.475915+00:00,1789038000,1.35529,1.35558,1.35462,1.35557,2049,13,0,true
GBPUSD,GBPUSD,2026-09-29T19:57:11.475915+00:00,1789041600,1.35557,1.35567,1.35408,1.3548499999999999,1931,11,0,true
GBPUSD,GBPUSD,2026-09-29T19:57:11.475915+00:00,1789045200,1.3548499999999999,1.35519,1.35354,1.35384,2856,12,0,true
GBPUSD,GBPUSD,2026-09-29T19:57:11.475915+00:00,1789048800,1.35384,1.35386,1.35252,1.35279,2608,11,0,true
GBPUSD,GBPUSD,2026-09-29T19:57:11.475915+00:00,1789052400,1.35279,1.35294,1.34906,1.35101,4500,13,0,true
GBPUSD,GBPUSD,2026-09-29T19:57:11.475915+00:00,1789056000,1.35102,1.35196,1.34955,1.35147,4878,12,0,true
GBPUSD,GBPUSD,2026-09-29T19:57:11.475915+00:00,1789059600,1.35145,1.3529499999999999,1.35118,1.3529499999999999,3854,11,0,true
GBPUSD,GBPUSD,2026-09-29T19:57:11.475915+00:00,1789063200,1.35293,1.35335,1.35242,1.3529900000000001,2995,12,0,true
GBPUSD,GBPUSD,2026-09-29T19:57:11.475915+00:00,1789066800,1.3529900000000001,1.35313,1.35212,1.35225,2448,11,0,true
GBPUSD,GBPUSD,2026-09-29T19:57:11.475915+00:00,1789070400,1.35227,1.35296,1.35189,1.35201,2295,12,0,true
GBPUSD,GBPUSD,2026-09-29T19:57:11.475915+00:00,1789074000,1.35201,1.35203,1.35095,1.35127,2665,12,0,true
GBPUSD,GBPUSD,2026-09-29T19:57:11.475915+00:00,1789077600,1.35126,1.35126,1.35065,1.35086,2277,13,0,true
GBPUSD,GBPUSD,2026-09-29T19:57:11.475915+00:00,1789081200,1.3508499999999999,1.35108,1.35037,1.35096,972,11,0,true
GBPUSD,GBPUSD,2026-09-29T19:57:11.475915+00:00,1789084800,1.34952,1.35092,1.34944,1.34994,853,82,0,true
GBPUSD,GBPUSD,2026-09-29T19:57:11.475915+00:00,1789088400,1.35028,1.35129,1.34999,1.3511,1513,14,0,true
GBPUSD,GBPUSD,2026-09-29T19:57:11.475915+00:00,1789092000,1.35111,1.35118,1.35073,1.35094,1627,13,0,true
GBPUSD,GBPUSD,2026-09-29T19:57:11.475915+00:00,1789095600,1.35094,1.35149,1.35091,1.35148,2054,13,0,true
GBPUSD,GBPUSD,2026-09-29T19:57:11.475915+00:00,1789099200,1.35148,1.35154,1.35059,1.3508,2213,13,0,true
GBPUSD,GBPUSD,2026-09-29T19:57:11.475915+00:00,1789102800,1.35079,1.35081,1.34997,1.3503,1501,13,0,true
GBPUSD,GBPUSD,2026-09-29T19:57:11.475915+00:00,1789106400,1.35029,1.35036,1.34947,1.34989,1362,12,0,true
GBPUSD,GBPUSD,2026-09-29T19:57:11.475915+00:00,1789110000,1.34988,1.3506,1.34976,1.35019,1993,13,0,true
GBPUSD,GBPUSD,2026-09-29T19:57:11.475915+00:00,1789113600,1.3502,1.35133,1.35011,1.35094,2417,13,0,true
GBPUSD,GBPUSD,2026-09-29T19:57:11.475915+00:00,1789117200,1.351,1.35257,1.351,1.35237,2460,12,0,true
GBPUSD,GBPUSD,2026-09-29T19:57:11.475915+00:00,1789120800,1.35237,1.35252,1.3513,1.35149,2500,12,0,true
GBPUSD,GBPUSD,2026-09-29T19:57:11.475915+00:00,1789124400,1.35148,1.35164,1.35046,1.3505,3066,12,0,true
GBPUSD,GBPUSD,2026-09-29T19:57:11.475915+00:00,1789128000,1.35049,1.35141,1.3497,1.35079,2649,13,0,true
GBPUSD,GBPUSD,2026-09-29T19:57:11.475915+00:00,1789131600,1.3508,1.35123,1.35003,1.35045,2410,11,0,true
GBPUSD,GBPUSD,2026-09-29T19:57:11.475915+00:00,1789135200,1.35045,1.35094,1.3501,1.35029,2598,11,0,true
GBPUSD,GBPUSD,2026-09-29T19:57:11.475915+00:00,1789138800,1.35031,1.3523,1.34752,1.3523,4658,13,0,true
GBPUSD,GBPUSD,2026-09-29T19:57:11.475915+00:00,1789142400,1.3523,1.35339,1.35127,1.35309,4665,13,0,true
GBPUSD,GBPUSD,2026-09-29T19:57:11.475915+00:00,1789146000,1.35306,1.35334,1.3521,1.35285,3761,13,0,true
GBPUSD,GBPUSD,2026-09-29T19:57:11.475915+00:00,1789149600,1.35288,1.35302,1.35169,1.35194,3143,13,0,true
GBPUSD,GBPUSD,2026-09-29T19:57:11.475915+00:00,1789153200,1.35194,1.3525,1.35189,1.35224,2554,12,0,true
GBPUSD,GBPUSD,2026-09-29T19:57:11.475915+00:00,1789156800,1.35224,1.3526099999999999,1.35164,1.35227,2530,11,0,true
GBPUSD,GBPUSD,2026-09-29T19:57:11.475915+00:00,1789160400,1.35227,1.35269,1.35184,1.35237,1910,12,0,true
GBPUSD,GBPUSD,2026-09-29T19:57:11.475915+00:00,1789164000,1.35237,1.35275,1.35223,1.35256,1487,12,0,true
GBPUSD,GBPUSD,2026-09-29T19:57:11.475915+00:00,1789167600,1.35259,1.35278,1.35056,1.35056,1136,11,0,true
GBPUSD,GBPUSD,2026-09-29T19:57:11.475915+00:00,1789344000,1.34829,1.3526,1.34794,1.35232,2901,20,0,true
GBPUSD,GBPUSD,2026-09-29T19:57:11.475915+00:00,1789347600,1.35244,1.3525800000000001,1.35158,1.35218,2276,14,0,true
GBPUSD,GBPUSD,2026-09-29T19:57:11.475915+00:00,1789351200,1.35219,1.3525800000000001,1.35188,1.35244,1286,13,0,true
GBPUSD,GBPUSD,2026-09-29T19:57:11.475915+00:00,1789354800,1.35244,1.35276,1.35144,1.35174,2398,12,0,true
GBPUSD,GBPUSD,2026-09-29T19:57:11.475915+00:00,1789358400,1.35176,1.35185,1.35118,1.35157,2356,13,0,true
GBPUSD,GBPUSD,2026-09-29T19:57:11.475915+00:00,1789362000,1.35158,1.35189,1.35115,1.35119,1794,13,0,true
GBPUSD,GBPUSD,2026-09-29T19:57:11.475915+00:00,1789365600,1.35119,1.35119,1.35022,1.35047,2069,12,0,true
GBPUSD,GBPUSD,2026-09-29T19:57:11.475915+00:00,1789369200,1.35045,1.3506,1.35006,1.35026,1658,13,0,true
GBPUSD,GBPUSD,2026-09-29T19:57:11.475915+00:00,1789372800,1.35026,1.35055,1.34999,1.3505,1764,13,0,true
GBPUSD,GBPUSD,2026-09-29T19:57:11.475915+00:00,1789376400,1.3504800000000001,1.35049,1.34854,1.34904,3233,11,0,true
GBPUSD,GBPUSD,2026-09-29T19:57:11.475915+00:00,1789380000,1.34904,1.3498299999999999,1.34866,1.34912,3011,12,0,true
GBPUSD,GBPUSD,2026-09-29T19:57:11.475915+00:00,1789383600,1.34912,1.34923,1.34786,1.34825,2937,14,0,true
GBPUSD,GBPUSD,2026-09-29T19:57:11.475915+00:00,1789387200,1.34824,1.34898,1.34724,1.34867,3038,12,0,true
GBPUSD,GBPUSD,2026-09-29T19:57:11.475915+00:00,1789390800,1.34863,1.34875,1.34774,1.34855,2415,12,0,true
GBPUSD,GBPUSD,2026-09-29T19:57:11.475915+00:00,1789394400,1.34855,1.34954,1.34846,1.34898,2471,13,0,true
GBPUSD,GBPUSD,2026-09-29T19:57:11.475915+00:00,1789398000,1.3489900000000001,1.34945,1.3465799999999999,1.3468200000000001,3206,12,0,true
GBPUSD,GBPUSD,2026-09-29T19:57:11.475915+00:00,1789401600,1.34686,1.34767,1.34631,1.34669,3517,11,0,true
GBPUSD,GBPUSD,2026-09-29T19:57:11.475915+00:00,1789405200,1.34669,1.34816,1.34642,1.3474599999999999,3659,12,0,true
GBPUSD,GBPUSD,2026-09-29T19:57:11.475915+00:00,1789408800,1.34749,1.3492600000000001,1.34723,1.34917,3869,11,0,true
GBPUSD,GBPUSD,2026-09-29T19:57:11.475915+00:00,1789412400,1.34917,1.35079,1.34896,1.35046,2697,13,0,true
GBPUSD,GBPUSD,2026-09-29T19:57:11.475915+00:00,1789416000,1.35047,1.35089,1.35033,1.35071,2089,12,0,true
GBPUSD,GBPUSD,2026-09-29T19:57:11.475915+00:00,1789419600,1.35071,1.35128,1.3504800000000001,1.3510499999999999,2003,12,0,true
GBPUSD,GBPUSD,2026-09-29T19:57:11.475915+00:00,1789423200,1.35106,1.3511,1.34986,1.34991,2248,13,0,true
GBPUSD,GBPUSD,2026-09-29T19:57:11.475915+00:00,1789426800,1.34989,1.34999,1.3495300000000001,1.34973,1171,11,0,true
GBPUSD,GBPUSD,2026-09-29T19:57:11.475915+00:00,1789430400,1.34969,1.34992,1.3492899999999999,1.3498999999999999,421,22,0,true
GBPUSD,GBPUSD,2026-09-29T19:57:11.475915+00:00,1789434000,1.3498999999999999,1.35038,1.34957,1.35037,1077,15,0,true
GBPUSD,GBPUSD,2026-09-29T19:57:11.475915+00:00,1789437600,1.35037,1.35038,1.34975,1.34995,1444,13,0,true
GBPUSD,GBPUSD,2026-09-29T19:57:11.475915+00:00,1789441200,1.34995,1.35001,1.34938,1.34947,1334,12,0,true
GBPUSD,GBPUSD,2026-09-29T19:57:11.475915+00:00,1789444800,1.34947,1.3495599999999999,1.34851,1.34856,1353,13,0,true
GBPUSD,GBPUSD,2026-09-29T19:57:11.475915+00:00,1789448400,1.34856,1.34881,1.34826,1.34878,1223,12,0,true
GBPUSD,GBPUSD,2026-09-29T19:57:11.475915+00:00,1789452000,1.34878,1.34891,1.34845,1.34848,1787,13,0,true
GBPUSD,GBPUSD,2026-09-29T19:57:11.475915+00:00,1789455600,1.34848,1.34862,1.34819,1.34829,1213,12,0,true
GBPUSD,GBPUSD,2026-09-29T19:57:11.475915+00:00,1789459200,1.34829,1.34857,1.3480400000000001,1.34806,1920,12,0,true
GBPUSD,GBPUSD,2026-09-29T19:57:11.475915+00:00,1789462800,1.34805,1.3482,1.34633,1.34683,2469,13,0,true
GBPUSD,GBPUSD,2026-09-29T19:57:11.475915+00:00,1789466400,1.34684,1.34788,1.34644,1.34787,2664,13,0,true
GBPUSD,GBPUSD,2026-09-29T19:57:11.475915+00:00,1789470000,1.34786,1.34787,1.34676,1.34733,2849,13,0,true
GBPUSD,GBPUSD,2026-09-29T19:57:11.475915+00:00,1789473600,1.34733,1.34805,1.34673,1.3477299999999999,2106,13,0,true
GBPUSD,GBPUSD,2026-09-29T19:57:11.475915+00:00,1789477200,1.34772,1.34806,1.3473600000000001,1.34741,1709,12,0,true
GBPUSD,GBPUSD,2026-09-29T19:57:11.475915+00:00,1789480800,1.3474,1.34886,1.34732,1.34823,2053,13,0,true
GBPUSD,GBPUSD,2026-09-29T19:57:11.475915+00:00,1789484400,1.34822,1.34879,1.3479,1.34811,2242,11,0,true
GBPUSD,GBPUSD,2026-09-29T19:57:11.475915+00:00,1789488000,1.34809,1.34954,1.34787,1.34924,2859,12,0,true
GBPUSD,GBPUSD,2026-09-29T19:57:11.475915+00:00,1789491600,1.34923,1.34948,1.3486500000000001,1.34869,2959,13,0,true
GBPUSD,GBPUSD,2026-09-29T19:57:11.475915+00:00,1789495200,1.3486799999999999,1.34896,1.34731,1.34762,2695,12,0,true
GBPUSD,GBPUSD,2026-09-29T19:57:11.475915+00:00,1789498800,1.34762,1.34806,1.34689,1.3480400000000001,2350,13,0,true
GBPUSD,GBPUSD,2026-09-29T19:57:11.475915+00:00,1789502400,1.34805,1.34816,1.34727,1.3473600000000001,2110,12,0,true
GBPUSD,GBPUSD,2026-09-29T19:57:11.475915+00:00,1789506000,1.3473600000000001,1.34808,1.34713,1.34795,2121,13,0,true
GBPUSD,GBPUSD,2026-09-29T19:57:11.475915+00:00,1789509600,1.34795,1.3479700000000001,1.34728,1.34732,1330,12,0,true
GBPUSD,GBPUSD,2026-09-29T19:57:11.475915+00:00,1789513200,1.34731,1.34766,1.34701,1.34756,761,12,0,true
GBPUSD,GBPUSD,2026-09-29T19:57:11.475915+00:00,1789516800,1.34641,1.34727,1.34641,1.34673,589,59,0,true
GBPUSD,GBPUSD,2026-09-29T19:57:11.475915+00:00,1789520400,1.34673,1.3477999999999999,1.34671,1.34745,1080,15,0,true
GBPUSD,GBPUSD,2026-09-29T19:57:11.475915+00:00,1789524000,1.34745,1.3474599999999999,1.34684,1.34696,1010,12,0,true
GBPUSD,GBPUSD,2026-09-29T19:57:11.475915+00:00,1789527600,1.34696,1.34725,1.3465500000000001,1.3468499999999999,1692,13,0,true
GBPUSD,GBPUSD,2026-09-29T19:57:11.475915+00:00,1789531200,1.3468499999999999,1.34696,1.34646,1.3465099999999999,976,14,0,true
GBPUSD,GBPUSD,2026-09-29T19:57:11.475915+00:00,1789534800,1.3465099999999999,1.34787,1.34649,1.34785,1869,13,0,true
GBPUSD,GBPUSD,2026-09-29T19:57:11.475915+00:00,1789538400,1.34785,1.34808,1.34766,1.34788,1530,11,0,true
GBPUSD,GBPUSD,2026-09-29T19:57:11.475915+00:00,1789542000,1.34788,1.34849,1.34786,1.34836,1636,12,0,true
GBPUSD,GBPUSD,2026-09-29T19:57:11.475915+00:00,1789545600,1.34837,1.3494,1.34824,1.34906,2009,12,0,true
GBPUSD,GBPUSD,2026-09-29T19:57:11.475915+00:00,1789549200,1.34907,1.34948,1.3475,1.34795,2673,13,0,true
GBPUSD,GBPUSD,2026-09-29T19:57:11.475915+00:00,1789552800,1.34792,1.34837,1.34702,1.3470900000000001,2754,13,0,true
GBPUSD,GBPUSD,2026-09-29T19:57:11.475915+00:00,1789556400,1.3470900000000001,1.3474,1.34659,1.34697,2717,13,0,true
GBPUSD,GBPUSD,2026-09-29T19:57:11.475915+00:00,1789560000,1.34696,1.34724,1.34664,1.34665,2077,13,0,true
GBPUSD,GBPUSD,2026-09-29T19:57:11.475915+00:00,1789563600,1.34664,1.3470900000000001,1.3465099999999999,1.3470900000000001,1605,13,0,true
GBPUSD,GBPUSD,2026-09-29T19:57:11.475915+00:00,1789567200,1.34713,1.34722,1.34539,1.3455,2533,11,0,true
GBPUSD,GBPUSD,2026-09-29T19:57:11.475915+00:00,1789570800,1.3455,1.3459400000000001,1.34449,1.34567,2499,12,0,true
GBPUSD,GBPUSD,2026-09-29T19:57:11.475915+00:00,1789574400,1.3456299999999999,1.34603,1.34487,1.34488,2807,13,0,true
GBPUSD,GBPUSD,2026-09-29T19:57:11.475915+00:00,1789578000,1.34488,1.34622,1.34451,1.3453,2785,12,0,true
GBPUSD,GBPUSD,2026-09-29T19:57:11.475915+00:00,1789581600,1.3453,1.34575,1.34439,1.3444099999999999,2867,13,0,true
GBPUSD,GBPUSD,2026-09-29T19:57:11.475915+00:00,1789585200,1.3444099999999999,1.34501,1.34415,1.3444,1806,12,0,true
GBPUSD,GBPUSD,2026-09-29T19:57:11.475915+00:00,1789588800,1.3444,1.3449,1.34386,1.3448,1363,11,0,true
GBPUSD,GBPUSD,2026-09-29T19:57:11.475915+00:00,1789592400,1.3449,1.3458700000000001,1.33798,1.33806,5903,13,0,true
GBPUSD,GBPUSD,2026-09-29T19:57:11.475915+00:00,1789596000,1.33806,1.3391899999999999,1.33714,1.33859,5054,13,0,true
GBPUSD,GBPUSD,2026-09-29T19:57:11.475915+00:00,1789599600,1.33859,1.33888,1.33718,1.33718,1402,13,0,true
GBPUSD,GBPUSD,2026-09-29T19:57:11.475915+00:00,1789603200,1.33716,1.33811,1.33688,1.33748,610,26,0,true
GBPUSD,GBPUSD,2026-09-29T19:57:11.475915+00:00,1789606800,1.33744,1.33812,1.33738,1.33793,1340,13,0,true
GBPUSD,GBPUSD,2026-09-29T19:57:11.475915+00:00,1789610400,1.33792,1.3385,1.33779,1.3381,1406,13,0,true
GBPUSD,GBPUSD,2026-09-29T19:57:11.475915+00:00,1789614000,1.33811,1.33862,1.33712,1.33717,2432,12,0,true
GBPUSD,GBPUSD,2026-09-29T19:57:11.475915+00:00,1789617600,1.33717,1.33782,1.3369,1.3369900000000001,2072,12,0,true
GBPUSD,GBPUSD,2026-09-29T19:57:11.475915+00:00,1789621200,1.337,1.33761,1.33685,1.33698,1589,13,0,true
GBPUSD,GBPUSD,2026-09-29T19:57:11.475915+00:00,1789624800,1.33698,1.33739,1.33686,1.33728,1569,13,0,true
GBPUSD,GBPUSD,2026-09-29T19:57:11.475915+00:00,1789628400,1.33728,1.33803,1.33719,1.338,1647,11,0,true
GBPUSD,GBPUSD,2026-09-29T19:57:11.475915+00:00,1789632000,1.338,1.33822,1.33772,1.33808,2111,12,0,true
GBPUSD,GBPUSD,2026-09-29T19:57:11.475915+00:00,1789635600,1.33809,1.34012,1.33788,1.33979,2810,13,0,true
GBPUSD,GBPUSD,2026-09-29T19:57:11.475915+00:00,1789639200,1.33979,1.33982,1.33847,1.33877,2406,12,0,true
GBPUSD,GBPUSD,2026-09-29T19:57:11.475915+00:00,1789642800,1.33877,1.33952,1.33782,1.33942,2323,11,0,true
GBPUSD,GBPUSD,2026-09-29T19:57:11.475915+00:00,1789646400,1.33942,1.3399,1.33913,1.33931,2383,12,0,true
GBPUSD,GBPUSD,2026-09-29T19:57:11.475915+00:00,1789650000,1.33937,1.34054,1.33933,1.3403,2354,12,0,true
GBPUSD,GBPUSD,2026-09-29T19:57:11.475915+00:00,1789653600,1.34029,1.34029,1.3349,1.33689,3496,11,0,true
GBPUSD,GBPUSD,2026-09-29T19:57:11.475915+00:00,1789657200,1.33689,1.33945,1.3367499999999999,1.3385500000000001,3531,13,0,true
GBPUSD,GBPUSD,2026-09-29T19:57:11.475915+00:00,1789660800,1.3385500000000001,1.33872,1.33696,1.33728,3631,13,0,true
GBPUSD,GBPUSD,2026-09-29T19:57:11.475915+00:00,1789664400,1.33728,1.33796,1.33504,1.3351899999999999,3025,12,0,true
GBPUSD,GBPUSD,2026-09-29T19:57:11.475915+00:00,1789668000,1.3351899999999999,1.3359,1.33354,1.33446,3005,11,0,true
GBPUSD,GBPUSD,2026-09-29T19:57:11.475915+00:00,1789671600,1.33445,1.33501,1.33372,1.33478,2407,12,0,true
GBPUSD,GBPUSD,2026-09-29T19:57:11.475915+00:00,1789675200,1.33478,1.33518,1.33446,1.33491,1729,13,0,true
GBPUSD,GBPUSD,2026-09-29T19:57:11.475915+00:00,1789678800,1.3349199999999999,1.3355000000000001,1.3348,1.33518,1570,12,0,true
GBPUSD,GBPUSD,2026-09-29T19:57:11.475915+00:00,1789682400,1.33518,1.33582,1.33517,1.33568,1492,13,0,true
GBPUSD,GBPUSD,2026-09-29T19:57:11.475915+00:00,1789686000,1.33568,1.33582,1.33521,1.3357700000000001,690,13,0,true
GBPUSD,GBPUSD,2026-09-29T19:57:11.475915+00:00,1789689600,1.33571,1.3358400000000001,1.33441,1.33513,636,33,0,true
GBPUSD,GBPUSD,2026-09-29T19:57:11.475915+00:00,1789693200,1.3351199999999999,1.33593,1.3351199999999999,1.3357999999999999,994,13,0,true
GBPUSD,GBPUSD,2026-09-29T19:57:11.475915+00:00,1789696800,1.3357999999999999,1.33591,1.33547,1.33552,876,13,0,true
GBPUSD,GBPUSD,2026-09-29T19:57:11.475915+00:00,1789700400,1.33551,1.3361100000000001,1.33545,1.33601,1860,13,0,true
GBPUSD,GBPUSD,2026-09-29T19:57:11.475915+00:00,1789704000,1.3360400000000001,1.33628,1.33552,1.33617,1896,13,0,true
GBPUSD,GBPUSD,2026-09-29T19:57:11.475915+00:00,1789707600,1.33617,1.33618,1.33563,1.33597,1713,13,0,true
GBPUSD,GBPUSD,2026-09-29T19:57:11.475915+00:00,1789711200,1.33598,1.33713,1.33586,1.3371,2069,13,0,true
GBPUSD,GBPUSD,2026-09-29T19:57:11.475915+00:00,1789714800,1.3371,1.33748,1.3368,1.33681,1321,13,0,true
GBPUSD,GBPUSD,2026-09-29T19:57:11.475915+00:00,1789718400,1.33681,1.33696,1.33603,1.33608,1313,13,0,true
GBPUSD,GBPUSD,2026-09-29T19:57:11.475915+00:00,1789722000,1.33603,1.3374,1.33603,1.33693,2619,13,0,true
GBPUSD,GBPUSD,2026-09-29T19:57:11.475915+00:00,1789725600,1.33695,1.3372,1.33599,1.33663,2379,13,0,true
GBPUSD,GBPUSD,2026-09-29T19:57:11.475915+00:00,1789729200,1.33663,1.33719,1.33642,1.33698,2193,12,0,true
GBPUSD,GBPUSD,2026-09-29T19:57:11.475915+00:00,1789732800,1.33698,1.33719,1.3363399999999999,1.33698,1821,13,0,true
GBPUSD,GBPUSD,2026-09-29T19:57:11.475915+00:00,1789736400,1.33698,1.3371,1.3348900000000001,1.33571,2035,13,0,true
GBPUSD,GBPUSD,2026-09-29T19:57:11.475915+00:00,1789740000,1.33571,1.33633,1.33417,1.33462,3080,12,0,true
GBPUSD,GBPUSD,2026-09-29T19:57:11.475915+00:00,1789743600,1.33463,1.33502,1.33346,1.33477,3248,11,0,true
GBPUSD,GBPUSD,2026-09-29T19:57:11.475915+00:00,1789747200,1.33476,1.33497,1.33386,1.33388,2943,12,0,true
GBPUSD,GBPUSD,2026-09-29T19:57:11.475915+00:00,1789750800,1.3338700000000001,1.3365,1.33385,1.33595,3180,12,0,true
GBPUSD,GBPUSD,2026-09-29T19:57:11.475915+00:00,1789754400,1.33595,1.33758,1.3355299999999999,1.33698,3142,13,0,true
GBPUSD,GBPUSD,2026-09-29T19:57:11.475915+00:00,1789758000,1.33698,1.33849,1.33683,1.33815,2493,13,0,true
GBPUSD,GBPUSD,2026-09-29T19:57:11.475915+00:00,1789761600,1.33815,1.33932,1.33815,1.33887,2242,13,0,true
GBPUSD,GBPUSD,2026-09-29T19:57:11.475915+00:00,1789765200,1.33886,1.3391899999999999,1.33863,1.33893,1469,13,0,true
GBPUSD,GBPUSD,2026-09-29T19:57:11.475915+00:00,1789768800,1.339,1.33968,1.33896,1.33931,1250,12,0,true
GBPUSD,GBPUSD,2026-09-29T19:57:11.475915+00:00,1789772400,1.33932,1.33971,1.33846,1.33846,1293,13,0,true
GBPUSD,GBPUSD,2026-09-29T19:57:11.475915+00:00,1789948800,1.33632,1.33888,1.33623,1.3378999999999999,1647,43,0,true
GBPUSD,GBPUSD,2026-09-29T19:57:11.475915+00:00,1789952400,1.3381,1.33932,1.33806,1.33886,1249,13,0,true
GBPUSD,GBPUSD,2026-09-29T19:57:11.475915+00:00,1789956000,1.33886,1.33903,1.33866,1.3388200000000001,1107,12,0,true
GBPUSD,GBPUSD,2026-09-29T19:57:11.475915+00:00,1789959600,1.3388200000000001,1.33921,1.33867,1.33869,1474,12,0,true
GBPUSD,GBPUSD,2026-09-29T19:57:11.475915+00:00,1789963200,1.33872,1.33923,1.33871,1.33883,1461,13,0,true
GBPUSD,GBPUSD,2026-09-29T19:57:11.475915+00:00,1789966800,1.33883,1.33887,1.33813,1.33819,954,14,0,true
GBPUSD,GBPUSD,2026-09-29T19:57:11.475915+00:00,1789970400,1.33819,1.33861,1.33788,1.33813,1299,11,0,true
GBPUSD,GBPUSD,2026-09-29T19:57:11.475915+00:00,1789974000,1.33813,1.3383,1.33728,1.33772,1261,13,0,true
GBPUSD,GBPUSD,2026-09-29T19:57:11.475915+00:00,1789977600,1.33772,1.33781,1.33744,1.33748,1098,14,0,true
GBPUSD,GBPUSD,2026-09-29T19:57:11.475915+00:00,1789981200,1.33749,1.3382100000000001,1.33716,1.33764,1846,13,0,true
GBPUSD,GBPUSD,2026-09-29T19:57:11.475915+00:00,1789984800,1.33765,1.33817,1.33678,1.3378700000000001,2420,13,0,true
GBPUSD,GBPUSD,2026-09-29T19:57:11.475915+00:00,1789988400,1.3378700000000001,1.33879,1.3378700000000001,1.33819,1854,12,0,true
GBPUSD,GBPUSD,2026-09-29T19:57:11.475915+00:00,1789992000,1.33819,1.3386,1.3378700000000001,1.33827,1775,12,0,true
GBPUSD,GBPUSD,2026-09-29T19:57:11.475915+00:00,1789995600,1.33827,1.33842,1.3378700000000001,1.33798,1593,12,0,true
GBPUSD,GBPUSD,2026-09-29T19:57:11.475915+00:00,1789999200,1.33798,1.33963,1.33798,1.3394,1923,12,0,true
GBPUSD,GBPUSD,2026-09-29T19:57:11.475915+00:00,1790002800,1.3394,1.33993,1.33884,1.33903,1781,13,0,true
GBPUSD,GBPUSD,2026-09-29T19:57:11.475915+00:00,1790006400,1.33903,1.33934,1.33779,1.33788,2101,13,0,true
GBPUSD,GBPUSD,2026-09-29T19:57:11.475915+00:00,1790010000,1.33788,1.3378999999999999,1.33677,1.3372600000000001,3148,12,0,true
GBPUSD,GBPUSD,2026-09-29T19:57:11.475915+00:00,1790013600,1.3372899999999999,1.33745,1.33664,1.33694,2446,12,0,true
GBPUSD,GBPUSD,2026-09-29T19:57:11.475915+00:00,1790017200,1.33695,1.33746,1.33674,1.33685,2096,11,0,true
GBPUSD,GBPUSD,2026-09-29T19:57:11.475915+00:00,1790020800,1.33684,1.33723,1.33667,1.33693,1753,11,0,true
GBPUSD,GBPUSD,2026-09-29T19:57:11.475915+00:00,1790024400,1.33694,1.3372,1.33644,1.33679,1797,11,0,true
GBPUSD,GBPUSD,2026-09-29T19:57:11.475915+00:00,1790028000,1.33679,1.33734,1.33661,1.33662,1415,13,0,true
GBPUSD,GBPUSD,2026-09-29T19:57:11.475915+00:00,1790031600,1.33662,1.33703,1.33647,1.33647,734,13,0,true
GBPUSD,GBPUSD,2026-09-29T19:57:11.475915+00:00,1790035200,1.33583,1.337,1.33575,1.33608,847,52,0,true
GBPUSD,GBPUSD,2026-09-29T19:57:11.475915+00:00,1790038800,1.33608,1.337,1.33571,1.33695,895,15,0,true
GBPUSD,GBPUSD,2026-09-29T19:57:11.475915+00:00,1790042400,1.33695,1.33698,1.3367499999999999,1.33679,651,15,0,true
GBPUSD,GBPUSD,2026-09-29T19:57:11.475915+00:00,1790046000,1.33679,1.33749,1.3367499999999999,1.3373300000000001,1189,12,0,true
GBPUSD,GBPUSD,2026-09-29T19:57:11.475915+00:00,1790049600,1.3373300000000001,1.3373599999999999,1.33613,1.33633,2027,12,0,true
GBPUSD,GBPUSD,2026-09-29T19:57:11.475915+00:00,1790053200,1.33633,1.33748,1.3363,1.33741,1729,13,0,true
GBPUSD,GBPUSD,2026-09-29T19:57:11.475915+00:00,1790056800,1.33741,1.3383,1.33723,1.33817,1374,13,0,true
GBPUSD,GBPUSD,2026-09-29T19:57:11.475915+00:00,1790060400,1.33817,1.33862,1.338,1.3386,1289,13,0,true
GBPUSD,GBPUSD,2026-09-29T19:57:11.475915+00:00,1790064000,1.3386,1.33864,1.33795,1.33806,1346,13,0,true
GBPUSD,GBPUSD,2026-09-29T19:57:11.475915+00:00,1790067600,1.33805,1.33805,1.33663,1.3373,2716,13,0,true
GBPUSD,GBPUSD,2026-09-29T19:57:11.475915+00:00,1790071200,1.3373,1.33732,1.33536,1.33537,2932,12,0,true
GBPUSD,GBPUSD,2026-09-29T19:57:11.475915+00:00,1790074800,1.33535,1.33635,1.33255,1.33563,3839,12,0,true
GBPUSD,GBPUSD,2026-09-29T19:57:11.475915+00:00,1790078400,1.33563,1.33707,1.33465,1.3369900000000001,3241,12,0,true
GBPUSD,GBPUSD,2026-09-29T19:57:11.475915+00:00,1790082000,1.3369900000000001,1.33727,1.33615,1.33637,2482,13,0,true
GBPUSD,GBPUSD,2026-09-29T19:57:11.475915+00:00,1790085600,1.33636,1.33652,1.3353,1.33598,2489,13,0,true
GBPUSD,GBPUSD,2026-09-29T19:57:11.475915+00:00,1790089200,1.33599,1.3370600000000001,1.33523,1.3354300000000001,2533,13,0,true
GBPUSD,GBPUSD,2026-09-29T19:57:11.475915+00:00,1790092800,1.3354300000000001,1.33653,1.33534,1.33579,2882,12,0,true
GBPUSD,GBPUSD,2026-09-29T19:57:11.475915+00:00,1790096400,1.33578,1.33615,1.3342100000000001,1.33463,3078,11,0,true
GBPUSD,GBPUSD,2026-09-29T19:57:11.475915+00:00,1790100000,1.33463,1.33467,1.33225,1.33234,3234,13,0,true
GBPUSD,GBPUSD,2026-09-29T19:57:11.475915+00:00,1790103600,1.33234,1.33304,1.33206,1.33298,3048,14,0,true
GBPUSD,GBPUSD,2026-09-29T19:57:11.475915+00:00,1790107200,1.33298,1.33348,1.33223,1.3330899999999999,2397,13,0,true
GBPUSD,GBPUSD,2026-09-29T19:57:11.475915+00:00,1790110800,1.3330899999999999,1.33364,1.33282,1.33338,2550,13,0,true
GBPUSD,GBPUSD,2026-09-29T19:57:11.475915+00:00,1790114400,1.33335,1.33486,1.33331,1.3342,2672,14,0,true
GBPUSD,GBPUSD,2026-09-29T19:57:11.475915+00:00,1790118000,1.33418,1.33454,1.334,1.33422,989,13,0,true
GBPUSD,GBPUSD,2026-09-29T19:57:11.475915+00:00,1790121600,1.33319,1.33452,1.33319,1.33388,502,26,0,true
GBPUSD,GBPUSD,2026-09-29T19:57:11.475915+00:00,1790125200,1.33375,1.33446,1.33351,1.3342100000000001,770,15,0,true
GBPUSD,GBPUSD,2026-09-29T19:57:11.475915+00:00,1790128800,1.33422,1.33447,1.33409,1.33426,954,14,0,true
GBPUSD,GBPUSD,2026-09-29T19:57:11.475915+00:00,1790132400,1.33425,1.33433,1.33358,1.33365,1388,12,0,true
GBPUSD,GBPUSD,2026-09-29T19:57:11.475915+00:00,1790136000,1.33365,1.3336700000000001,1.3324799999999999,1.33271,1546,12,0,true
GBPUSD,GBPUSD,2026-09-29T19:57:11.475915+00:00,1790139600,1.33269,1.3327,1.33216,1.33233,1547,13,0,true
GBPUSD,GBPUSD,2026-09-29T19:57:11.475915+00:00,1790143200,1.33232,1.33232,1.33147,1.33148,1542,13,0,true
GBPUSD,GBPUSD,2026-09-29T19:57:11.475915+00:00,1790146800,1.33149,1.33193,1.33144,1.33152,895,13,0,true
GBPUSD,GBPUSD,2026-09-29T19:57:11.475915+00:00,1790150400,1.3315000000000001,1.33167,1.33099,1.33125,1208,13,0,true
GBPUSD,GBPUSD,2026-09-29T19:57:11.475915+00:00,1790154000,1.33125,1.33217,1.33077,1.33161,2543,13,0,true
GBPUSD,GBPUSD,2026-09-29T19:57:11.475915+00:00,1790157600,1.33161,1.33175,1.3300100000000001,1.33009,2525,13,0,true
GBPUSD,GBPUSD,2026-09-29T19:57:11.475915+00:00,1790161200,1.3301,1.33083,1.32926,1.33003,2632,13,0,true
GBPUSD,GBPUSD,2026-09-29T19:57:11.475915+00:00,1790164800,1.33002,1.33016,1.3279,1.32792,2166,13,0,true
GBPUSD,GBPUSD,2026-09-29T19:57:11.475915+00:00,1790168400,1.32791,1.32913,1.32766,1.32912,2727,12,0,true
GBPUSD,GBPUSD,2026-09-29T19:57:11.475915+00:00,1790172000,1.32914,1.32951,1.32733,1.32789,2637,12,0,true
GBPUSD,GBPUSD,2026-09-29T19:57:11.475915+00:00,1790175600,1.32786,1.32797,1.32625,1.32748,2727,11,0,true
GBPUSD,GBPUSD,2026-09-29T19:57:11.475915+00:00,1790179200,1.32749,1.3288,1.32503,1.32602,4437,12,0,true
GBPUSD,GBPUSD,2026-09-29T19:57:11.475915+00:00,1790182800,1.32602,1.3268,1.32471,1.32642,4881,11,0,true
GBPUSD,GBPUSD,2026-09-29T19:57:11.475915+00:00,1790186400,1.32643,1.32654,1.3247,1.32503,3480,11,0,true
GBPUSD,GBPUSD,2026-09-29T19:57:11.475915+00:00,1790190000,1.32503,1.32527,1.32293,1.3232599999999999,2945,12,0,true
GBPUSD,GBPUSD,2026-09-29T19:57:11.475915+00:00,1790193600,1.3232599999999999,1.32529,1.32227,1.32518,3995,12,0,true
GBPUSD,GBPUSD,2026-09-29T19:57:11.475915+00:00,1790197200,1.32516,1.3253599999999999,1.32379,1.32419,2620,12,0,true
GBPUSD,GBPUSD,2026-09-29T19:57:11.475915+00:00,1790200800,1.32419,1.3244500000000001,1.32375,1.32406,2469,13,0,true
GBPUSD,GBPUSD,2026-09-29T19:57:11.475915+00:00,1790204400,1.32406,1.3244799999999999,1.32364,1.32365,818,11,0,true
GBPUSD,GBPUSD,2026-09-29T19:57:11.475915+00:00,1790208000,1.32301,1.32432,1.32301,1.32376,504,42,0,true
GBPUSD,GBPUSD,2026-09-29T19:57:11.475915+00:00,1790211600,1.32376,1.32425,1.32354,1.32413,1134,12,0,true
GBPUSD,GBPUSD,2026-09-29T19:57:11.475915+00:00,1790215200,1.32413,1.32417,1.32365,1.3237,820,13,0,true
GBPUSD,GBPUSD,2026-09-29T19:57:11.475915+00:00,1790218800,1.3237,1.32404,1.32222,1.32281,1824,13,0,true
GBPUSD,GBPUSD,2026-09-29T19:57:11.475915+00:00,1790222400,1.3228,1.32368,1.32268,1.32318,2774,13,0,true
GBPUSD,GBPUSD,2026-09-29T19:57:11.475915+00:00,1790226000,1.32318,1.32424,1.32237,1.32408,1945,13,0,true
GBPUSD,GBPUSD,2026-09-29T19:57:11.475915+00:00,1790229600,1.32408,1.3243800000000001,1.32338,1.32348,1082,13,0,true
GBPUSD,GBPUSD,2026-09-29T19:57:11.475915+00:00,1790233200,1.32348,1.3243800000000001,1.3232,1.32408,1457,13,0,true
GBPUSD,GBPUSD,2026-09-29T19:57:11.475915+00:00,1790236800,1.32408,1.32439,1.3231600000000001,1.32317,1635,13,0,true
GBPUSD,GBPUSD,2026-09-29T19:57:11.475915+00:00,1790240400,1.32314,1.32497,1.32307,1.32437,3308,13,0,true
GBPUSD,GBPUSD,2026-09-29T19:57:11.475915+00:00,1790244000,1.32429,1.32551,1.3238400000000001,1.32452,3232,12,0,true
GBPUSD,GBPUSD,2026-09-29T19:57:11.475915+00:00,1790247600,1.32451,1.3254299999999999,1.32298,1.32364,3689,12,0,true
GBPUSD,GBPUSD,2026-09-29T19:57:11.475915+00:00,1790251200,1.32365,1.32409,1.32241,1.32284,2804,13,0,true
GBPUSD,GBPUSD,2026-09-29T19:57:11.475915+00:00,1790254800,1.32284,1.32291,1.32137,1.32281,3170,12,0,true
GBPUSD,GBPUSD,2026-09-29T19:57:11.475915+00:00,1790258400,1.32281,1.32315,1.32192,1.32217,3041,11,0,true
GBPUSD,GBPUSD,2026-09-29T19:57:11.475915+00:00,1790262000,1.32215,1.32318,1.32142,1.32308,3333,13,0,true
GBPUSD,GBPUSD,2026-09-29T19:57:11.475915+00:00,1790265600,1.32307,1.32328,1.3215,1.32223,3904,11,0,true
GBPUSD,GBPUSD,2026-09-29T19:57:11.475915+00:00,1790269200,1.32218,1.32259,1.32096,1.32178,3898,13,0,true
GBPUSD,GBPUSD,2026-09-29T19:57:11.475915+00:00,1790272800,1.32178,1.32189,1.32087,1.32135,3087,13,0,true
GBPUSD,GBPUSD,2026-09-29T19:57:11.475915+00:00,1790276400,1.3214299999999999,1.32393,1.32111,1.3228,4055,12,0,true
GBPUSD,GBPUSD,2026-09-29T19:57:11.475915+00:00,1790280000,1.3228,1.32349,1.32096,1.32116,3445,12,0,true
GBPUSD,GBPUSD,2026-09-29T19:57:11.475915+00:00,1790283600,1.32115,1.32215,1.32033,1.32161,3458,13,0,true
GBPUSD,GBPUSD,2026-09-29T19:57:11.475915+00:00,1790287200,1.32161,1.3220100000000001,1.3210600000000001,1.32196,2554,12,0,true
GBPUSD,GBPUSD,2026-09-29T19:57:11.475915+00:00,1790290800,1.32198,1.3220100000000001,1.32105,1.32164,1164,12,0,true
GBPUSD,GBPUSD,2026-09-29T19:57:11.475915+00:00,1790294400,1.3216700000000001,1.3216700000000001,1.32043,1.32128,3119,36,0,true
GBPUSD,GBPUSD,2026-09-29T19:57:11.475915+00:00,1790298000,1.32128,1.32181,1.32127,1.32146,846,13,0,true
GBPUSD,GBPUSD,2026-09-29T19:57:11.475915+00:00,1790301600,1.32146,1.32165,1.32083,1.32083,981,14,0,true
GBPUSD,GBPUSD,2026-09-29T19:57:11.475915+00:00,1790305200,1.32083,1.32147,1.3208199999999999,1.3213300000000001,2185,13,0,true
GBPUSD,GBPUSD,2026-09-29T19:57:11.475915+00:00,1790308800,1.3213300000000001,1.32227,1.32121,1.3214000000000001,2149,13,0,true
GBPUSD,GBPUSD,2026-09-29T19:57:11.475915+00:00,1790312400,1.3214000000000001,1.32182,1.32118,1.32126,1483,13,0,true
GBPUSD,GBPUSD,2026-09-29T19:57:11.475915+00:00,1790316000,1.32126,1.32135,1.32094,1.32105,1210,12,0,true
GBPUSD,GBPUSD,2026-09-29T19:57:11.475915+00:00,1790319600,1.32105,1.32131,1.32096,1.3212,1162,14,0,true
GBPUSD,GBPUSD,2026-09-29T19:57:11.475915+00:00,1790323200,1.3212,1.3219,1.3211300000000001,1.32168,1706,13,0,true
GBPUSD,GBPUSD,2026-09-29T19:57:11.475915+00:00,1790326800,1.3216700000000001,1.32285,1.32162,1.3223799999999999,2768,12,0,true
GBPUSD,GBPUSD,2026-09-29T19:57:11.475915+00:00,1790330400,1.32236,1.32305,1.32163,1.32304,3130,12,0,true
GBPUSD,GBPUSD,2026-09-29T19:57:11.475915+00:00,1790334000,1.32305,1.324,1.32275,1.32325,3068,13,0,true
GBPUSD,GBPUSD,2026-09-29T19:57:11.475915+00:00,1790337600,1.3232300000000001,1.3241399999999999,1.32298,1.32399,2902,13,0,true
GBPUSD,GBPUSD,2026-09-29T19:57:11.475915+00:00,1790341200,1.32397,1.32493,1.32396,1.3243,2657,13,0,true
GBPUSD,GBPUSD,2026-09-29T19:57:11.475915+00:00,1790344800,1.32431,1.32585,1.32425,1.32497,3140,13,0,true
GBPUSD,GBPUSD,2026-09-29T19:57:11.475915+00:00,1790348400,1.32498,1.32568,1.32473,1.32561,2664,12,0,true
GBPUSD,GBPUSD,2026-09-29T19:57:11.475915+00:00,1790352000,1.3256299999999999,1.32627,1.32476,1.32523,3425,13,0,true
GBPUSD,GBPUSD,2026-09-29T19:57:11.475915+00:00,1790355600,1.32527,1.32537,1.3238699999999999,1.32443,3385,13,0,true
GBPUSD,GBPUSD,2026-09-29T19:57:11.475915+00:00,1790359200,1.32444,1.32467,1.32285,1.32467,3563,12,0,true
GBPUSD,GBPUSD,2026-09-29T19:57:11.475915+00:00,1790362800,1.3247,1.32612,1.3237999999999999,1.3241399999999999,4078,13,0,true
GBPUSD,GBPUSD,2026-09-29T19:57:11.475915+00:00,1790366400,1.3241800000000001,1.32464,1.32392,1.3241,2455,13,0,true
GBPUSD,GBPUSD,2026-09-29T19:57:11.475915+00:00,1790370000,1.3241,1.32529,1.32406,1.32508,1998,13,0,true
GBPUSD,GBPUSD,2026-09-29T19:57:11.475915+00:00,1790373600,1.3250600000000001,1.32537,1.3247499999999999,1.32483,2278,13,0,true
GBPUSD,GBPUSD,2026-09-29T19:57:11.475915+00:00,1790377200,1.32483,1.32498,1.32302,1.32302,1377,13,0,true
GBPUSD,GBPUSD,2026-09-29T19:57:11.475915+00:00,1790553600,1.31863,1.3235999999999999,1.31781,1.32332,357,22,0,true
GBPUSD,GBPUSD,2026-09-29T19:57:11.475915+00:00,1790557200,1.32329,1.32392,1.32243,1.3225500000000001,1928,15,0,true
GBPUSD,GBPUSD,2026-09-29T19:57:11.475915+00:00,1790560800,1.32263,1.32286,1.32229,1.32275,1419,13,0,true
GBPUSD,GBPUSD,2026-09-29T19:57:11.475915+00:00,1790564400,1.32274,1.32379,1.3226499999999999,1.32359,2761,12,0,true
GBPUSD,GBPUSD,2026-09-29T19:57:11.475915+00:00,1790568000,1.32358,1.32439,1.32324,1.32424,2753,13,0,true
GBPUSD,GBPUSD,2026-09-29T19:57:11.475915+00:00,1790571600,1.32424,1.32453,1.32407,1.3242,1361,14,0,true
GBPUSD,GBPUSD,2026-09-29T19:57:11.475915+00:00,1790575200,1.32424,1.32458,1.3238699999999999,1.32413,954,12,0,true
GBPUSD,GBPUSD,2026-09-29T19:57:11.475915+00:00,1790578800,1.32413,1.32466,1.32402,1.32423,1148,13,0,true
GBPUSD,GBPUSD,2026-09-29T19:57:11.475915+00:00,1790582400,1.32424,1.32461,1.3235299999999999,1.32399,1772,13,0,true
GBPUSD,GBPUSD,2026-09-29T19:57:11.475915+00:00,1790586000,1.32399,1.32429,1.32307,1.3241,2985,13,0,true
GBPUSD,GBPUSD,2026-09-29T19:57:11.475915+00:00,1790589600,1.32409,1.3266499999999999,1.32346,1.32639,3571,12,0,true
GBPUSD,GBPUSD,2026-09-29T19:57:11.475915+00:00,1790593200,1.32638,1.32738,1.32598,1.32675,3510,13,0,true
GBPUSD,GBPUSD,2026-09-29T19:57:11.475915+00:00,1790596800,1.32674,1.32686,1.3256299999999999,1.32572,2620,13,0,true
GBPUSD,GBPUSD,2026-09-29T19:57:11.475915+00:00,1790600400,1.32572,1.32587,1.3248,1.3256700000000001,2439,11,0,true
GBPUSD,GBPUSD,2026-09-29T19:57:11.475915+00:00,1790604000,1.32568,1.3266,1.32484,1.32614,2457,13,0,true
GBPUSD,GBPUSD,2026-09-29T19:57:11.475915+00:00,1790607600,1.32616,1.32667,1.32496,1.32571,3494,13,0,true
GBPUSD,GBPUSD,2026-09-29T19:57:11.475915+00:00,1790611200,1.32571,1.327,1.32446,1.32634,4178,11,0,true
GBPUSD,GBPUSD,2026-09-29T19:57:11.475915+00:00,1790614800,1.32634,1.32747,1.32396,1.3249900000000001,3890,13,0,true
GBPUSD,GBPUSD,2026-09-29T19:57:11.475915+00:00,1790618400,1.3249900000000001,1.3258,1.32464,1.32551,2876,13,0,true
GBPUSD,GBPUSD,2026-09-29T19:57:11.475915+00:00,1790622000,1.32549,1.32793,1.32515,1.32637,3481,13,0,true
GBPUSD,GBPUSD,2026-09-29T19:57:11.475915+00:00,1790625600,1.32634,1.3274599999999999,1.32598,1.32659,3171,13,0,true
GBPUSD,GBPUSD,2026-09-29T19:57:11.475915+00:00,1790629200,1.3266499999999999,1.32675,1.32549,1.32589,2501,12,0,true
GBPUSD,GBPUSD,2026-09-29T19:57:11.475915+00:00,1790632800,1.32589,1.32596,1.32503,1.32504,2041,12,0,true
GBPUSD,GBPUSD,2026-09-29T19:57:11.475915+00:00,1790636400,1.32504,1.32542,1.32485,1.32528,1081,13,0,true
GBPUSD,GBPUSD,2026-09-29T19:57:11.475915+00:00,1790640000,1.32528,1.3254000000000001,1.32481,1.32525,495,27,0,true
GBPUSD,GBPUSD,2026-09-29T19:57:11.475915+00:00,1790643600,1.32525,1.32571,1.32503,1.32538,680,14,0,true
GBPUSD,GBPUSD,2026-09-29T19:57:11.475915+00:00,1790647200,1.32538,1.32546,1.32522,1.32532,601,12,0,true
GBPUSD,GBPUSD,2026-09-29T19:57:11.475915+00:00,1790650800,1.32535,1.32535,1.32422,1.3246,2173,13,0,true
GBPUSD,GBPUSD,2026-09-29T19:57:11.475915+00:00,1790654400,1.32458,1.32505,1.3244799999999999,1.3247499999999999,2159,12,0,true
GBPUSD,GBPUSD,2026-09-29T19:57:11.475915+00:00,1790658000,1.3247499999999999,1.32547,1.3247200000000001,1.32494,1596,13,0,true
GBPUSD,GBPUSD,2026-09-29T19:57:11.475915+00:00,1790661600,1.32494,1.32504,1.3237700000000001,1.32389,1098,12,0,true
GBPUSD,GBPUSD,2026-09-29T19:57:11.475915+00:00,1790665200,1.32389,1.3242099999999999,1.32329,1.32344,1369,11,0,true
GBPUSD,GBPUSD,2026-09-29T19:57:11.475915+00:00,1790668800,1.32344,1.32398,1.32287,1.32324,1923,12,0,true
GBPUSD,GBPUSD,2026-09-29T19:57:11.475915+00:00,1790672400,1.32324,1.32443,1.3232300000000001,1.32395,2438,12,0,true
GBPUSD,GBPUSD,2026-09-29T19:57:11.475915+00:00,1790676000,1.32395,1.32422,1.32264,1.3232599999999999,2919,12,0,true
GBPUSD,GBPUSD,2026-09-29T19:57:11.475915+00:00,1790679600,1.3232599999999999,1.32405,1.32282,1.3235700000000001,2714,12,0,true
GBPUSD,GBPUSD,2026-09-29T19:57:11.475915+00:00,1790683200,1.32358,1.32367,1.32214,1.32218,2597,11,0,true
GBPUSD,GBPUSD,2026-09-29T19:57:11.475915+00:00,1790686800,1.32218,1.3238699999999999,1.3220399999999999,1.32383,1928,12,0,true
GBPUSD,GBPUSD,2026-09-29T19:57:11.475915+00:00,1790690400,1.3238400000000001,1.3245,1.32313,1.32446,2646,13,0,true
GBPUSD,GBPUSD,2026-09-29T19:57:11.475915+00:00,1790694000,1.32446,1.32516,1.32233,1.32233,3011,13,0,true
GBPUSD,GBPUSD,2026-09-29T19:57:11.475915+00:00,1790697600,1.32233,1.32328,1.3216700000000001,1.32234,3404,12,0,true
GBPUSD,GBPUSD,2026-09-29T19:57:11.475915+00:00,1790701200,1.3224,1.32294,1.32135,1.3213599999999999,3898,13,0,true
GBPUSD,GBPUSD,2026-09-29T19:57:11.475915+00:00,1790704800,1.3213599999999999,1.32163,1.3201399999999999,1.32094,3255,13,0,true
GBPUSD,GBPUSD,2026-09-29T19:57:11.475915+00:00,1790708400,1.32094,1.32154,1.32033,1.32047,2600,12,0,true
GBPUSD,GBPUSD,2026-09-29T19:57:11.475915+00:00,1790712000,1.32047,1.32111,1.32039,1.32046,2159,13,0,true
GBPUSD,GBPUSD,2026-09-29T19:57:11.475915+00:00,1790715600,1.32046,1.32333,1.32046,1.32275,3719,11,0,true
