check_name,instrument,result,severity,evidence_path,rule_applied,remediation_needed,G1_impact
"schema_validation","EURUSD","PASS","INFO","ml-signal-service\data\raw\mt5\H1\EURUSD_H1.csv","columns present: open,high,low,close,volume,datetime","none","NONE"
"schema_validation","GBPUSD","PASS","INFO","ml-signal-service\data\raw\mt5\H1\GBPUSD_H1.csv","columns present: open,high,low,close,volume,datetime","none","NONE"
"monotonic_timestamps","EURUSD","PASS","INFO","ml-signal-service\data\raw\mt5\H1\EURUSD_H1.csv","strictly increasing datetimes","none","NONE"
"monotonic_timestamps","GBPUSD","PASS","INFO","ml-signal-service\data\raw\mt5\H1\GBPUSD_H1.csv","strictly increasing datetimes","none","NONE"
"duplicate_timestamps","EURUSD","PASS","INFO","ml-signal-service\data\raw\mt5\H1\EURUSD_H1.csv","0 duplicate datetimes","none","NONE"
"duplicate_timestamps","GBPUSD","PASS","INFO","ml-signal-service\data\raw\mt5\H1\GBPUSD_H1.csv","0 duplicate datetimes","none","NONE"
"null_fields","EURUSD","PASS","INFO","ml-signal-service\data\raw\mt5\H1\EURUSD_H1.csv","0 nulls","none","NONE"
"null_fields","GBPUSD","PASS","INFO","ml-signal-service\data\raw\mt5\H1\GBPUSD_H1.csv","0 nulls","none","NONE"
"ohlc_integrity","EURUSD","PASS","INFO","ml-signal-service\data\raw\mt5\H1\EURUSD_H1.csv","high>=max(open,close); low<=min(open,close); high>=low; positive","none","NONE"
"ohlc_integrity","GBPUSD","PASS","INFO","ml-signal-service\data\raw\mt5\H1\GBPUSD_H1.csv","high>=max(open,close); low<=min(open,close); high>=low; positive","none","NONE"
"volume_nonzero","EURUSD","PASS","INFO","ml-signal-service\data\raw\mt5\H1\EURUSD_H1.csv","volume>0 for all rows (min 1, max 75410); tick-volume only","none","NONE"
"volume_nonzero","GBPUSD","PASS","INFO","ml-signal-service\data\raw\mt5\H1\GBPUSD_H1.csv","volume>0 for all rows (min 2, max 88929); tick-volume only","none","NONE"
"intraday_gaps","EURUSD","PASS","INFO","ml-signal-service\data\raw\mt5\H1\EURUSD_H1.csv","0 gaps in the 1-24h band","none","NONE"
"intraday_gaps","GBPUSD","PASS","INFO","ml-signal-service\data\raw\mt5\H1\GBPUSD_H1.csv","0 gaps in the 1-24h band","none","NONE"
"long_gap_classification","EURUSD","PASS_EXPECTED","INFO","ml-signal-service\data\raw\mt5\H1\EURUSD_H1.csv","410 gaps >=24h; ~49h dominant = weekend/holiday","none","NONE"
"long_gap_classification","GBPUSD","PASS_EXPECTED","INFO","ml-signal-service\data\raw\mt5\H1\GBPUSD_H1.csv","410 gaps >=24h; ~49h dominant = weekend/holiday","none","NONE"
"price_semantics","EURUSD;GBPUSD","UNRESOLVED","HIGH","ml-signal-service\data\raw\mt5\H1\","price type must be explicit: bid/ask/mid/last","declare broker rates price semantics","BLOCKS_G1_PASS"
"bid_ask_availability","EURUSD;GBPUSD","UNAVAILABLE","HIGH","ml-signal-service\data\raw\mt5\H1\","bid/ask or documented spread required for G2","obtain read-only MT5 bid/ask or documented spread","BLOCKS_G1_PASS"
"timezone_evidence","EURUSD;GBPUSD","UNRESOLVED","HIGH","ml-signal-service\data\raw\mt5\H1\","canonical timezone-aware UTC required","declare server timezone, UTC-offset history, DST, conversion","BLOCKS_G1_PASS"
"bar_completion_semantics","EURUSD;GBPUSD","UNAVAILABLE","MEDIUM","ml-signal-service\data\raw\mt5\H1\","completed bars only; no pre-boundary completion","declare completion semantics; exclude forming bar","PAUSE_CONTRIBUTOR"
"provenance_manifest","SOURCE","MISSING","HIGH","ml-signal-service\data\raw\","versioned manifest with source/extraction required","provide versioned provenance manifest","BLOCKS_G1_PASS"
"source_symbol_mapping","SOURCE","UNAVAILABLE","MEDIUM","ml-signal-service\data\raw\mt5\H1\","record symbol_as_received and canonical mapping","record symbol alias and mapping","PAUSE_CONTRIBUTOR"
"alignment_utc","EURUSD;GBPUSD","STRUCTURAL_ONLY","MEDIUM","ml-signal-service\data\raw\mt5\H1\","UTC conversion NOT_RUN; structural alignment only","exclude 5 unmatched GBPUSD bars; verify on canonical UTC","PAUSE_CONTRIBUTOR"
"raw_file_checksum","EURUSD","PASS","INFO","ml-signal-service\data\raw\mt5\H1\EURUSD_H1.csv","sha256 recorded: AFC3109108AE64E59800F99D4B87A11B58B26EDE5185DCBD3B132422E4F3DA5F","none","NONE"
"raw_file_checksum","GBPUSD","PASS","INFO","ml-signal-service\data\raw\mt5\H1\GBPUSD_H1.csv","sha256 recorded: 11D9D435C1DDBC4A797BDF236ED3F3F13765338D2AD21870268016F76FD24CB7","none","NONE"
"source_limitations","SOURCE","UNAVAILABLE","MEDIUM","ml-signal-service\data\raw\","no survivorship/data-revision notes found","document source limitations","PAUSE_CONTRIBUTOR"
"macro_scope","MACRO_CONTEXT_ONLY","CONTEXT_ONLY","INFO","ml-signal-service\data\raw\macro\","macro files are metadata/context only","none","NONE"
"macro_encoding_anomaly","MACRO_CONTEXT_ONLY","OBSERVED","LOW","ml-signal-service\data\raw\macro\","mojibake examples: a-circumflex + euro-quote sequences","note or re-encode on later use","NONE"
