ticker,asset_class,representation,denomination_currency,trading_currency,is_usd_denominated,yahoo_ticker,data_type
AUDUSD,fx,spot_fx,AUD,USD,False,AUDUSD=X,price
BUND,govt_bond,etf_price,EUR,EUR,False,IGLT.L,price
COPPER,commodity,futures_proxy,USD,USD,True,HG=F,price
EURJPY,fx,spot_fx,EUR,JPY,False,EURJPY=X,price
EURUSD,fx,spot_fx,EUR,USD,False,EURUSD=X,price
GBPUSD,fx,spot_fx,GBP,USD,False,GBPUSD=X,price
JGB,govt_bond,reit_etf_price,JPY,JPY,False,1343.T,price
NDX,equity_index,price_index,USD,USD,True,^NDX,price
NKY,equity_index,price_index,JPY,JPY,False,^N225,price
NZDUSD,fx,spot_fx,NZD,USD,False,NZDUSD=X,price
SPX,equity_index,price_index,USD,USD,True,^GSPC,price
SX5E,equity_index,price_index,EUR,EUR,False,^STOXX50E,price
US10Y,govt_bond,yield_proxy,USD,USD,True,^TNX,yield
USDCAD,fx,spot_fx,USD,CAD,True,USDCAD=X,price
USDCHF,fx,spot_fx,USD,CHF,True,USDCHF=X,price
USDJPY,fx,spot_fx,USD,JPY,True,USDJPY=X,price
WTI,commodity,futures_proxy,USD,USD,True,CL=F,price
XAUUSD,commodity,futures_proxy,USD,USD,True,GC=F,price
