file,rows,start,end,adj_eq_close,has_nan,tz_aware,adj_close_col,missing_close
1343.T_daily.parquet,2882,2015-01-05,2026-09-18,False,False,False,False,0
2644.T_daily.parquet,1222,2021-09-22,2026-09-18,False,True,False,False,1
^GSPC_daily.parquet,2947,2015-01-02,2026-09-22,False,True,False,False,1
^N225_daily.parquet,2863,2015-01-05,2026-09-18,False,False,False,False,0
^NDX_daily.parquet,2947,2015-01-02,2026-09-22,False,True,False,False,1
^STOXX50E_daily.parquet,2944,2015-01-05,2026-09-21,False,False,False,False,0
^TNX_daily.parquet,2945,2015-01-02,2026-09-21,False,False,False,False,0
AUDUSD=X_daily.parquet,3051,2015-01-01,2026-09-22,False,False,False,False,0
CL=F_daily.parquet,2947,2015-01-02,2026-09-22,False,False,False,False,0
EURJPY=X_daily.parquet,3052,2015-01-01,2026-09-22,False,False,False,False,0
EURUSD=X_daily.parquet,3051,2015-01-01,2026-09-22,False,False,False,False,0
GBPUSD=X_daily.parquet,3051,2015-01-01,2026-09-22,False,False,False,False,0
GC=F_daily.parquet,2947,2015-01-02,2026-09-22,False,False,False,False,0
HG=F_daily.parquet,2947,2015-01-02,2026-09-22,False,False,False,False,0
IGLT.L_daily.parquet,2961,2015-01-02,2026-09-22,False,True,False,False,1
NZDUSD=X_daily.parquet,3051,2015-01-01,2026-09-22,False,False,False,False,0
USDCAD=X_daily.parquet,3051,2015-01-01,2026-09-22,False,False,False,False,0
USDCHF=X_daily.parquet,3051,2015-01-01,2026-09-22,False,False,False,False,0
USDJPY=X_daily.parquet,3051,2015-01-01,2026-09-22,False,False,False,False,0
