,n_assets,annualized_return,annualized_volatility,sharpe_ratio,max_drawdown,cumulative_return
AUDUSD,17.0,0.026931298768659184,0.06325043703616211,0.5698859052294938,-0.16824841926488726,0.38026431188074916
BUND,17.0,0.0262395303013101,0.06463763212905822,0.5456707751097973,-0.17521910498019225,0.36903100875714445
COPPER,17.0,0.021513195248807238,0.05843312492063806,0.49586780826101995,-0.16313817999668204,0.2944986746884315
EURJPY,17.0,0.023870328332077806,0.06370308077976794,0.5062658895955918,-0.17495368902120073,0.33119119192479674
EURUSD,17.0,0.025272615620314465,0.06426696672215336,0.5296657606653767,-0.1749975150864087,0.3534702680536077
GBPUSD,17.0,0.025721767401330364,0.06382611811710136,0.5416667174842622,-0.17157475129624886,0.3606782561329267
JGB,17.0,0.026717523140561417,0.0617563252139096,0.5778333833441728,-0.15692547230851428,0.37678391353588725
NDX,17.0,0.020557723024722918,0.058155680774096774,0.47733164843794956,-0.1681513152863205,0.2798913805279777
NKY,17.0,0.023205274557148936,0.059083015337087125,0.5269470071477524,-0.16006997498148184,0.3207431184018832
NZDUSD,17.0,0.02676840509803813,0.06347297511340325,0.5649110245357131,-0.17002196539076206,0.37761157202440687
SPX,17.0,0.021813846344955312,0.0585870231077551,0.5011401520464789,-0.163060300800473,0.2991265802366698
SX5E,17.0,0.02196328615165366,0.058692875765872794,0.503532718922922,-0.15647890562365746,0.3014325424653861
US10Y,17.0,0.02854477737948735,0.06506344520295033,0.5867099541335011,-0.17816706314131225,0.4067942761454384
USDCAD,17.0,0.02376854939688977,0.06590425933920896,0.4895947596362892,-0.18078409749892566,0.32958733353636727
USDCHF,17.0,0.0267975442265711,0.0651088755545193,0.5528920493774229,-0.17579898825062634,0.37808576184358267
USDJPY,17.0,0.023970102717795427,0.06445773687566947,0.5030255132432326,-0.17581991637626682,0.33276518499978214
WTI,17.0,0.0172690352207574,0.05535949135802991,0.4238570675470721,-0.13463805632968862,0.23076215519652932
XAUUSD,17.0,0.021117632336353553,0.0621233356019585,0.4620268420554841,-0.17304927099726547,0.2884328397099214
