cf_id,logged_at_local,logged_at_server,symbol,side,order_type,volume,entry_price,stop_loss,tp1,sl_distance,rr_tp1,signal_bar_time_server,signal_close,signal_atr_m5,spread_at_signal,reject_reason,trigger_condition,horizon_bars,resolved_bar_time_server,outcome,bars_held,tp_touched,sl_touched,first_touch,mfe,mae,adverse_first,would_be_r_usd,notes
C001,2026-10-01 16:53:21,2026-10-01 23:30:00,XAUUSD,SELL,LIMIT,0.02,4179.5,4187.0,4163.3,7.50000,2.16,1790888400,4177.51000,2.7507,34.0,R_R_BELOW_2_TO_TP1,M15 rejection at 4179.83 after 4 failed attempts at 4180-4182,30,1790897400,TP_ONLY,30,1,0,TP,16.2,2.61,0,2.160,"Rejected 2026-10-01 23:41 server: TP1 4163.30 gave R:R 2.16 but TP2 was needed for 2:1, and price was mid-range. Structural case was valid, timing was not. BACKDATED for resolver validation: signal bar 23:30 server. BACKDATED for resolver validation (35 bars before newest)."
C002,2026-10-01 16:53:28,2026-10-02 00:53:28,USDJPY,BUY,LIMIT,0.05,158.03,158.092,157.9,0.06200,2.10,1790902200,158.05400,0.0455,4.1,NO_STRUCTURAL_TARGET,Lower highs 158.149-158.149-158.086 after break of 158.065 floor,30,1790911200,SL_FIRST,30,1,1,SL,0.075,0.252,1,-1.000,Rejected 2026-10-01 23:45 server: TP at day low 157.989 gave only 0.66:1. Target 157.900 had no structure - empty space. Spread was 76pct of ATR at the time.
C003,2026-10-01 16:53:29,2026-10-02 00:53:29,EURUSD,SELL,LIMIT,0.05,1.12425,1.1266,1.1218,0.00235,1.04,1790902200,1.12359,0.0003,6.8,SPREAD_UNOPERABLE,Rejection high 1.12411 retest after H4 breakdown,30,1790911200,EXPIRED,30,0,0,NONE,0.00067,0.00063,0,,Rejected 2026-10-01 00:30 server: geometry was valid (2.08:1) but spread was 3.9 pips = 128pct of ATR(M5). Book empty during rollover. Would have been a real trade with normal spreads.
C004,2026-10-01 19:27:59,2026-10-02 03:27:59,XAUUSD,SELL,LIMIT,0.02,4171.3,4178.0,4149.84,6.70000,3.20,1790911500,4166.37000,3.2064,28.0,NONE_TAKEN,"M15 03:00 close 4169.76 below 4171.63, body 12.12, vol 2283",30,1790920500,TP_ONLY,30,1,0,TP,37.58,-4.19,0,3.200,"TAKEN as T011. Logged as counterfactual so the same setup exists in both ledgers and can be compared against the rejected cohort. NOTE: signal predates the 04:00 displacement (M15 range 20.81, vol 2940) and the 27-point rebound. Outcome is measured against a path that no longer represents the regime."
C005,2026-10-01 19:30:36,2026-10-02 03:30:36,USDJPY,SELL,LIMIT,0.05,157.94,158.1,157.6,0.16000,2.13,1790911800,157.90600,0.0839,1.8,NO_STRUCTURAL_TARGET,"M15 03:00 low 157.778 swept, rebound to 158.003 above 158.065 invalidation",30,1790920800,SL_ONLY,30,0,1,SL,0.133,0.271,0,-1.000,"Rejected 2026-10-02 03:30 server: spread normalised to 17pct of ATR (first clean pass today) but TP 157.60 sits 13 pips below the session low 157.778 in empty space. Geometry looked like 2.13:1 but the target was invented, not structural. Same error class as C002. NOTE: signal predates the 04:00 displacement (M15 range 20.81, vol 2940) and the 27-point rebound. Outcome is measured against a path that no longer represents the regime."
C006,2026-10-01 19:47:45,2026-10-02 03:47:45,XAUUSD,SELL,LIMIT,0.02,4166.0,4171.5,4149.84,5.50000,2.94,1790912700,4159.67000,3.6329,23.0,LEVEL_ALREADY_TESTED,Retest of M15 03:15 high 4164.69 after three-bar breakdown on 2x volume,30,1790921700,TP_FIRST,30,1,1,TP,32.28,7.14,0,2.940,"Considered 2026-10-02 03:47 server: geometry valid (SL 5.50 = 1.47x ATR 3.73, TP 4149.84 = 2.94:1) but 4166 has not traded since the 03:00 displacement and the level is 6 points above current price. Waiting for an actual retest rather than placing a limit in untouched space. T011 cancelled same cycle for the inverse reason. NOTE: signal predates the 04:00 displacement (M15 range 20.81, vol 2940) and the 27-point rebound. Outcome is measured against a path that no longer represents the regime."
C007,2026-10-01 20:15:47,2026-10-02 04:15:47,USDJPY,SELL,LIMIT,0.03,158.15,158.3,157.78,0.15000,2.47,1790914500,158.14500,0.0911,1.6,LEVEL_ALREADY_TESTED,LH sequence 158.149-158.149-158.086 broken upward; price at session high 158.173 rejecting,30,1790923500,EXPIRED,30,0,0,NONE,0.343,0.061,0,,"Considered 2026-10-02 04:15 server: geometry valid (SL 15 pips = 1.54x ATR 9.72, TP 157.78 session low = 2.47:1) and spread only 17pct of ATR. Rejected because 158.150 was tested three times already today (02:15-03:00) without producing a reversal - placing a limit on a level the market has already walked through three times is a lower-probability setup than a fresh untested level. Fourth USDJPY consideration this session, all rejected on the same structural grounds."
C008,2026-10-01 20:31:27,2026-10-02 04:31:27,USDJPY,SELL,LIMIT,0.03,158.15,158.3,157.78,0.15000,2.47,1790915400,158.15200,0.0803,1.3,LEVEL_ALREADY_TESTED,Range 157.77-158.17 persists 4h; price oscillating at 158.143 with 17pct spread,30,,PENDING,,,,,,,,,"Considered 2026-10-02 04:30 server: fifth USDJPY consideration this session, identical geometry to C007 (SL 15 pips = 1.83x ATR 8.20, TP 157.78 = 2.37:1, spread 17pct passes all 4 pre-checks). Rejected again on LEVEL_ALREADY_TESTED. The 40-pip range has produced no actionable level in 4 hours; 158.150 has been crossed at least four times without rejection. Consistent rejection is itself the finding: this pair offers no structure in the current regime."
C009,2026-10-01 21:05:06,2026-10-02 05:05:06,EURUSD,SELL,LIMIT,0.03,1.1241,1.126,1.1216,0.00190,1.32,1790917500,1.12407,0.0002,1.3,LEVEL_ALREADY_TESTED,Rejection high 1.12411 retest after M15 03:00 close 1.12408 below invalidation,30,,PENDING,,,,,,,,,"Considered 2026-10-02 05:05 server: spread finally at 49pct of ATR (first acceptable reading in 5 cycles, ATR recovered to 2.47 pips from 1.89). Geometry valid: SL 19 pips = 1.55x ATR, TP 1.12160 = 1.32:1 INSUFFICIENT; TP 1.12080 would give 1.74:1 still short of 2.0. Rejected - R:R cannot clear 2.0 with structural SL from the 1.12411 level. Not logged as a structural failure: the blocker is arithmetic, not level freshness."
C010,2026-10-01 22:15:52,2026-10-02 06:15:52,XAUUSD,SELL,LIMIT,0.02,4171.63,4177.0,4162.3,5.37000,1.74,1790921700,4171.16000,4.9329,28.0,R_R_BELOW_2_TO_TP1,Retest of 4171.63 after M15 06:00 close 4171.70 reclaimed breakdown level,30,,PENDING,,,,,,,,,"BLOCKED BY EXECUTOR min_rr guardrail (1.74:1 to TP1). Geometry conflict documented: the only structural SL that satisfies SL >= 1.0x ATR(M5) is 4177.00, and at 5.37 distance a 2:1 target lands at 4160.05 which is NOT a structure - it is an interpolated midpoint. A tighter SL at 4174.91 (the pin-bar high) is 4.12 = 0.84x ATR, below the ATR floor. So no variant satisfies both SL >= 1.0x ATR AND R:R >= 2.0 to a structural TP. Logged to measure whether 1.74:1 on this pattern is profitable over N - C001/C004/C006 averaged +2.77R at 1.57-4.05 R:R, so the question is whether the R:R floor is set too high for this specific pattern."
C011,2026-10-01 22:30:32,2026-10-02 06:30:32,XAUUSD,SELL,LIMIT,0.02,4173.5,4181.52,4165.18,8.02000,1.04,1790922600,4172.54000,4.4043,23.0,R_R_BELOW_2_TO_TP1,Retest of 4175.65 pin-bar high after M15 06:15 touch 4175.65 close 4172.89,30,,PENDING,,,,,,,,,"TP1 1.04:1 badly below threshold. TP2 (4155.60) 2.23:1. SL 4181.52 (LH H1) = 8.02 = 1.82x clean ATR(M5) 4.40. PATTERN NOTE: third instance today of an XAUUSD rejection/breakdown SELL whose TP1 cannot reach 2.0 but whose TP2 does. C001 +2.16 (RR 2.16), C004 +3.20 (RR 3.20), C006 +2.94 (RR 2.94) - all three resolved TP-first. Hypothesis under test at N=3: in this regime the 2.0 R:R floor applied to TP1 rejects setups that are profitable to TP2. This entry was NOT taken because the floor is the floor until N>=30 shows otherwise."
