log_id,logged_at_local,logged_at_server,symbol,setup_id,side,order_type,signal_level,volume,entry_price,stop_loss,tp1,tp2,sl_distance,expected_rr_tp1,expected_rr_tp2,atr_h1_at_signal,atr_m5_at_signal,session,htf_bias,trigger_condition,risk_usd,risk_pct_equity,swap_rate_estimate,threshold_override,status,fill_time_local,fill_price,be_time_local,be_price,exit_time_local,exit_price,exit_reason,pnl_usd,r_multiple,be_trigger_price,mfe_usd,mae_usd,notes
T001,2026-10-01 10:10:06,2026-10-01 18:10:06,XAUUSD,FRIVAL_C_20261001_4152,SELL,STOP,4152.00,0.01,4152.00,4160.00,4144.00,4139.50,8.00,1.00,1.56,17.05,6.70,LONDON_NY_OVERLAP,BEARISH_H4_DISTRIBUTION,M15 close below 4151.46 + marubozu 96pct body,8.00,1.33,short +39.45 per lot per night,YES,NOT_EXECUTED,,,,,,,,,4148.00,,,Break of H1 floor 4151.46 after sweep. Asia low 4139.23 as TP2. M15 18:00 marubozu body 9.82 of 10.26 range. Below 2:1 - operator override accepted.,"Break of H1 floor 4151.46 after sweep. Asia low 4139.23 as TP2. M15 18:00 marubozu body 9.82 of 10.26 range. Below 2:1 - operator override accepted. NOT EXECUTED: entry 4152.00 was set at the forming M5 low; price wicked to 4149.84 in the next M5, 2.16 below the signal, and returned to 4156.77 without triggering a useful fill. ERROR CLASS: level placement on an unclosed candle. LESSON: SELL STOP must sit ABOVE the justifying low, not at it."
T002,2026-10-01 09:31:00,2026-10-01 17:31:00,XAUUSD,FRIVAL_A_20261001_4172,SELL,LIMIT,4172.25,0.02,4172.25,4221.00,4158.00,4147.44,48.75,0.29,0.51,,,LONDON_NY_OVERLAP,BEARISH_H4_DISTRIBUTION,M30 bearish FVG 4195.66-4206.15 midpoint,97.50,16.25,short +39.45 per lot per night,YES,WITHDRAWN,,,,,,,,,4206.20,,,Withdrawn 6 min after signal. M5 showed bullish sweep-and-reverse from 4151.46 (2.79x ATR M5 rally with rising volume) - the FVG was being entered by impulse not by mitigation. Signal executed from H1 structure only; M5 cascade incomplete. LESSON: never emit within $5 of price without same-instant M5 read.,
T003,2026-10-01 09:53:00,2026-10-01 18:53:00,EURUSD,FRIVAL_EURUSD_20261001_1240,SELL,LIMIT,1.12400,0.03,1.12400,1.12550,1.12100,1.11900,15.0,1.87,2.29,21.2,9.7,LONDON_NY_OVERLAP,BEARISH_H1_BREAKDOWN,Retest of M15 rejection high 1.12411 after M15 marubozu 23.9 pips,4.50,0.75,short +2.83 per lot per night,YES,WITHDRAWN,,,,,,,,,,1.12250,,,"WITHDRAWN 8 min after signal. H1 18:00 expanded to 49.1 pip range / 33.7 pip body on volume 6557, breaking 1.12614; D1 ran to -91.9 pips with 118.9 pip range (largest bearish D1 of the sample). Limit 1.12400 became obsolete: SL 1.12550 sits INSIDE the body of the breakdown candle. ERROR CLASS: no TTL on invalidation levels - a limit order does not self-cancel when structure breaks through it. LESSON: any LIMIT must carry an explicit invalidation condition (structure close beyond SL, or n bars elapsed) and be re-validated before it can be filled."
T004,2026-10-01 10:53:58,2026-10-01 18:53:58,EURUSD,FRIVAL_EURUSD_20261001_12410,SELL,LIMIT,1.12410,0.20,1.12410,1.12620,1.12300,1.12180,0.0021,2.43,2.43,21.9,9.5,LONDON_NY_OVERLAP,BEARISH_H1_BREAKDOWN,"Retest of M15 rejection high 1.12411 after H4 breakdown (79.2 pip range, volume 17100)",42.00,7.00,short +2.83 per lot per night,YES,CLOSED,2026-10-01 14:24:17,1.12410,,,2026-10-01 14:42:21,1.12246,MANUAL_CLOSE at first support,32.80,0.78,1.12155,32.80,0.00,"VERIFIED against broker deal history: entry deal 238507906 SELL IN 0.20 @ 1.12410 (14:24:17 local); exit deal 238509027 BUY OUT 0.20 @ 1.12246 (14:42:21 local); duration 18m04s; swap 0.00. Realised 16.4 pips = 0.78R of the 1:2.43 planned = 32.2pct of TP captured. Operator executed 0.20 lots vs 0.03 proposed: risk 42.00 = 7.00pct of equity, 2.8x the 2.5pct limit. Direction and structure correct (H4 distribution, sell the rejection high). LESSON: closing at the first support halves realised R. Break-even win rate at realised 0.78R is 56pct vs 29pct at the planned 2.43R. Order comment field was EMPTY so the reconciler could not auto-match; manual broker verification was required. LOG INTEGRITY: this row was missing from trade_log.csv for three reporting cycles - the row was announced but never written. That is the second logging failure today."
T005,2026-10-01 09:01:11,2026-10-01 20:01:11,XAUUSD,FRIVAL_T005_20261001,SELL,LIMIT,4161.00,0.02,4161.00,4168.50,4155.00,4139.50,7.50,0.80,2.87,17.26,4.65,LONDON_NY_OVERLAP,BEARISH_H4_BULL_TRAP,"M5 broke 4160.26 channel floor (low 4159.71), LH M30 sequence intact",15.00,2.50,short +39.45 per lot per night,YES,NOT_EXECUTED,,,,,,,,,,4164.75,,,"NOT EXECUTED: LIMIT 4161.00 was 1.29 below the 19:55 M5 close (4162.51); price never returned. TRIGGER ERROR: log stated trigger as M5 break of 4160.26, but the monitor spec required an M15 CLOSE below 4160.26. The M15 19:45 closed at 4162.51, above the level. I acted on an M5 wick (4159.71) instead of the specified M15 close. Price rebounded 13.4 pts in 3 bars on rising volume (871->1015->1000) to 4173.10. ERROR CLASS: executed against the wrong timeframe of the trigger. LESSON: if the trigger names an M15 close, do not act on M5 wicks. Same class as T002."
T006,2026-10-01 09:45:50,2026-10-01 20:45:50,XAUUSD,FRIVAL_T006_20261001,SELL,LIMIT,4176.50,0.02,4176.50,4184.00,4168.00,4160.26,7.50,1.13,2.17,18.93,4.96,LONDON_NY_OVERLAP,BEARISH_H4_SECOND_BULL_TRAP,Bull trap 2: M5 swept 4181.52 to 4186.22 then closed 4175.31 (-10.91) on volume 1313. LH M30 sequence intact. Rejection high 4176.59-4177.00,15.00,2.50,short +39.45 per lot per night,YES,NOT_EXECUTED,,,,,,,,,,4180.25,,,"TP1 1.25:1 INSUFFICIENT. TP2 (channel floor, 4 tests) 2.38:1. TP3 (Asia low) 5.48:1. SL 4184.00 sits below spike high 4186.22 = 1.36x ATR(M5). Risk 15.00 = 2.37pct. NOTE: entry is only 0.39 from market price at signal time (0.07x ATR) - fill quality may differ. NOT EXECUTED: no order was placed. Broker deal history confirms zero XAUUSD deals. Price moved 4176.89 -> 4169.37 (passed through entry 4176.50 and TP1 4168.00) without a position. Signal was structurally sound (2.38:1 to TP2, SL 4184.00 = 1.36x ATR, risk 2.37pct) and the forecast was correct. Bottleneck was execution, not analysis."
T007,2026-10-01 10:16:00,2026-10-01 21:16:00,USDJPY,FRIVAL_T007_20261001,BUY,LIMIT,158.050,0.80,158.050,157.830,158.700,,0.22,2.95,,32.60,9.90,LONDON_NY_OVERLAP,BULLISH_CHOCH_AFTER_6_BEARISH_H1,Bullish CHoCH: H1 broke 158.065 with M15 20:45 marubozu 34.5cm vol 1493. Retest of broken level,111.22,17.58,long +9.37 per lot per night,NO,NOT_EXECUTED,,,,,,,,,,157.94,,,"OPERATOR-SIZED: agent proposed 0.03 lots (risk 4.19); operator placed 0.80 lots (26x). Risk 111.76 = 17.66pct of 632.80 equity. Operator states 0.8 was a one-off, not new standard. TP 158.700 only. Margin 252 USD = 40pct of equity at 1:500. Order placed 21:07:26 server by operator. CORRECTED: log_trade.py had XAUUSD hardcoded for risk and ATR. USDJPY true multiplier is 631.92 USD per 1.00 move per lot (tick_value 0.6319 / tick_size 0.001). True risk 111.22 USD = 17.58pct of equity, NOT the 17.60 originally logged. R:R 2.95 is correct (ratio is unit-independent). ATR values replaced with USDJPY readings. BUG FIXED in log_trade.py: _money_per_price_unit_per_lot() added, _atr() now takes symbol. NOT EXECUTED: order cancelled by operator before fill. Broker deal history confirms ZERO USDJPY deals - only the two EURUSD deals exist. Price came within 1.5 pips of entry (touched 158.065 at 18:23 local, entry was 158.050) then bounced to 158.218. ERROR CLASS: BUY LIMIT placed 1.5 pips BELOW the support level it was meant to catch. A retest BUY must sit AT or ABOVE the broken level (158.075-158.085), not below it. LESSON: for a retest entry, place the limit on the correct side of the level. Signal direction was correct - the M15 marubozu at 20:45 preceded a further 15 pip advance to 158.251."
T008,2026-10-01 10:36:51,2026-10-01 21:36:51,USDJPY,FRIVAL_T008_20261001,BUY,LIMIT,158.080,0.10,158.080,157.830,158.950,158.700,0.25,3.48,3.48,0.33,0.10,LONDON_NY_OVERLAP,BULLISH_CHOCH_RETEST,Retest of breakout floor 158.065 after M30 21:00 marubozu (body 16.0cm = 83pct of range). Entry placed 1.5cm ABOVE the level per Section 12.2,15.80,2.50,long +9.37 per lot per night,YES,PENDING_FILL,,,,,,,,,,158.515,,,"OPERATOR-ADJUSTED: agent proposed vol 0.05 (risk 7.90 = 1.25pct) and TP 158.700 (R:R 2.48). Operator placed vol 0.10 (2x) with TP 158.950 (extended target, R:R 3.48). Final risk 15.80 = 2.50pct of 632.80 equity - MODERADO tier. Order confirmed live in MT5 at 21:40:59 server: USDJPY LIMIT 0.10 @ 158.080, SL 157.830, TP 158.950. ENTRY PLACEMENT CORRECT per Section 12.2: 158.080 is 1.5 pips ABOVE the 158.065 breakout floor (T007 failed by placing it 1.5 pips BELOW). Vencimiento 60 min from 21:41 server = 22:41 server. COMENTARIO FIELD EMPTY - operator did not set it, manual reconciliation required. Swap long +0.94 per night at 0.10 lots."
T009,2026-10-01 11:02:30,2026-10-01 22:02:30,USDJPY,FRIVAL_T009_20261001,BUY,LIMIT,158.080,0.17,158.080,157.830,158.950,,0.25,3.48,,0.32,0.09,LONDON_NY_OVERLAP,BULLISH_CHOCH_RETEST_2,Consolidation on breakout floor 158.065 after M15 20:45 marubozu 34.5cm vol 1493. M15 lows descending 158.114-158.099-158.078-158.071 holding above floor,26.86,4.26,long +9.37 per lot per night = +0.94 at 0.10 lots,NO,CLOSED,2026-10-01 14:04:14,158.080,,,2026-10-01 17:31:10,158.005,MANUAL_CLOSE - thesis invalidated (M15 22:00 closed 158.050 below the 158.065 breakout floor),-8.07,-0.30,157.96,,-8.07,"R:R 3.48:1 to TP1 - CLEARS 2:1 at the FIRST target, unlike T008 (which used TP 158.950 as TP1 for 3.48). SL 157.830 = 25 pips = 2.93x ATR(M5) 8.53. Risk 15.80 = 2.50pct MODERADO. Swap POSITIVE. Entry 158.080 is 1.5 pips ABOVE the 158.065 floor per Section 12.2 - corrects T007. Vencimiento 120 min. Invalidacion: M15 close below 158.050. Operator had 3 pending orders totalling 102.55 risk (16.21pct) at 14:00 and cancelled all three; this is a single-position re-entry after that cleanup. OPERATOR-ADJUSTED AT ENTRY: volume 0.10 -> 0.17 (70pct increase). Final risk 26.86 = 4.26pct of equity (agent proposed 15.81 = 2.50pct). R:R unchanged at 3.48:1 (geometry is size-independent). FILLED 2026-10-01 14:04:14 local / 22:04:14 server. Margin 34.00 = 5.4pct of equity; margin_level 1854.9pct - no stop-out risk. Comment field EMPTY (operator did not set it) - manual reconciliation required. BE trigger 158.515 is 45.5 pips above fill, 52pct of the way to TP. MARKED OPERATOR_MANUAL: placed by hand at 0.17 lots (agent proposed 0.10).  CLOSED by operator at 158.005 after 27 min. Broker deal 238516493 SELL OUT 0.17 @ 158.005, profit -8.07, swap 0. Exit was thesis-driven: the M15 22:00 closed at 158.050, BELOW the 158.065 breakout floor that justified the BUY. Four consecutive bearish M15 with no reclaim. MAX LOSS AVOIDED: SL 157.830 would have cost 26.86; operator exit cost 8.07 = 30pct of max risk. R realised -0.30 of 1.0 risked. Operator then AUTHORISED autonomous close-on-invalidation (2026-10-01)."
T010,2026-10-01 12:20:25,2026-10-01 23:20:25,XAUUSD,FRIVAL_T010_20261001,BUY,MARKET,4178.19,0.01,4178.19,4172.00,4191.00,,6.19,2.07,,18.58,2.50,LONDON_NY_OVERLAP,TEST_ONLY,"EXECUTOR CAPABILITY TEST - not a thesis trade. Minimal lot, mechanical SL/TP to satisfy guardrails, closed immediately after fill to verify the place and close paths end to end",6.19,1.03,n/a closed immediately,YES,OPEN,,,,,,,,,,4175.09,,,CAPABILITY TEST authorised by operator 2026-10-01. Purpose: verify order_executor.py place -> position exists -> close -> audit trail. Geometry is synthetic and chosen only to pass guardrails (SL 6.19 = 2.36x ATR(M5) 2.62; FIRST ATTEMPT WAS CORRECTLY BLOCKED by the min_rr guardrail at R:R 1.91; TP moved 4190.00 -> 4191.00 to reach 2.07 without --force. The gate worked as designed on the agent itself). Realised PnL is execution cost only. NOT evidence of edge.
T011,2026-10-01 16:26:54,2026-10-02 03:26:54,XAUUSD,FRIVAL_T011_20261002,SELL,LIMIT,4171.30,0.02,4171.30,4178.00,4149.84,,6.70,3.20,,16.85,3.20,ASIA,BEARISH_BREAKDOWN_M15_DISPLACEMENT,M15 03:00 close 4169.76 below 4171.63 with body 12.12 and volume 2283 (2x avg). Range floor broken with displacement,13.40,2.23,short +39.45 per lot per night,NO,CANCELLED_UNFILLED,,,,,,,,,,4160.57,,,"TP1 1.57:1 INSUFFICIENT. TP2 (day low 4149.84) 4.05:1 is the operative target. SL 4178.00 above M15 02:45 low 4177.86 = 2.10x clean ATR(M5) 3.19. Risk 13.40 = 2.15pct MODERADO. Vencimiento 120 min (M15 trigger). Invalidacion: M15 close above 4177.90. RESTRUCTURED after guardrail block: original TP1 4163.00 gave R:R 1.24 (I initially mis-stated it as 1.57). The only structure below entry is the day low 4149.84, so this is a SINGLE-TARGET trade, not a two-part one. Set TP1=4149.84 = 3.20:1, TP2 empty, no partial. The guardrail correctly rejected an invented partial level that had no structural anchor. CANCELLED 2026-10-02 03:47 server, unfilled. Price fell 4164.21 -> 4159.12 while the limit sat 7-12 points BELOW market. A SELL LIMIT 12 points above price is no longer a retest of 4171.30 - reaching it would require a full reversal that invalidates the breakdown thesis the order was built on. Breakdown itself worked: M15 03:00/03:15/03:30 closed 4169.76/4164.69/4159.36 on volume 2283/2307/2236 (2x baseline), price tagged 4159.09 = the session floor. Counterfactual C004 measures whether the geometry would have paid regardless of fill."
T012,2026-10-01 19:15:35,2026-10-02 06:15:35,XAUUSD,FRIVAL_T012_20261002,SELL,LIMIT,4171.63,0.02,4171.63,4177.00,4162.30,4155.60,5.37,1.74,2.99,16.74,4.70,ASIA,BEARISH_RETEST_BREAKDOWN_RECLAIM,Retest of 4171.63 after M15 06:00 close 4171.70 reclaimed the breakdown level. Third instance of this pattern today,10.74,1.79,short +39.45 per lot per night,YES,PENDING_FILL,,,,,,,,,,4174.32,,,"TP1 1.74:1 INSUFFICIENT. TP2 (M15 low 05:30) 2.99:1 is the operative target. SL 4177.00 = 5.37 = 1.09x clean ATR(M5) 4.93. Risk 10.74 = 1.72pct CONSERVADOR. Vencimiento 60 min (M15 trigger). Invalidacion: M15 close above 4174.91 (the pin-bar high that started the two bull traps). Pattern basis: C001 +2.16, C004 +3.20, C006 +2.94 all instances of breakdown/rejection SELL in this session."
T013,2026-10-02 05:04:15,2026-10-02 16:04:15,EURUSD,FRIVAL_T013_20261002,SELL,LIMIT,1.12580,0.03,1.12580,1.12700,1.12200,,0.00,3.17,,0.00,0.00,NY,BEARISH_REJECTION_SESSION_HIGH,"Rejection at 1.12633 session high after M15 15:45 close 1.12600 on volume 1875. Level is day high, ATR(M5) clean 9.18 pips, spread 12pct of ATR",3.60,0.60,short +2.83 per lot per night = +0.08 at 0.03,NO,CLOSED,2026-10-01 11:04:44,1.12579,,,2026-10-01 11:57:42,1.12705,STOP_LOSS 1.12700 (broker executed),-3.78,-1.00,1.13,3.54,-3.78,"POST-GAP REGIME. SL 12 pips = 1.31x clean ATR(M5) 9.18. TP 38 pips = 3.17:1. Risk 3.60 USD = 0.57pct of 623.23 equity. Levels: session high 1.12633 (M15 15:45), iron floor 1.12158, invalidation 1.12596 broken below then re-tested. First setup in 36h passing all four geometry gates under the revised 1.9 R:R floor. Circuit breaker: 0/3 consecutive losses, daily limit 10pct. CLOSED by broker stop-loss. Broker deals: IN 238563356 SELL IN 0.03 @ 1.12579 cmt FRIVAL_T013 (11:04:44 local); OUT 238569709 BUY OUT 0.03 @ 1.12705 cmt [sl 1.12700] (11:57:42 local). Duration 53 min. Realised -12.6 pips = -3.78 USD = -1.00R. MFE +3.54 (11.8 pips) before reversal. MAE -3.78 = full stop. SETUP FAILED: the rejection thesis on 1.12633 did not hold - price broke through and continued to 1.12705. A 67-pip buffer above the session high did not protect against a post-breakout continuation; the next real resistance above 1.12633 was only 7 pips away. FIRST AUTONOMOUS TRADE. RECONCILIATION GAP: the broker overwrites the exit deal comment with [sl X] or [tp X], so reconcile_deals.py cannot match it by FRIVAL prefix alone."
T014,2026-10-02 06:31:31,2026-10-02 17:31:31,XAUUSD,FRIVAL_T014_20261002,SELL,MARKET,4170.30,0.01,4170.30,4181.00,4149.84,,10.70,1.91,,21.10,10.11,LONDON_NY_OVERLAP,BEARISH_POST_TRAP_BREAKDOWN,Breakdown of 4166.11 bear-trap low after H1 17:00 ranged 27.72 (4169.08-4196.80). Price at session-low extreme,10.70,1.73,short +39.45 per lot per night,NO,OPEN,,,,,,,,,,4160.07,,,"MARKET entry - price at the breakdown level, no retest available. SL 4181.00 sits above 4179.59 (M15 17:00 low), which flipped from support to resistance on the breakdown - structural, not a pip count. SL 10.70 = 1.03x clean ATR(M5) 10.36, at the floor of the ATR band. TP 4149.84 = session low = 1.91:1, clears the 1.9 gate. Risk 10.70 = 1.73pct. First attempt was blocked by min_rr: I had logged SL 4186.80 with TP 4149.84 and mis-subtracted (20.46 move / 16.50 risk = 1.24, not 2.02). Recomputed across the SL/TP grid and selected the variant that is both structurally anchored and above 1.9. Bear trap at 4166.11 failed - price broke it."
T015,2026-10-02 07:01:58,2026-10-02 18:01:58,XAUUSD,FRIVAL_T015_20261002,BUY,LIMIT,4153.50,0.01,4153.50,4142.00,4176.61,,11.50,2.01,,21.18,9.31,LONDON_NY_OVERLAP,BULLISH_DOUBLE_BOTTOM_SESSION_LOW,"Double test of session low 4149.84 (15:45 and 17:45), M15 17:45 body -16.90 on range 21.15 exhausts the down move",11.50,1.92,long -63.88 per lot per night = -0.64 at 0.01,NO,CLOSED,,,,,2026-10-01 13:15:41,4140.81,STOP_LOSS 4142.00 (broker executed with 1.19pt slippage),-12.78,-1.11,4165.06,0.00,-12.78,"TP1 4176.61 (M15 high 17:45, the high of the exhaustion candle) = 2.01:1, clears the 1.9 gate at the FIRST target. SL 4142.00 = 11.50 = 1.27x clean ATR(M5) 9.08, anchored below the 4139.23 Asia low with 2.77 buffer. Risk 11.50 = 1.87pct of 615.27 equity. Direction: BUY = USD-weak, opposite of the two previous SELL positions that both died in the same reversal. Swap long is unfavorable (-0.64/noche) so this is intended as an intraday trade, not overnight. Second attempt blocked by min_rr: I had logged TP1 4169.08 claiming 2.28:1; the real value is 1.35 because 4169.08-4153.50 = 15.58 and 15.58/11.50 = 1.35, not 2.28. Ran the full SL/TP grid before re-emitting. Third arithmetic slip on R:R today; the grid is the reliable path. CLOSED by broker SL. Deals: IN 238575928 BUY IN 0.01 @ 4153.59 cmt FRIVAL_T015 (13:05:10 local); OUT 238576859 SELL OUT 0.01 @ 4140.81 cmt [sl 4142.00] (13:15:41 local). Duration 10 min. Realised -12.78 USD vs planned -11.60 = 10pct slippage past the stop. THESIS FAILED: the double test of 4149.84 broke down rather than held; price went to 4139.19 and broke the Asia low 4139.23 as well."
T016,2026-10-02 07:21:09,2026-10-02 18:21:09,EURUSD,FRIVAL_T016_20261002,SELL,MARKET,1.12650,0.03,1.12650,1.12860,1.12172,,0.00,2.28,,0.00,0.00,LONDON_NY_OVERLAP,BEARISH_DOUBLE_TOP_BREAKDOWN,Double rejection at 1.12846/1.12849 then M15 18:00 breakdown from 1.12785 to 1.12641 on range 14.4,6.30,1.05,short +2.83 per lot per night = +0.08 at 0.03,NO,CLOSED,,,,,2026-10-02 12:26:54,1.12537,MANUAL_CLOSE by operator,2.52,0.35,1.13,3.06,-0.36,"TP1 1.12172 (iron floor tested 4x earlier this session) = 2.28:1, clears 1.9 at the FIRST target. SL 1.12860 = 21.0 pips = 3.20x clean ATR(M5) 6.56, anchored above the 1.12849 double-top high. Risk 6.30 = 1.05pct of 602.49 equity. HEDGE: SELL = USD-strong, opposite of the XAUUSD BUY (T015) that just stopped out. Grid computed before emitting: SL 1.12860/TP 1.12172 = 2.49:1 on entry 1.12663; current 1.12650 improves it to 2.28:1. CLOSED BY OPERATOR at 1.12537 for +2.52 (broker deal 238583253 BUY OUT 0.03, local 12:26:54). Realised +0.35R of the 2.28:1 planned. MFE was +3.06 before the operator exited. Manual exit: operator judged the setup was not going to reach the 1.12172 TP (19 pips away) within the session. Closed at +0.35R rather than hold for the full target. OPERATOR FEEDBACK after this trade: sizing too conservative - gains of 2-3 USD vs losses of 5-7 USD. Requested higher risk per trade."
T017,2026-10-02 07:26:06,2026-10-02 18:26:06,USDJPY,FRIVAL_T017_20261002,SELL,MARKET,157.754,0.01,157.754,157.850,157.567,,0.096,1.95,,0.29,0.09,LONDON_NY_OVERLAP,BEARISH_SESSION_HIGH_REJECTION,Ascending highs into session high 157.796 (H1 18:00). H1 17:00 recovered from 157.406 and made 157.751/157.796 - three tests of the 157.75-157.80 zone without breaking,0.61,0.10,short -14.84 per lot per night = -0.74 at 0.05,YES,CLOSED,,,,,,157.85,STOP_LOSS 157.850 (broker),-0.61,-1.00,157.66,-0.10,-0.61,"TP1 157.567 (H1 11:00 low) = 1.95:1, clears the 1.9 gate at the FIRST target. SL 157.850 = 9.6 pips = 1.04x clean ATR(M5) 9.21, sitting 5.4 pips above the session high 157.796 - if that high breaks, the thesis is dead. Grid computed before emitting: SL 157.850/TP 157.567 = 1.95; SL 157.900 only reached 1.28 to the same TP. Volume 0.05 sized to the 3pct budget: risk 3.03 USD = 0.50pct of 602.01 equity. CORRELATION 2/2: both open positions are now USD-strong (T016 EURUSD SELL + T017 USDJPY SELL). This is concentrated directional exposure, permitted by the guardrail but noted explicitly. Swap short is unfavorable (-0.74/noche) so intraday intent only. RESIZED 0.05 -> 0.02 lots: the 500pct margin floor blocked 0.05 (788,770 notional, 1,578 margin, 38pct margin level on a 603 account). Operator lowered MIN_MARGIN_LEVEL to 100pct. At 0.02 lots: 315,508 notional, 631 margin, 95pct margin level, risk 1.22 = 0.20pct. USDJPY notional per lot (157,754) is structurally too large for a 603 account — positions here are statistical, not economic. Geometry is unchanged: SL 157.850 above session high 157.796, TP 157.567. sl_distance column holds PRICE UNITS (0.096), matching log_trade.py convention; the 9.6 pips figure lives in the notes. Final size 0.015 lots: margin 473 USD, margin level 126pct, clears the 100pct floor. Risk 0.91 = 0.15pct of equity. FINAL SIZE 0.01 lots (step is 0.01, 0.015 was rejected retcode 10014): notional 157,754, margin 316, margin level 187pct clears the 100pct floor. Risk 0.61 = 0.10pct. CLOSED by broker SL. Thesis FAILED same as T013: SELL at session high 157.796 with SL only 5.4 pips above; price broke the high and continued to 157.850. 4th trade lost to the same mechanic: selling a session high with a tight stop gets run over before the TP is reached."
T018,2026-10-02 11:03:45,2026-10-02 22:03:45,XAUUSD,FRIVAL_T018_20261002,SELL,LIMIT,4143.50,0.06,4143.50,4147.54,4132.20,4130.01,4.04,2.80,3.34,22.25,3.43,LONDON_NY_OVERLAP,BEARISH_RANGE_RETEST_AFTER_BREAKOUT,"M15 21:45 closed 4146.29 above 4143.17, breaking the 4130-4143 range after 2h of compression below 0.35x ATR",24.24,4.04,short +39.45 per lot per night = +2.37 at 0.06 lots,NO,CANCELLED_UNFILLED,,,,,,,,,,4145.52,,,"TP1 4132.20 (M15 20:30 low) = 2.80:1, CLEARS 1.9 at the FIRST target. TP2 4130.01 (M15 20:15 low) = 3.34:1. SL 4147.54 = 4.04 points = 1.17x clean ATR(M5) 3.45, anchored above the M15 22:00 high, NOT hugging the broken level - satisfies the 20-point edge-spacing rule adopted after T013/T015/T017. Volume 0.06 sized to the 5pct cap: risk 27.00 = 4.47pct of 604.29 equity, margin only 0.012 (1:500 leverage). Swap short positive. Vencimiento 60 min. Invalidacion: M15 cierra sobre 4147.54. BROKER CANCELLED ticket 254493662 retcode 10009 — removal confirmed by the terminal, not assumed from the log."
